asset_id,user_id,hostname,device_type,device_model,manufacturer,os_version,department,location,status,last_check_date,bitlocker_encryption,antivirus_status,proxy_agent,disk_encryption_software,dlp_status,windows_patching,av_thin_client,network_status,overall_compliance,primary_issue,compliance_check_frequency,device_health,is_action_required
AST-1001,USR-501,LAP-1001,Laptop,Dell Latitude 5440,Dell,Windows 11,IT,Delhi,Active,2026-03-01,Enabled,Up-to-Date,Compliant,Compliant,Compliant,Compliant,N/A,Connected,Compliant,No Issue,Daily,Healthy,No
AST-1002,USR-502,LAP-1002,Laptop,HP EliteBook 840 G10,HP,Windows 10,Finance,Noida,Active,2026-03-02,Disabled,Outdated,Non-Compliant,Disabled,Non-Compliant,Outdated,Installed,Connected,Non-Compliant,Multiple Compliance Failures,Daily,Critical,Yes
AST-1003,USR-503,LAP-1003,Laptop,Lenovo ThinkPad T14 Gen 4,Lenovo,Windows 11,Support,Gurugram,Decommissioned,2025-11-15,Enabled,Up-to-Date,Compliant,Compliant,Compliant,Compliant,Installed,Disconnected,Non-Compliant,Asset Not Active,Weekly,Warning,No
AST-1004,USR-504,LAP-1004,Laptop,Dell Latitude 5450,Dell,Windows 10,HR,Bengaluru,Active,2026-03-02,Disabled,Outdated,Non-Compliant,Disabled,Non-Compliant,Outdated,Installed,Connected,Non-Compliant,Multiple Compliance Failures,Daily,Critical,Yes
AST-1005,USR-505,LAP-1005,Laptop,HP ProBook 440 G10,HP,Windows 11,Sales,Pune,Exited,2025-12-20,Enabled,Up-to-Date,Compliant,Compliant,Compliant,Compliant,Installed,Disconnected,Non-Compliant,Asset Not Active,Weekly,Warning,No
AST-1006,USR-506,LAP-1006,Laptop,Dell Latitude 5440,Dell,Windows 10,Operations,Mumbai,Active,2026-03-03,Enabled,Outdated,Compliant,Non-Compliant,Compliant,Outdated,Installed,Connected,Non-Compliant,Antivirus Outdated,Daily,Warning,Yes
AST-1007,USR-507,LAP-1007,Laptop,Lenovo ThinkPad E14 Gen 5,Lenovo,Windows 11,Marketing,Chennai,Active,2026-03-03,Disabled,Up-to-Date,Compliant,Compliant,Compliant,Compliant,N/A,Connected,Non-Compliant,BitLocker Disabled,Daily,Warning,Yes
AST-1008,USR-508,LAP-1008,Laptop,HP EliteBook 840 G10,HP,Windows 10,Engineering,Hyderabad,Decommissioned,2026-01-10,Enabled,Up-to-Date,Compliant,Compliant,Compliant,Compliant,Installed,Disconnected,Non-Compliant,Asset Not Active,Weekly,Warning,No
AST-1009,USR-509,LAP-1009,Laptop,Dell Latitude 5450,Dell,Windows 11,Legal,Delhi,Active,2026-03-04,Disabled,Outdated,Non-Compliant,Non-Compliant,Compliant,Outdated,Installed,Connected,Non-Compliant,Multiple Compliance Failures,Daily,Critical,Yes
AST-1010,USR-510,LAP-1010,Laptop,Lenovo ThinkPad T14 Gen 4,Lenovo,Windows 10,IT,Noida,Active,2026-03-04,Enabled,Up-to-Date,Compliant,Compliant,Compliant,Compliant,Installed,Connected,Compliant,No Issue,Daily,Healthy,No
AST-1011,USR-0511,LAP-01011,Laptop,Lenovo ThinkPad T14 Gen 4,Dell,Windows 11,IT,Kolkata,Active,2026-04-22,Enabled,Outdated,Non-Compliant,Disabled,Compliant,Compliant,Installed,Connected,Non-Compliant,Multiple Compliance Failures,On-Demand,Critical,No
AST-1012,USR-0512,DEV-01012,Desktop,Dell Latitude 5440,HP,Windows 11,Marketing,Pune,Active,2026-02-17,Enabled,Outdated,Non-Compliant,Compliant,Compliant,Outdated,N/A,Intermittent,Non-Compliant,Multiple Compliance Failures,Weekly,Healthy,No
AST-1013,USR-0513,LAP-01013,Laptop,Dell Latitude 5440,HP,Windows 10,Operations,Noida,Active,2026-04-27,Disabled,Missing,Non-Compliant,Disabled,Non-Compliant,Non-Compliant,Installed,Disconnected,Non-Compliant,Multiple Compliance Failures,Weekly,Warning,No
AST-1014,USR-0514,LAP-01014,Laptop,Lenovo ThinkPad E14 Gen 5,Lenovo,Windows 11,Support,Bengaluru,Active,2026-05-19,Disabled,Outdated,Compliant,Non-Compliant,Compliant,Compliant,Installed,Intermittent,Non-Compliant,Multiple Compliance Failures,Weekly,Healthy,Yes
AST-1015,USR-0515,LAP-01015,Laptop,Dell Latitude 5450,HP,Windows 10,Operations,Kolkata,Decommissioned,2025-11-06,Enabled,Disabled,Non-Compliant,Non-Compliant,Compliant,Compliant,N/A,Intermittent,Non-Compliant,Asset Not Active,Weekly,Critical,No
AST-1016,USR-0516,LAP-01016,Laptop,HP ProBook 440 G10,HP,Windows 11,Engineering,Kolkata,Decommissioned,2025-10-17,Unknown,Outdated,Compliant,Compliant,Compliant,Non-Compliant,Not Installed,Disconnected,Non-Compliant,Asset Not Active,On-Demand,Healthy,Yes
AST-1017,USR-0517,LAP-01017,Laptop,Lenovo ThinkPad T14 Gen 4,Dell,Windows 11,HR,Hyderabad,Active,2026-09-14,Disabled,Up-to-Date,Compliant,Compliant,Not Installed,Pending,Installed,Intermittent,Non-Compliant,Multiple Compliance Failures,On-Demand,Critical,Yes
AST-1018,USR-0518,LAP-01018,Laptop,Dell Latitude 5440,Dell,Windows 10,Operations,Noida,Active,2026-06-07,Disabled,Outdated,Compliant,Compliant,Compliant,Outdated,N/A,Connected,Non-Compliant,Multiple Compliance Failures,On-Demand,Warning,Yes
AST-1019,USR-0519,LAP-01019,Laptop,Lenovo ThinkPad E14 Gen 5,HP,Windows 11,Marketing,Chennai,Exited,2025-12-19,Disabled,Disabled,Compliant,Compliant,Non-Compliant,Outdated,N/A,Intermittent,Non-Compliant,Asset Not Active,Weekly,Healthy,Yes
AST-1020,USR-0520,LAP-01020,Laptop,Dell Latitude 5450,Lenovo,Windows 11,Sales,Chennai,Active,2026-02-06,Enabled,Up-to-Date,Compliant,Non-Compliant,Compliant,Outdated,N/A,Connected,Non-Compliant,Multiple Compliance Failures,On-Demand,Healthy,No
AST-1021,USR-0521,LAP-01021,Laptop,HP ProBook 440 G10,Dell,Windows 11,Marketing,Noida,Active,2026-02-20,Enabled,Outdated,Compliant,Compliant,Missing,Compliant,Not Installed,Connected,Non-Compliant,Multiple Compliance Failures,Daily,Healthy,No
AST-1022,USR-0522,LAP-01022,Laptop,Dell Precision 3580,Dell,Windows 11,Operations,Gurugram,Active,2026-01-08,Disabled,Up-to-Date,Non-Compliant,Disabled,Compliant,Non-Compliant,Installed,Disconnected,Non-Compliant,Multiple Compliance Failures,Weekly,Warning,Yes
AST-1023,USR-0523,LAP-01023,Laptop,HP EliteBook 840 G10,Dell,Windows 10,Operations,Delhi,Decommissioned,2025-11-09,Enabled,Up-to-Date,Not Installed,Non-Compliant,Compliant,Non-Compliant,Not Installed,Intermittent,Non-Compliant,Asset Not Active,On-Demand,Critical,Yes
AST-1024,USR-0524,LAP-01024,Laptop,Dell Latitude 5440,HP,Windows 11,Operations,Delhi,Inactive,2026-05-01,Enabled,Missing,Compliant,Missing,Compliant,Compliant,Installed,Intermittent,Non-Compliant,Multiple Compliance Failures,Daily,Warning,No
AST-1025,USR-0525,LAP-01025,Laptop,Dell Latitude 5440,Dell,Windows 11,Support,Bengaluru,Exited,2026-02-22,Enabled,Up-to-Date,Non-Compliant,Compliant,Compliant,Non-Compliant,Installed,Intermittent,Non-Compliant,Asset Not Active,Weekly,Healthy,No
AST-1026,USR-0526,LAP-01026,Laptop,HP EliteBook 840 G10,Dell,Windows 10,HR,Noida,Decommissioned,2025-10-27,Enabled,Missing,Non-Compliant,Non-Compliant,Not Installed,Non-Compliant,Installed,Intermittent,Non-Compliant,Asset Not Active,On-Demand,Healthy,No
AST-1027,USR-0527,LAP-01027,Laptop,Dell Latitude 5440,Dell,Windows 11,Marketing,Gurugram,Active,2026-05-22,Disabled,Missing,Compliant,Compliant,Missing,Compliant,Not Installed,Intermittent,Non-Compliant,Multiple Compliance Failures,Weekly,Healthy,No
AST-1028,USR-0528,LAP-01028,Laptop,HP EliteBook 840 G10,Dell,Windows 11,Marketing,Delhi,Active,2026-03-07,Enabled,Missing,Missing,Compliant,Missing,Non-Compliant,Installed,Disconnected,Non-Compliant,Multiple Compliance Failures,Daily,Critical,Yes
AST-1029,USR-0529,LAP-01029,Laptop,Dell Latitude 5440,HP,Windows 11,Finance,Pune,Active,2026-04-01,Disabled,Disabled,Non-Compliant,Missing,Compliant,Compliant,Not Installed,Disconnected,Non-Compliant,Multiple Compliance Failures,On-Demand,Critical,Yes
AST-1030,USR-0530,LAP-01030,Laptop,Dell Latitude 5440,Dell,Windows 10,Operations,Mumbai,Active,2026-04-27,Disabled,Missing,Compliant,Non-Compliant,Compliant,Compliant,Not Installed,Disconnected,Non-Compliant,Multiple Compliance Failures,Weekly,Healthy,No
AST-1031,USR-0531,LAP-01031,Laptop,Lenovo ThinkPad T14 Gen 4,Dell,Windows 11,Legal,Pune,Active,2026-01-20,Disabled,Up-to-Date,Compliant,Disabled,Compliant,Non-Compliant,N/A,Intermittent,Non-Compliant,Multiple Compliance Failures,Weekly,Warning,Yes
AST-1032,USR-0532,LAP-01032,Laptop,Dell Latitude 5440,HP,Windows 11,Marketing,Pune,Active,2026-07-06,Disabled,Up-to-Date,Not Installed,Compliant,Non-Compliant,Non-Compliant,Not Installed,Intermittent,Non-Compliant,Multiple Compliance Failures,Daily,Critical,No
AST-1033,USR-0533,LAP-01033,Laptop,Lenovo ThinkPad T14 Gen 4,HP,Windows 10,IT,Hyderabad,Active,2026-06-04,Disabled,Outdated,Compliant,Non-Compliant,Compliant,Non-Compliant,Installed,Disconnected,Non-Compliant,Multiple Compliance Failures,Daily,Warning,No
AST-1034,USR-0534,LAP-01034,Laptop,Dell Precision 3580,Dell,Windows 11,Operations,Hyderabad,Active,2026-06-21,Enabled,Disabled,Non-Compliant,Compliant,Compliant,Compliant,Not Installed,Connected,Non-Compliant,Multiple Compliance Failures,Daily,Healthy,Yes
AST-1035,USR-0535,LAP-01035,Laptop,Lenovo ThinkPad E14 Gen 5,Lenovo,Windows 10,IT,Noida,Active,2026-03-17,Disabled,Outdated,Missing,Compliant,Non-Compliant,Compliant,Installed,Disconnected,Non-Compliant,Multiple Compliance Failures,Daily,Healthy,No
AST-1036,USR-0536,DEV-01036,Desktop,Dell Precision 3580,HP,Windows 11,Support,Chennai,Active,2026-09-16,Enabled,Outdated,Non-Compliant,Missing,Non-Compliant,Outdated,Not Installed,Connected,Non-Compliant,Multiple Compliance Failures,On-Demand,Warning,No
AST-1037,USR-0537,LAP-01037,Laptop,Dell Latitude 5440,Lenovo,Windows 11,Finance,Gurugram,Active,2026-06-13,Disabled,Outdated,Non-Compliant,Compliant,Compliant,Compliant,Installed,Connected,Non-Compliant,Multiple Compliance Failures,Weekly,Critical,Yes
AST-1038,USR-0538,LAP-01038,Laptop,Dell Latitude 5440,HP,Windows 11,Marketing,Hyderabad,Active,2026-07-14,Disabled,Up-to-Date,Compliant,Compliant,Missing,Non-Compliant,Not Installed,Disconnected,Non-Compliant,Multiple Compliance Failures,Weekly,Critical,Yes
AST-1039,USR-0539,LAP-01039,Laptop,HP ProBook 440 G10,Dell,Windows 11,IT,Noida,Active,2026-10-01,Enabled,Outdated,Non-Compliant,Non-Compliant,Missing,Outdated,N/A,Intermittent,Non-Compliant,Multiple Compliance Failures,Weekly,Healthy,No
AST-1040,USR-0540,LAP-01040,Laptop,Lenovo ThinkPad E14 Gen 5,Dell,Windows 11,Support,Delhi,Active,2026-08-29,Enabled,Up-to-Date,Missing,Compliant,Not Installed,Compliant,Not Installed,Disconnected,Non-Compliant,Multiple Compliance Failures,Daily,Critical,Yes
AST-1041,USR-0541,LAP-01041,Laptop,Lenovo ThinkPad E14 Gen 5,HP,Windows 10,Sales,Pune,Inactive,2026-04-22,Unknown,Up-to-Date,Compliant,Compliant,Compliant,Non-Compliant,Installed,Connected,Non-Compliant,Multiple Compliance Failures,On-Demand,Critical,Yes
AST-1042,USR-0542,LAP-01042,Laptop,Lenovo ThinkPad E14 Gen 5,Dell,Windows 11,Sales,Noida,Inactive,2026-05-05,Disabled,Disabled,Non-Compliant,Disabled,Compliant,Outdated,Installed,Intermittent,Non-Compliant,Multiple Compliance Failures,Daily,Warning,No
AST-1043,USR-0543,LAP-01043,Laptop,Lenovo ThinkPad E14 Gen 5,Dell,Windows 11,Support,Hyderabad,Active,2026-08-11,Enabled,Up-to-Date,Compliant,Compliant,Compliant,Pending,Installed,Intermittent,Partially Compliant,Antivirus Outdated,On-Demand,Warning,No
AST-1044,USR-0544,LAP-01044,Laptop,Dell Latitude 5440,HP,Windows 10,Engineering,Pune,Active,2026-07-14,Disabled,Missing,Compliant,Disabled,Compliant,Compliant,Not Installed,Connected,Non-Compliant,Multiple Compliance Failures,Weekly,Healthy,No
AST-1045,USR-0545,DEV-01045,Desktop,Lenovo ThinkPad E14 Gen 5,Lenovo,Windows 11,Engineering,Chennai,Decommissioned,2026-01-30,Disabled,Up-to-Date,Compliant,Missing,Compliant,Non-Compliant,N/A,Connected,Non-Compliant,Asset Not Active,Daily,Warning,Yes
AST-1046,USR-0546,LAP-01046,Laptop,Dell Latitude 5450,HP,Windows 11,HR,Bengaluru,Active,2026-06-06,Enabled,Outdated,Compliant,Missing,Compliant,Compliant,Installed,Disconnected,Non-Compliant,Multiple Compliance Failures,Daily,Critical,Yes
AST-1047,USR-0547,LAP-01047,Laptop,Lenovo ThinkPad E14 Gen 5,Dell,Windows 10,Support,Gurugram,Active,2026-06-04,Disabled,Outdated,Non-Compliant,Missing,Missing,Compliant,Installed,Disconnected,Non-Compliant,Multiple Compliance Failures,Daily,Healthy,No
AST-1048,USR-0548,DEV-01048,Desktop,Dell Precision 3580,Dell,Windows 11,HR,Mumbai,Active,2026-09-02,Enabled,Missing,Non-Compliant,Compliant,Compliant,Compliant,N/A,Disconnected,Non-Compliant,Multiple Compliance Failures,Daily,Critical,Yes
AST-1049,USR-0549,DEV-01049,Desktop,Dell Precision 3580,HP,Windows 10,Legal,Hyderabad,Active,2026-08-15,Enabled,Up-to-Date,Non-Compliant,Compliant,Non-Compliant,Non-Compliant,Installed,Intermittent,Non-Compliant,Multiple Compliance Failures,On-Demand,Healthy,Yes
AST-1050,USR-0550,LAP-01050,Laptop,HP EliteBook 840 G10,Dell,Windows 11,Sales,Chennai,Exited,2025-10-09,Disabled,Up-to-Date,Compliant,Compliant,Compliant,Compliant,Installed,Connected,Non-Compliant,Asset Not Active,On-Demand,Healthy,No
AST-1051,USR-0551,LAP-01051,Laptop,Lenovo ThinkPad T14 Gen 4,HP,Windows 10,Sales,Chennai,Inactive,2026-03-26,Disabled,Up-to-Date,Compliant,Non-Compliant,Missing,Pending,Installed,Connected,Non-Compliant,Multiple Compliance Failures,Weekly,Critical,No
AST-1052,USR-0552,LAP-01052,Laptop,Dell Precision 3580,Lenovo,Windows 10,Sales,Delhi,Active,2026-01-11,Enabled,Up-to-Date,Compliant,Compliant,Compliant,Compliant,Installed,Connected,Compliant,No Issue,Weekly,Critical,No
AST-1053,USR-0553,LAP-01053,Laptop,HP ProBook 440 G10,Lenovo,Windows 11,Sales,Mumbai,Decommissioned,2026-01-14,Disabled,Outdated,Compliant,Compliant,Compliant,Non-Compliant,N/A,Intermittent,Non-Compliant,Asset Not Active,Daily,Warning,Yes
AST-1054,USR-0554,DEV-01054,Workstation,Dell Precision 3580,Lenovo,Windows 11,Engineering,Chennai,Active,2026-07-05,Enabled,Outdated,Not Installed,Non-Compliant,Compliant,Compliant,N/A,Connected,Non-Compliant,Multiple Compliance Failures,Daily,Warning,Yes
AST-1055,USR-0555,LAP-01055,Laptop,HP ProBook 440 G10,Dell,Windows 11,HR,Gurugram,Exited,2025-11-27,Enabled,Disabled,Non-Compliant,Compliant,Compliant,Non-Compliant,Installed,Disconnected,Non-Compliant,Asset Not Active,On-Demand,Warning,No
AST-1056,USR-0556,LAP-01056,Laptop,Dell Precision 3580,HP,Windows 11,Support,Hyderabad,Active,2026-08-01,Enabled,Up-to-Date,Compliant,Non-Compliant,Non-Compliant,Compliant,Installed,Connected,Non-Compliant,Multiple Compliance Failures,Weekly,Critical,No
AST-1057,USR-0557,LAP-01057,Laptop,HP ProBook 440 G10,Lenovo,Windows 11,Operations,Mumbai,Decommissioned,2025-12-01,Disabled,Up-to-Date,Compliant,Compliant,Non-Compliant,Compliant,N/A,Connected,Non-Compliant,Asset Not Active,Weekly,Critical,No
AST-1058,USR-0558,LAP-01058,Laptop,Dell Latitude 5440,HP,Windows 10,Support,Chennai,Active,2026-02-21,Disabled,Missing,Not Installed,Compliant,Compliant,Compliant,Installed,Connected,Non-Compliant,Multiple Compliance Failures,On-Demand,Healthy,No
AST-1059,USR-0559,LAP-01059,Laptop,Lenovo ThinkPad E14 Gen 5,HP,Windows 10,Engineering,Kolkata,Decommissioned,2026-01-06,Disabled,Up-to-Date,Non-Compliant,Compliant,Compliant,Compliant,Not Installed,Connected,Non-Compliant,Asset Not Active,On-Demand,Healthy,Yes
AST-1060,USR-0560,DEV-01060,Workstation,HP EliteBook 840 G10,Dell,Windows 10,IT,Hyderabad,Active,2026-01-15,Disabled,Up-to-Date,Compliant,Non-Compliant,Missing,Compliant,N/A,Disconnected,Non-Compliant,Multiple Compliance Failures,Weekly,Warning,Yes
AST-1061,USR-0561,LAP-01061,Laptop,Lenovo ThinkPad E14 Gen 5,HP,Windows 11,Sales,Chennai,Active,2026-04-29,Enabled,Up-to-Date,Non-Compliant,Compliant,Non-Compliant,Compliant,Installed,Disconnected,Non-Compliant,Multiple Compliance Failures,On-Demand,Healthy,No
AST-1062,USR-0562,LAP-01062,Laptop,Dell Latitude 5440,HP,Windows 10,Operations,Mumbai,Decommissioned,2026-01-07,Enabled,Up-to-Date,Non-Compliant,Non-Compliant,Compliant,Compliant,Not Installed,Intermittent,Non-Compliant,Asset Not Active,Weekly,Critical,No
AST-1063,USR-0563,DEV-01063,Workstation,Lenovo ThinkPad T14 Gen 4,Dell,Windows 11,Marketing,Bengaluru,Exited,2025-12-13,Disabled,Up-to-Date,Non-Compliant,Non-Compliant,Non-Compliant,Compliant,N/A,Intermittent,Non-Compliant,Asset Not Active,Daily,Critical,No
AST-1064,USR-0564,LAP-01064,Laptop,HP EliteBook 840 G10,Dell,Windows 10,Marketing,Mumbai,Active,2026-03-09,Disabled,Outdated,Missing,Non-Compliant,Compliant,Compliant,Installed,Connected,Non-Compliant,Multiple Compliance Failures,Daily,Healthy,No
AST-1065,USR-0565,DEV-01065,Desktop,Dell Precision 3580,Dell,Windows 10,Operations,Mumbai,Active,2026-02-08,Enabled,Missing,Compliant,Non-Compliant,Non-Compliant,Compliant,N/A,Intermittent,Non-Compliant,Multiple Compliance Failures,Weekly,Healthy,No
AST-1066,USR-0566,LAP-01066,Laptop,Lenovo ThinkPad T14 Gen 4,Lenovo,Windows 11,Marketing,Bengaluru,Active,2026-01-13,Disabled,Outdated,Non-Compliant,Non-Compliant,Not Installed,Compliant,Installed,Intermittent,Non-Compliant,Multiple Compliance Failures,Daily,Critical,No
AST-1067,USR-0567,LAP-01067,Laptop,Lenovo ThinkPad E14 Gen 5,Lenovo,Windows 11,Support,Mumbai,Decommissioned,2026-01-03,Enabled,Disabled,Compliant,Compliant,Compliant,Pending,Installed,Intermittent,Non-Compliant,Asset Not Active,On-Demand,Critical,Yes
AST-1068,USR-0568,DEV-01068,Desktop,HP EliteBook 840 G10,Lenovo,Windows 10,Support,Pune,Decommissioned,2025-10-26,Disabled,Disabled,Compliant,Non-Compliant,Compliant,Compliant,N/A,Connected,Non-Compliant,Asset Not Active,Weekly,Warning,Yes
AST-1069,USR-0569,DEV-01069,Desktop,Dell Latitude 5450,Lenovo,Windows 10,Operations,Bengaluru,Exited,2025-10-18,Enabled,Up-to-Date,Non-Compliant,Missing,Compliant,Compliant,Not Installed,Disconnected,Non-Compliant,Asset Not Active,Daily,Critical,Yes
AST-1070,USR-0570,DEV-01070,Workstation,HP EliteBook 840 G10,Dell,Windows 10,IT,Gurugram,Active,2026-01-09,Disabled,Outdated,Compliant,Disabled,Compliant,Compliant,Installed,Intermittent,Non-Compliant,Multiple Compliance Failures,Weekly,Critical,Yes
AST-1071,USR-0571,LAP-01071,Laptop,HP ProBook 440 G10,HP,Windows 11,IT,Delhi,Inactive,2026-09-24,Enabled,Up-to-Date,Compliant,Missing,Compliant,Pending,N/A,Disconnected,Non-Compliant,Multiple Compliance Failures,Weekly,Warning,Yes
AST-1072,USR-0572,LAP-01072,Laptop,HP ProBook 440 G10,HP,Windows 10,Support,Mumbai,Active,2026-09-29,Enabled,Outdated,Compliant,Compliant,Non-Compliant,Non-Compliant,Installed,Connected,Non-Compliant,Multiple Compliance Failures,On-Demand,Healthy,Yes
AST-1073,USR-0573,LAP-01073,Laptop,Dell Latitude 5440,Dell,Windows 10,HR,Noida,Active,2026-08-31,Disabled,Up-to-Date,Non-Compliant,Compliant,Compliant,Compliant,N/A,Disconnected,Non-Compliant,Multiple Compliance Failures,Daily,Critical,No
AST-1074,USR-0574,LAP-01074,Laptop,HP EliteBook 840 G10,Lenovo,Windows 11,Marketing,Noida,Decommissioned,2025-12-13,Disabled,Up-to-Date,Compliant,Compliant,Non-Compliant,Non-Compliant,N/A,Intermittent,Non-Compliant,Asset Not Active,On-Demand,Healthy,Yes
AST-1075,USR-0575,LAP-01075,Laptop,Lenovo ThinkPad E14 Gen 5,Lenovo,Windows 11,Sales,Delhi,Active,2026-01-14,Disabled,Up-to-Date,Non-Compliant,Compliant,Non-Compliant,Pending,N/A,Connected,Non-Compliant,Multiple Compliance Failures,Weekly,Critical,No
AST-1076,USR-0576,LAP-01076,Laptop,HP EliteBook 840 G10,HP,Windows 11,Finance,Pune,Exited,2026-01-16,Enabled,Outdated,Compliant,Non-Compliant,Not Installed,Compliant,Installed,Disconnected,Non-Compliant,Asset Not Active,On-Demand,Warning,Yes
AST-1077,USR-0577,LAP-01077,Laptop,HP ProBook 440 G10,HP,Windows 11,HR,Hyderabad,Decommissioned,2025-10-30,Enabled,Up-to-Date,Compliant,Compliant,Non-Compliant,Compliant,Installed,Intermittent,Non-Compliant,Asset Not Active,On-Demand,Critical,No
AST-1078,USR-0578,LAP-01078,Laptop,HP ProBook 440 G10,Dell,Windows 11,Legal,Gurugram,Active,2026-03-03,Unknown,Up-to-Date,Compliant,Missing,Non-Compliant,Non-Compliant,Installed,Connected,Non-Compliant,Multiple Compliance Failures,Weekly,Critical,Yes
AST-1079,USR-0579,DEV-01079,Desktop,Lenovo ThinkPad E14 Gen 5,Lenovo,Windows 10,Legal,Hyderabad,Active,2026-07-27,Enabled,Missing,Compliant,Compliant,Not Installed,Pending,N/A,Connected,Non-Compliant,Multiple Compliance Failures,Weekly,Healthy,No
AST-1080,USR-0580,LAP-01080,Laptop,HP EliteBook 840 G10,Dell,Windows 10,Finance,Noida,Active,2026-06-23,Disabled,Up-to-Date,Compliant,Compliant,Compliant,Compliant,Installed,Intermittent,Partially Compliant,DES Non-Compliant,On-Demand,Healthy,Yes
AST-1081,USR-0581,LAP-01081,Laptop,HP ProBook 440 G10,Lenovo,Windows 11,Engineering,Chennai,Decommissioned,2025-11-15,Disabled,Missing,Compliant,Compliant,Compliant,Non-Compliant,Not Installed,Intermittent,Non-Compliant,Asset Not Active,On-Demand,Critical,No
AST-1082,USR-0582,LAP-01082,Laptop,HP EliteBook 840 G10,Dell,Windows 10,Sales,Noida,Decommissioned,2025-10-10,Enabled,Up-to-Date,Compliant,Compliant,Compliant,Compliant,Installed,Intermittent,Non-Compliant,Asset Not Active,Daily,Critical,No
AST-1083,USR-0583,DEV-01083,Desktop,Dell Latitude 5440,HP,Windows 11,Marketing,Noida,Active,2026-02-01,Disabled,Up-to-Date,Non-Compliant,Non-Compliant,Compliant,Compliant,N/A,Intermittent,Non-Compliant,Multiple Compliance Failures,On-Demand,Healthy,Yes
AST-1084,USR-0584,LAP-01084,Laptop,HP EliteBook 840 G10,Dell,Windows 11,HR,Kolkata,Active,2026-06-21,Enabled,Up-to-Date,Compliant,Compliant,Compliant,Compliant,Installed,Intermittent,Compliant,No Issue,Weekly,Warning,No
AST-1085,USR-0585,DEV-01085,Desktop,Lenovo ThinkPad T14 Gen 4,Dell,Windows 10,HR,Hyderabad,Inactive,2026-07-20,Disabled,Up-to-Date,Non-Compliant,Compliant,Compliant,Outdated,N/A,Intermittent,Non-Compliant,Multiple Compliance Failures,Weekly,Critical,No
AST-1086,USR-0586,DEV-01086,Desktop,Dell Precision 3580,HP,Windows 10,Engineering,Bengaluru,Decommissioned,2025-11-24,Disabled,Outdated,Compliant,Non-Compliant,Compliant,Compliant,N/A,Connected,Non-Compliant,Asset Not Active,Daily,Healthy,Yes
AST-1087,USR-0587,LAP-01087,Laptop,Dell Latitude 5450,Dell,Windows 10,Finance,Chennai,Active,2026-03-20,Enabled,Outdated,Compliant,Non-Compliant,Missing,Non-Compliant,Installed,Connected,Non-Compliant,Multiple Compliance Failures,Weekly,Warning,Yes
AST-1088,USR-0588,LAP-01088,Laptop,Dell Precision 3580,HP,Windows 11,Legal,Kolkata,Exited,2026-01-27,Disabled,Up-to-Date,Compliant,Missing,Non-Compliant,Outdated,Installed,Intermittent,Non-Compliant,Asset Not Active,Weekly,Healthy,Yes
AST-1089,USR-0589,LAP-01089,Laptop,Lenovo ThinkPad T14 Gen 4,HP,Windows 11,Finance,Mumbai,Decommissioned,2025-12-09,Disabled,Missing,Non-Compliant,Compliant,Missing,Pending,Installed,Connected,Non-Compliant,Asset Not Active,Daily,Warning,No
AST-1090,USR-0590,LAP-01090,Laptop,Dell Latitude 5440,Dell,Windows 11,Sales,Chennai,Exited,2025-11-07,Enabled,Up-to-Date,Compliant,Compliant,Compliant,Compliant,Not Installed,Intermittent,Non-Compliant,Asset Not Active,Daily,Critical,No
AST-1091,USR-0591,LAP-01091,Laptop,Dell Latitude 5440,Dell,Windows 11,Operations,Mumbai,Active,2026-06-04,Enabled,Missing,Compliant,Non-Compliant,Compliant,Compliant,Installed,Intermittent,Non-Compliant,Multiple Compliance Failures,On-Demand,Warning,Yes
AST-1092,USR-0592,LAP-01092,Laptop,Lenovo ThinkPad E14 Gen 5,Dell,Windows 10,HR,Kolkata,Active,2026-08-02,Enabled,Outdated,Compliant,Compliant,Compliant,Non-Compliant,Installed,Disconnected,Non-Compliant,Multiple Compliance Failures,Daily,Critical,Yes
AST-1093,USR-0593,LAP-01093,Laptop,Dell Latitude 5440,Dell,Windows 11,Marketing,Kolkata,Active,2026-06-20,Unknown,Up-to-Date,Compliant,Non-Compliant,Compliant,Non-Compliant,Not Installed,Disconnected,Non-Compliant,Multiple Compliance Failures,On-Demand,Healthy,No
AST-1094,USR-0594,LAP-01094,Laptop,HP ProBook 440 G10,Lenovo,Windows 11,Support,Chennai,Exited,2025-12-19,Enabled,Outdated,Not Installed,Compliant,Compliant,Pending,N/A,Disconnected,Non-Compliant,Asset Not Active,Daily,Critical,Yes
AST-1095,USR-0595,LAP-01095,Laptop,HP ProBook 440 G10,Dell,Windows 10,Engineering,Pune,Active,2026-06-23,Disabled,Up-to-Date,Non-Compliant,Compliant,Compliant,Compliant,N/A,Intermittent,Non-Compliant,Multiple Compliance Failures,Weekly,Healthy,No
AST-1096,USR-0596,DEV-01096,Desktop,HP ProBook 440 G10,HP,Windows 11,IT,Pune,Active,2026-08-16,Disabled,Up-to-Date,Compliant,Non-Compliant,Compliant,Non-Compliant,N/A,Intermittent,Non-Compliant,Multiple Compliance Failures,Weekly,Warning,Yes
AST-1097,USR-0597,LAP-01097,Laptop,Dell Precision 3580,Dell,Windows 10,Marketing,Pune,Active,2026-02-04,Disabled,Outdated,Not Installed,Compliant,Non-Compliant,Pending,Installed,Disconnected,Non-Compliant,Multiple Compliance Failures,On-Demand,Healthy,Yes
AST-1098,USR-0598,LAP-01098,Laptop,Lenovo ThinkPad T14 Gen 4,HP,Windows 10,Legal,Kolkata,Active,2026-04-06,Disabled,Outdated,Compliant,Compliant,Non-Compliant,Compliant,Installed,Connected,Non-Compliant,Multiple Compliance Failures,Weekly,Warning,No
AST-1099,USR-0599,LAP-01099,Laptop,HP EliteBook 840 G10,Lenovo,Windows 11,HR,Kolkata,Active,2026-06-13,Unknown,Up-to-Date,Compliant,Compliant,Compliant,Non-Compliant,N/A,Intermittent,Non-Compliant,Multiple Compliance Failures,Weekly,Warning,Yes
AST-1100,USR-0600,LAP-01100,Laptop,Dell Precision 3580,HP,Windows 10,Support,Gurugram,Inactive,2026-07-08,Disabled,Outdated,Compliant,Compliant,Compliant,Pending,Installed,Intermittent,Non-Compliant,Multiple Compliance Failures,Daily,Healthy,No
AST-1101,USR-0601,LAP-01101,Laptop,Dell Precision 3580,Dell,Windows 10,Support,Gurugram,Active,2026-06-26,Enabled,Up-to-Date,Non-Compliant,Compliant,Compliant,Compliant,Installed,Connected,Partially Compliant,Windows Patch Pending,Weekly,Critical,Yes
AST-1102,USR-0602,LAP-01102,Laptop,Dell Latitude 5450,HP,Windows 11,Sales,Kolkata,Decommissioned,2026-02-19,Enabled,Disabled,Compliant,Missing,Compliant,Compliant,Installed,Connected,Non-Compliant,Asset Not Active,On-Demand,Critical,Yes
AST-1103,USR-0603,LAP-01103,Laptop,Dell Latitude 5450,Lenovo,Windows 11,Legal,Delhi,Active,2026-05-16,Disabled,Disabled,Compliant,Missing,Compliant,Pending,Installed,Disconnected,Non-Compliant,Multiple Compliance Failures,On-Demand,Critical,No
AST-1104,USR-0604,LAP-01104,Laptop,Dell Latitude 5450,Lenovo,Windows 11,Marketing,Pune,Active,2026-06-24,Disabled,Up-to-Date,Compliant,Non-Compliant,Compliant,Compliant,Installed,Intermittent,Non-Compliant,Multiple Compliance Failures,Weekly,Warning,Yes
AST-1105,USR-0605,LAP-01105,Laptop,Dell Precision 3580,Dell,Windows 11,Marketing,Pune,Inactive,2026-05-08,Enabled,Up-to-Date,Compliant,Compliant,Compliant,Outdated,N/A,Connected,Partially Compliant,DES Non-Compliant,Daily,Warning,No
AST-1106,USR-0606,LAP-01106,Laptop,Lenovo ThinkPad T14 Gen 4,HP,Windows 11,IT,Noida,Active,2026-08-29,Unknown,Outdated,Not Installed,Compliant,Compliant,Compliant,Installed,Disconnected,Non-Compliant,Multiple Compliance Failures,Daily,Warning,No
AST-1107,USR-0607,LAP-01107,Laptop,Dell Latitude 5440,Dell,Windows 11,Legal,Pune,Inactive,2026-03-02,Disabled,Up-to-Date,Non-Compliant,Compliant,Compliant,Non-Compliant,Installed,Disconnected,Non-Compliant,Multiple Compliance Failures,On-Demand,Warning,Yes
AST-1108,USR-0608,LAP-01108,Laptop,HP ProBook 440 G10,Dell,Windows 11,Sales,Pune,Active,2026-06-13,Enabled,Up-to-Date,Compliant,Compliant,Compliant,Non-Compliant,Installed,Intermittent,Partially Compliant,DES Non-Compliant,On-Demand,Critical,No
AST-1109,USR-0609,DEV-01109,Desktop,HP ProBook 440 G10,Lenovo,Windows 11,Sales,Bengaluru,Active,2026-01-14,Enabled,Outdated,Not Installed,Non-Compliant,Non-Compliant,Non-Compliant,N/A,Intermittent,Non-Compliant,Multiple Compliance Failures,Daily,Critical,No
AST-1110,USR-0610,LAP-01110,Laptop,Dell Latitude 5450,HP,Windows 10,Legal,Bengaluru,Active,2026-06-10,Disabled,Up-to-Date,Non-Compliant,Compliant,Not Installed,Compliant,Installed,Disconnected,Non-Compliant,Multiple Compliance Failures,On-Demand,Critical,No
AST-1111,USR-0611,LAP-01111,Laptop,HP EliteBook 840 G10,Lenovo,Windows 10,Sales,Chennai,Decommissioned,2025-12-27,Enabled,Up-to-Date,Compliant,Non-Compliant,Compliant,Compliant,Installed,Connected,Non-Compliant,Asset Not Active,Daily,Warning,No
AST-1112,USR-0612,LAP-01112,Laptop,Dell Latitude 5440,HP,Windows 10,Support,Mumbai,Active,2026-05-21,Enabled,Up-to-Date,Non-Compliant,Compliant,Compliant,Outdated,Not Installed,Disconnected,Non-Compliant,Multiple Compliance Failures,Weekly,Healthy,No
AST-1113,USR-0613,LAP-01113,Laptop,Dell Latitude 5440,Dell,Windows 10,Operations,Bengaluru,Active,2026-05-20,Disabled,Outdated,Non-Compliant,Compliant,Missing,Compliant,Installed,Connected,Non-Compliant,Multiple Compliance Failures,On-Demand,Critical,Yes
AST-1114,USR-0614,LAP-01114,Laptop,Lenovo ThinkPad E14 Gen 5,HP,Windows 11,Operations,Hyderabad,Active,2026-09-01,Disabled,Up-to-Date,Non-Compliant,Compliant,Compliant,Outdated,Installed,Disconnected,Non-Compliant,Multiple Compliance Failures,Weekly,Critical,Yes
AST-1115,USR-0615,LAP-01115,Laptop,Dell Latitude 5450,HP,Windows 11,Sales,Delhi,Decommissioned,2026-01-10,Enabled,Outdated,Not Installed,Disabled,Compliant,Pending,Installed,Connected,Non-Compliant,Asset Not Active,Weekly,Critical,Yes
AST-1116,USR-0616,LAP-01116,Laptop,HP ProBook 440 G10,Lenovo,Windows 11,Sales,Gurugram,Exited,2025-11-11,Disabled,Outdated,Missing,Compliant,Compliant,Compliant,Not Installed,Connected,Non-Compliant,Asset Not Active,On-Demand,Warning,No
AST-1117,USR-0617,LAP-01117,Laptop,HP EliteBook 840 G10,HP,Windows 10,Operations,Delhi,Active,2026-03-13,Disabled,Missing,Missing,Compliant,Compliant,Non-Compliant,Installed,Disconnected,Non-Compliant,Multiple Compliance Failures,Weekly,Healthy,No
AST-1118,USR-0618,LAP-01118,Laptop,Lenovo ThinkPad T14 Gen 4,Lenovo,Windows 10,Sales,Noida,Inactive,2026-07-27,Disabled,Up-to-Date,Non-Compliant,Non-Compliant,Compliant,Compliant,Installed,Intermittent,Non-Compliant,Multiple Compliance Failures,Weekly,Warning,Yes
AST-1119,USR-0619,LAP-01119,Laptop,Lenovo ThinkPad E14 Gen 5,Dell,Windows 11,HR,Kolkata,Active,2026-04-22,Disabled,Outdated,Compliant,Compliant,Compliant,Non-Compliant,Not Installed,Disconnected,Non-Compliant,Multiple Compliance Failures,On-Demand,Critical,No
AST-1120,USR-0620,LAP-01120,Laptop,Lenovo ThinkPad T14 Gen 4,Lenovo,Windows 11,Engineering,Noida,Active,2026-04-16,Disabled,Outdated,Non-Compliant,Compliant,Compliant,Non-Compliant,Installed,Intermittent,Non-Compliant,Multiple Compliance Failures,Weekly,Healthy,No
AST-1121,USR-0621,LAP-01121,Laptop,HP ProBook 440 G10,Dell,Windows 11,Marketing,Noida,Active,2026-02-07,Disabled,Outdated,Compliant,Compliant,Compliant,Compliant,Installed,Intermittent,Non-Compliant,Multiple Compliance Failures,Daily,Healthy,No
AST-1122,USR-0622,LAP-01122,Laptop,Dell Latitude 5440,HP,Windows 11,Support,Gurugram,Active,2026-07-13,Disabled,Disabled,Non-Compliant,Compliant,Not Installed,Compliant,N/A,Intermittent,Non-Compliant,Multiple Compliance Failures,Weekly,Healthy,Yes
AST-1123,USR-0623,LAP-01123,Laptop,HP ProBook 440 G10,Dell,Windows 11,Marketing,Gurugram,Exited,2025-11-28,Unknown,Missing,Non-Compliant,Missing,Compliant,Non-Compliant,Installed,Disconnected,Non-Compliant,Asset Not Active,Daily,Critical,Yes
AST-1124,USR-0624,LAP-01124,Laptop,Lenovo ThinkPad E14 Gen 5,Dell,Windows 10,IT,Mumbai,Active,2026-01-25,Disabled,Missing,Compliant,Compliant,Non-Compliant,Compliant,Not Installed,Disconnected,Non-Compliant,Multiple Compliance Failures,Daily,Critical,Yes
AST-1125,USR-0625,LAP-01125,Laptop,Dell Latitude 5450,HP,Windows 10,Support,Bengaluru,Inactive,2026-05-02,Unknown,Up-to-Date,Missing,Compliant,Non-Compliant,Non-Compliant,Not Installed,Disconnected,Non-Compliant,Multiple Compliance Failures,Weekly,Warning,Yes
AST-1126,USR-0626,LAP-01126,Laptop,Lenovo ThinkPad E14 Gen 5,HP,Windows 11,Legal,Mumbai,Active,2026-09-26,Enabled,Outdated,Non-Compliant,Compliant,Compliant,Non-Compliant,Installed,Connected,Non-Compliant,Multiple Compliance Failures,Weekly,Warning,Yes
AST-1127,USR-0627,DEV-01127,Desktop,Dell Latitude 5450,HP,Windows 11,Sales,Bengaluru,Inactive,2026-03-10,Enabled,Outdated,Non-Compliant,Disabled,Compliant,Outdated,N/A,Disconnected,Non-Compliant,Multiple Compliance Failures,On-Demand,Healthy,No
AST-1128,USR-0628,LAP-01128,Laptop,Dell Precision 3580,Dell,Windows 11,Marketing,Hyderabad,Decommissioned,2026-01-31,Enabled,Up-to-Date,Non-Compliant,Non-Compliant,Missing,Compliant,Not Installed,Connected,Non-Compliant,Asset Not Active,Daily,Healthy,Yes
AST-1129,USR-0629,DEV-01129,Desktop,HP EliteBook 840 G10,HP,Windows 10,Marketing,Kolkata,Inactive,2026-07-03,Disabled,Outdated,Compliant,Compliant,Compliant,Compliant,N/A,Disconnected,Non-Compliant,Multiple Compliance Failures,Weekly,Healthy,No
AST-1130,USR-0630,LAP-01130,Laptop,Dell Latitude 5450,HP,Windows 11,Operations,Pune,Inactive,2026-08-02,Enabled,Up-to-Date,Missing,Non-Compliant,Compliant,Non-Compliant,Installed,Connected,Non-Compliant,Multiple Compliance Failures,Weekly,Critical,Yes
AST-1131,USR-0631,LAP-01131,Laptop,Lenovo ThinkPad E14 Gen 5,Dell,Windows 10,Support,Chennai,Active,2026-03-28,Enabled,Missing,Not Installed,Non-Compliant,Compliant,Compliant,Not Installed,Connected,Non-Compliant,Multiple Compliance Failures,On-Demand,Critical,Yes
AST-1132,USR-0632,LAP-01132,Laptop,HP ProBook 440 G10,Lenovo,Windows 10,Marketing,Delhi,Active,2026-04-22,Disabled,Up-to-Date,Compliant,Compliant,Non-Compliant,Compliant,Installed,Intermittent,Non-Compliant,Multiple Compliance Failures,On-Demand,Critical,No
AST-1133,USR-0633,LAP-01133,Laptop,Dell Latitude 5440,Dell,Windows 11,Support,Gurugram,Active,2026-04-02,Enabled,Up-to-Date,Non-Compliant,Compliant,Compliant,Compliant,Not Installed,Connected,Partially Compliant,Proxy Agent Missing,Daily,Critical,No
AST-1134,USR-0634,LAP-01134,Laptop,HP ProBook 440 G10,HP,Windows 11,Legal,Kolkata,Decommissioned,2025-10-24,Enabled,Up-to-Date,Non-Compliant,Missing,Compliant,Non-Compliant,Not Installed,Disconnected,Non-Compliant,Asset Not Active,Daily,Critical,Yes
AST-1135,USR-0635,DEV-01135,Desktop,Dell Latitude 5440,HP,Windows 11,HR,Hyderabad,Active,2026-09-01,Disabled,Up-to-Date,Not Installed,Missing,Missing,Outdated,N/A,Intermittent,Non-Compliant,Multiple Compliance Failures,On-Demand,Critical,Yes
AST-1136,USR-0636,LAP-01136,Laptop,Lenovo ThinkPad T14 Gen 4,Lenovo,Windows 10,Marketing,Mumbai,Active,2026-07-19,Enabled,Up-to-Date,Missing,Non-Compliant,Not Installed,Compliant,Installed,Intermittent,Non-Compliant,Multiple Compliance Failures,Daily,Critical,Yes
AST-1137,USR-0637,LAP-01137,Laptop,HP EliteBook 840 G10,Lenovo,Windows 10,Engineering,Chennai,Active,2026-01-16,Enabled,Missing,Compliant,Non-Compliant,Not Installed,Compliant,Not Installed,Connected,Non-Compliant,Multiple Compliance Failures,Weekly,Critical,No
AST-1138,USR-0638,LAP-01138,Laptop,HP ProBook 440 G10,Lenovo,Windows 10,Marketing,Pune,Active,2026-03-20,Enabled,Outdated,Non-Compliant,Non-Compliant,Compliant,Compliant,Not Installed,Connected,Non-Compliant,Multiple Compliance Failures,Daily,Healthy,No
AST-1139,USR-0639,LAP-01139,Laptop,Dell Latitude 5440,HP,Windows 10,Sales,Mumbai,Active,2026-06-16,Enabled,Up-to-Date,Non-Compliant,Compliant,Compliant,Compliant,Installed,Disconnected,Partially Compliant,Windows Patch Pending,Daily,Critical,Yes
AST-1140,USR-0640,LAP-01140,Laptop,HP EliteBook 840 G10,HP,Windows 11,Operations,Chennai,Active,2026-02-09,Enabled,Up-to-Date,Compliant,Compliant,Compliant,Compliant,Installed,Intermittent,Compliant,No Issue,On-Demand,Healthy,No
AST-1141,USR-0641,DEV-01141,Desktop,HP EliteBook 840 G10,HP,Windows 11,Operations,Chennai,Active,2026-03-11,Enabled,Outdated,Non-Compliant,Compliant,Compliant,Pending,N/A,Disconnected,Non-Compliant,Multiple Compliance Failures,Daily,Warning,No
AST-1142,USR-0642,LAP-01142,Laptop,Dell Precision 3580,Lenovo,Windows 10,Support,Delhi,Active,2026-04-03,Disabled,Up-to-Date,Compliant,Non-Compliant,Compliant,Compliant,Installed,Intermittent,Non-Compliant,Multiple Compliance Failures,Weekly,Critical,Yes
AST-1143,USR-0643,LAP-01143,Laptop,Dell Latitude 5440,HP,Windows 11,Engineering,Chennai,Active,2026-08-05,Disabled,Outdated,Compliant,Compliant,Non-Compliant,Compliant,Not Installed,Intermittent,Non-Compliant,Multiple Compliance Failures,Weekly,Critical,No
AST-1144,USR-0644,LAP-01144,Laptop,Lenovo ThinkPad E14 Gen 5,Lenovo,Windows 10,Legal,Pune,Active,2026-01-23,Disabled,Outdated,Non-Compliant,Compliant,Non-Compliant,Non-Compliant,Installed,Disconnected,Non-Compliant,Multiple Compliance Failures,Daily,Healthy,Yes
AST-1145,USR-0645,LAP-01145,Laptop,HP ProBook 440 G10,Dell,Windows 11,HR,Hyderabad,Active,2026-06-26,Disabled,Outdated,Compliant,Compliant,Non-Compliant,Non-Compliant,Installed,Disconnected,Non-Compliant,Multiple Compliance Failures,Daily,Healthy,Yes
AST-1146,USR-0646,DEV-01146,Desktop,Dell Precision 3580,Dell,Windows 11,Marketing,Noida,Active,2026-02-28,Enabled,Up-to-Date,Compliant,Non-Compliant,Compliant,Compliant,N/A,Intermittent,Partially Compliant,Windows Patch Pending,Daily,Critical,Yes
AST-1147,USR-0647,LAP-01147,Laptop,Lenovo ThinkPad T14 Gen 4,HP,Windows 11,Legal,Mumbai,Active,2026-04-12,Enabled,Outdated,Non-Compliant,Non-Compliant,Compliant,Non-Compliant,Installed,Connected,Non-Compliant,Multiple Compliance Failures,On-Demand,Healthy,Yes
AST-1148,USR-0648,DEV-01148,Desktop,Lenovo ThinkPad E14 Gen 5,Lenovo,Windows 10,Marketing,Mumbai,Active,2026-09-08,Disabled,Outdated,Compliant,Compliant,Compliant,Compliant,N/A,Intermittent,Non-Compliant,Multiple Compliance Failures,Weekly,Critical,Yes
AST-1149,USR-0649,LAP-01149,Laptop,Dell Latitude 5450,Dell,Windows 10,Marketing,Gurugram,Active,2026-06-06,Disabled,Outdated,Compliant,Non-Compliant,Compliant,Compliant,Installed,Intermittent,Non-Compliant,Multiple Compliance Failures,Weekly,Warning,Yes
AST-1150,USR-0650,LAP-01150,Laptop,Dell Latitude 5440,Lenovo,Windows 11,Marketing,Delhi,Active,2026-08-19,Enabled,Disabled,Not Installed,Compliant,Compliant,Compliant,Installed,Disconnected,Non-Compliant,Multiple Compliance Failures,Daily,Healthy,No
AST-1151,USR-0651,LAP-01151,Laptop,Dell Latitude 5450,HP,Windows 11,Support,Hyderabad,Exited,2025-10-09,Disabled,Up-to-Date,Missing,Compliant,Compliant,Compliant,Not Installed,Connected,Non-Compliant,Asset Not Active,Weekly,Critical,No
AST-1152,USR-0652,LAP-01152,Laptop,Lenovo ThinkPad E14 Gen 5,Dell,Windows 11,Operations,Hyderabad,Active,2026-08-06,Disabled,Missing,Compliant,Non-Compliant,Compliant,Non-Compliant,Installed,Connected,Non-Compliant,Multiple Compliance Failures,Weekly,Warning,No
AST-1153,USR-0653,DEV-01153,Desktop,Dell Latitude 5450,Lenovo,Windows 11,Operations,Bengaluru,Decommissioned,2025-11-12,Enabled,Missing,Compliant,Non-Compliant,Non-Compliant,Pending,N/A,Connected,Non-Compliant,Asset Not Active,On-Demand,Warning,No
AST-1154,USR-0654,DEV-01154,Workstation,HP EliteBook 840 G10,Dell,Windows 11,Finance,Gurugram,Active,2026-07-30,Enabled,Outdated,Not Installed,Compliant,Missing,Pending,N/A,Connected,Non-Compliant,Multiple Compliance Failures,Daily,Critical,No
AST-1155,USR-0655,LAP-01155,Laptop,Lenovo ThinkPad E14 Gen 5,Lenovo,Windows 10,Sales,Pune,Decommissioned,2026-01-12,Enabled,Outdated,Compliant,Compliant,Compliant,Non-Compliant,N/A,Disconnected,Non-Compliant,Asset Not Active,Weekly,Warning,Yes
AST-1156,USR-0656,LAP-01156,Laptop,HP EliteBook 840 G10,HP,Windows 10,Sales,Pune,Decommissioned,2026-02-04,Unknown,Outdated,Non-Compliant,Disabled,Non-Compliant,Compliant,N/A,Intermittent,Non-Compliant,Asset Not Active,On-Demand,Healthy,No
AST-1157,USR-0657,LAP-01157,Laptop,Lenovo ThinkPad E14 Gen 5,Dell,Windows 10,Finance,Hyderabad,Inactive,2026-08-08,Enabled,Outdated,Missing,Compliant,Not Installed,Compliant,Installed,Connected,Non-Compliant,Multiple Compliance Failures,Weekly,Healthy,No
AST-1158,USR-0658,DEV-01158,Desktop,Dell Latitude 5450,Dell,Windows 11,Operations,Kolkata,Active,2026-09-02,Enabled,Up-to-Date,Compliant,Non-Compliant,Compliant,Non-Compliant,Installed,Intermittent,Non-Compliant,Multiple Compliance Failures,Weekly,Healthy,Yes
AST-1159,USR-0659,DEV-01159,Workstation,Dell Precision 3580,HP,Windows 10,Finance,Gurugram,Active,2026-03-12,Enabled,Up-to-Date,Compliant,Compliant,Non-Compliant,Compliant,N/A,Connected,Partially Compliant,DES Non-Compliant,On-Demand,Critical,Yes
AST-1160,USR-0660,LAP-01160,Laptop,Lenovo ThinkPad T14 Gen 4,Dell,Windows 11,Legal,Pune,Active,2026-03-13,Enabled,Outdated,Missing,Non-Compliant,Compliant,Compliant,N/A,Disconnected,Non-Compliant,Multiple Compliance Failures,Weekly,Healthy,Yes
AST-1161,USR-0661,LAP-01161,Laptop,Lenovo ThinkPad T14 Gen 4,Lenovo,Windows 11,Operations,Mumbai,Active,2026-09-23,Disabled,Outdated,Non-Compliant,Non-Compliant,Missing,Non-Compliant,Installed,Disconnected,Non-Compliant,Multiple Compliance Failures,On-Demand,Healthy,Yes
AST-1162,USR-0662,LAP-01162,Laptop,Lenovo ThinkPad T14 Gen 4,HP,Windows 11,Finance,Chennai,Active,2026-08-04,Disabled,Outdated,Not Installed,Missing,Not Installed,Compliant,N/A,Connected,Non-Compliant,Multiple Compliance Failures,Daily,Critical,Yes
AST-1163,USR-0663,DEV-01163,Desktop,Lenovo ThinkPad T14 Gen 4,Lenovo,Windows 11,Finance,Hyderabad,Active,2026-10-02,Unknown,Up-to-Date,Compliant,Non-Compliant,Non-Compliant,Compliant,N/A,Connected,Non-Compliant,Multiple Compliance Failures,Weekly,Healthy,Yes
AST-1164,USR-0664,LAP-01164,Laptop,Dell Latitude 5440,Dell,Windows 11,Legal,Noida,Exited,2025-10-15,Disabled,Outdated,Non-Compliant,Non-Compliant,Compliant,Compliant,N/A,Disconnected,Non-Compliant,Asset Not Active,On-Demand,Critical,Yes
AST-1165,USR-0665,LAP-01165,Laptop,HP EliteBook 840 G10,Dell,Windows 10,Finance,Hyderabad,Active,2026-05-13,Enabled,Outdated,Non-Compliant,Compliant,Not Installed,Non-Compliant,Not Installed,Intermittent,Non-Compliant,Multiple Compliance Failures,Daily,Healthy,No
AST-1166,USR-0666,LAP-01166,Laptop,Dell Precision 3580,HP,Windows 11,HR,Noida,Decommissioned,2025-11-10,Disabled,Outdated,Compliant,Compliant,Compliant,Compliant,Installed,Connected,Non-Compliant,Asset Not Active,On-Demand,Critical,Yes
AST-1167,USR-0667,LAP-01167,Laptop,HP EliteBook 840 G10,Dell,Windows 10,Operations,Mumbai,Active,2026-08-03,Enabled,Up-to-Date,Compliant,Missing,Missing,Non-Compliant,N/A,Intermittent,Non-Compliant,Multiple Compliance Failures,Weekly,Warning,Yes
AST-1168,USR-0668,LAP-01168,Laptop,Lenovo ThinkPad T14 Gen 4,Dell,Windows 11,Engineering,Delhi,Active,2026-06-17,Enabled,Up-to-Date,Compliant,Compliant,Compliant,Pending,N/A,Disconnected,Partially Compliant,DES Non-Compliant,Daily,Warning,No
AST-1169,USR-0669,LAP-01169,Laptop,Dell Latitude 5450,Dell,Windows 11,Support,Pune,Inactive,2026-07-29,Unknown,Disabled,Non-Compliant,Non-Compliant,Compliant,Pending,Installed,Intermittent,Non-Compliant,Multiple Compliance Failures,On-Demand,Healthy,No
AST-1170,USR-0670,DEV-01170,Desktop,Dell Precision 3580,Dell,Windows 10,Support,Mumbai,Active,2026-01-23,Disabled,Up-to-Date,Compliant,Compliant,Compliant,Compliant,Not Installed,Intermittent,Partially Compliant,BitLocker Disabled,Weekly,Warning,Yes
AST-1171,USR-0671,LAP-01171,Laptop,Dell Precision 3580,Lenovo,Windows 11,Marketing,Pune,Active,2026-07-21,Enabled,Outdated,Compliant,Non-Compliant,Compliant,Compliant,N/A,Disconnected,Non-Compliant,Multiple Compliance Failures,Weekly,Healthy,Yes
AST-1172,USR-0672,LAP-01172,Laptop,HP EliteBook 840 G10,HP,Windows 11,HR,Noida,Exited,2025-12-18,Enabled,Up-to-Date,Compliant,Compliant,Compliant,Compliant,Not Installed,Connected,Non-Compliant,Asset Not Active,On-Demand,Warning,Yes
AST-1173,USR-0673,LAP-01173,Laptop,Lenovo ThinkPad T14 Gen 4,HP,Windows 10,Support,Bengaluru,Active,2026-07-27,Disabled,Disabled,Compliant,Compliant,Compliant,Pending,Installed,Connected,Non-Compliant,Multiple Compliance Failures,Weekly,Healthy,Yes
AST-1174,USR-0674,DEV-01174,Desktop,Dell Latitude 5440,Dell,Windows 11,Operations,Chennai,Active,2026-02-08,Enabled,Up-to-Date,Compliant,Non-Compliant,Not Installed,Compliant,N/A,Connected,Non-Compliant,Multiple Compliance Failures,Daily,Warning,Yes
AST-1175,USR-0675,LAP-01175,Laptop,HP EliteBook 840 G10,HP,Windows 11,Engineering,Gurugram,Active,2026-04-06,Disabled,Missing,Compliant,Compliant,Non-Compliant,Compliant,Installed,Connected,Non-Compliant,Multiple Compliance Failures,On-Demand,Critical,Yes
AST-1176,USR-0676,DEV-01176,Desktop,Dell Precision 3580,HP,Windows 11,Marketing,Chennai,Active,2026-01-10,Enabled,Up-to-Date,Compliant,Compliant,Non-Compliant,Pending,N/A,Intermittent,Non-Compliant,Multiple Compliance Failures,Weekly,Warning,No
AST-1177,USR-0677,LAP-01177,Laptop,Dell Latitude 5440,Dell,Windows 11,Operations,Bengaluru,Active,2026-04-30,Enabled,Missing,Non-Compliant,Compliant,Not Installed,Non-Compliant,Not Installed,Disconnected,Non-Compliant,Multiple Compliance Failures,On-Demand,Critical,Yes
AST-1178,USR-0678,LAP-01178,Laptop,Dell Latitude 5440,Lenovo,Windows 10,Marketing,Gurugram,Inactive,2026-07-03,Unknown,Up-to-Date,Not Installed,Missing,Compliant,Compliant,Installed,Intermittent,Non-Compliant,Multiple Compliance Failures,Daily,Warning,No
AST-1179,USR-0679,LAP-01179,Laptop,Dell Latitude 5440,HP,Windows 11,IT,Gurugram,Active,2026-04-01,Disabled,Up-to-Date,Compliant,Compliant,Non-Compliant,Pending,Installed,Intermittent,Non-Compliant,Multiple Compliance Failures,On-Demand,Healthy,Yes
AST-1180,USR-0680,DEV-01180,Workstation,HP EliteBook 840 G10,Lenovo,Windows 10,Finance,Kolkata,Decommissioned,2026-02-02,Enabled,Disabled,Compliant,Compliant,Compliant,Compliant,N/A,Intermittent,Non-Compliant,Asset Not Active,On-Demand,Warning,Yes
AST-1181,USR-0681,LAP-01181,Laptop,Lenovo ThinkPad T14 Gen 4,Dell,Windows 10,Marketing,Bengaluru,Active,2026-01-17,Disabled,Up-to-Date,Compliant,Compliant,Non-Compliant,Non-Compliant,N/A,Intermittent,Non-Compliant,Multiple Compliance Failures,On-Demand,Healthy,No
AST-1182,USR-0682,LAP-01182,Laptop,HP EliteBook 840 G10,Dell,Windows 10,Operations,Bengaluru,Active,2026-08-17,Unknown,Up-to-Date,Missing,Compliant,Non-Compliant,Non-Compliant,N/A,Intermittent,Non-Compliant,Multiple Compliance Failures,Daily,Warning,No
AST-1183,USR-0683,LAP-01183,Laptop,HP ProBook 440 G10,Dell,Windows 10,HR,Delhi,Inactive,2026-04-26,Enabled,Up-to-Date,Compliant,Compliant,Missing,Compliant,Installed,Disconnected,Partially Compliant,DES Non-Compliant,Daily,Warning,No
AST-1184,USR-0684,LAP-01184,Laptop,Lenovo ThinkPad E14 Gen 5,HP,Windows 11,Finance,Mumbai,Exited,2025-10-08,Enabled,Outdated,Compliant,Disabled,Compliant,Non-Compliant,Not Installed,Connected,Non-Compliant,Asset Not Active,Daily,Healthy,No
AST-1185,USR-0685,LAP-01185,Laptop,Dell Latitude 5440,Dell,Windows 11,Marketing,Delhi,Active,2026-09-09,Disabled,Outdated,Compliant,Compliant,Compliant,Compliant,Installed,Disconnected,Non-Compliant,Multiple Compliance Failures,Daily,Warning,No
AST-1186,USR-0686,LAP-01186,Laptop,HP EliteBook 840 G10,Dell,Windows 11,Legal,Pune,Active,2026-07-18,Enabled,Up-to-Date,Missing,Compliant,Compliant,Compliant,Not Installed,Connected,Partially Compliant,Antivirus Outdated,Weekly,Healthy,No
AST-1187,USR-0687,DEV-01187,Desktop,Dell Latitude 5440,Lenovo,Windows 11,Legal,Kolkata,Active,2026-04-27,Disabled,Up-to-Date,Non-Compliant,Compliant,Non-Compliant,Pending,N/A,Disconnected,Non-Compliant,Multiple Compliance Failures,On-Demand,Critical,No
AST-1188,USR-0688,LAP-01188,Laptop,Dell Precision 3580,Dell,Windows 11,Engineering,Gurugram,Active,2026-03-17,Enabled,Missing,Compliant,Compliant,Compliant,Non-Compliant,N/A,Connected,Non-Compliant,Multiple Compliance Failures,Daily,Healthy,Yes
AST-1189,USR-0689,LAP-01189,Laptop,Lenovo ThinkPad T14 Gen 4,HP,Windows 11,Legal,Kolkata,Active,2026-02-14,Enabled,Missing,Compliant,Non-Compliant,Compliant,Non-Compliant,Not Installed,Disconnected,Non-Compliant,Multiple Compliance Failures,Weekly,Critical,No
AST-1190,USR-0690,LAP-01190,Laptop,Dell Precision 3580,Lenovo,Windows 11,HR,Hyderabad,Decommissioned,2025-10-28,Disabled,Outdated,Compliant,Compliant,Compliant,Non-Compliant,N/A,Intermittent,Non-Compliant,Asset Not Active,Weekly,Warning,No
AST-1191,USR-0691,LAP-01191,Laptop,Dell Latitude 5450,Lenovo,Windows 11,IT,Chennai,Active,2026-06-19,Enabled,Up-to-Date,Compliant,Non-Compliant,Non-Compliant,Compliant,N/A,Disconnected,Non-Compliant,Multiple Compliance Failures,Weekly,Healthy,No
AST-1192,USR-0692,LAP-01192,Laptop,HP ProBook 440 G10,Lenovo,Windows 11,HR,Bengaluru,Decommissioned,2025-12-08,Enabled,Outdated,Compliant,Disabled,Compliant,Outdated,Installed,Disconnected,Non-Compliant,Asset Not Active,Daily,Warning,No
AST-1193,USR-0693,DEV-01193,Desktop,Dell Latitude 5450,Dell,Windows 10,IT,Chennai,Inactive,2026-04-13,Enabled,Up-to-Date,Compliant,Compliant,Compliant,Pending,Installed,Connected,Partially Compliant,Antivirus Outdated,Weekly,Critical,Yes
AST-1194,USR-0694,LAP-01194,Laptop,Dell Latitude 5450,HP,Windows 10,Sales,Noida,Active,2026-06-29,Disabled,Up-to-Date,Compliant,Compliant,Non-Compliant,Compliant,N/A,Disconnected,Non-Compliant,Multiple Compliance Failures,Daily,Warning,Yes
AST-1195,USR-0695,DEV-01195,Workstation,Dell Latitude 5450,HP,Windows 11,Finance,Delhi,Active,2026-01-05,Disabled,Outdated,Non-Compliant,Compliant,Compliant,Compliant,Not Installed,Connected,Non-Compliant,Multiple Compliance Failures,Weekly,Critical,No
AST-1196,USR-0696,LAP-01196,Laptop,Lenovo ThinkPad T14 Gen 4,Dell,Windows 10,Marketing,Kolkata,Inactive,2026-02-22,Disabled,Missing,Compliant,Compliant,Compliant,Non-Compliant,Not Installed,Intermittent,Non-Compliant,Multiple Compliance Failures,On-Demand,Critical,No
AST-1197,USR-0697,LAP-01197,Laptop,Dell Precision 3580,Lenovo,Windows 11,Operations,Delhi,Active,2026-03-18,Unknown,Outdated,Missing,Compliant,Non-Compliant,Pending,Installed,Intermittent,Non-Compliant,Multiple Compliance Failures,Weekly,Critical,No
AST-1198,USR-0698,LAP-01198,Laptop,Lenovo ThinkPad E14 Gen 5,HP,Windows 10,Operations,Kolkata,Active,2026-04-08,Unknown,Up-to-Date,Compliant,Compliant,Compliant,Non-Compliant,Installed,Intermittent,Non-Compliant,Multiple Compliance Failures,Weekly,Critical,No
AST-1199,USR-0699,DEV-01199,Desktop,Dell Latitude 5440,Lenovo,Windows 10,Operations,Pune,Active,2026-06-21,Disabled,Up-to-Date,Compliant,Compliant,Compliant,Pending,Installed,Connected,Non-Compliant,Multiple Compliance Failures,On-Demand,Warning,No
AST-1200,USR-0700,LAP-01200,Laptop,Dell Latitude 5440,Lenovo,Windows 11,Legal,Kolkata,Inactive,2026-04-10,Enabled,Missing,Compliant,Disabled,Non-Compliant,Outdated,Installed,Disconnected,Non-Compliant,Multiple Compliance Failures,Weekly,Healthy,Yes
AST-1201,USR-0701,LAP-01201,Laptop,Lenovo ThinkPad E14 Gen 5,HP,Windows 11,IT,Delhi,Active,2026-04-01,Disabled,Disabled,Compliant,Compliant,Non-Compliant,Non-Compliant,Installed,Disconnected,Non-Compliant,Multiple Compliance Failures,Weekly,Healthy,Yes
AST-1202,USR-0702,DEV-01202,Desktop,HP EliteBook 840 G10,Lenovo,Windows 11,IT,Pune,Active,2026-04-13,Disabled,Up-to-Date,Compliant,Compliant,Compliant,Compliant,N/A,Intermittent,Partially Compliant,Windows Patch Pending,Daily,Healthy,Yes
AST-1203,USR-0703,LAP-01203,Laptop,Lenovo ThinkPad E14 Gen 5,HP,Windows 11,Support,Kolkata,Active,2026-05-29,Enabled,Up-to-Date,Compliant,Non-Compliant,Compliant,Pending,Installed,Disconnected,Non-Compliant,Multiple Compliance Failures,Weekly,Critical,Yes
AST-1204,USR-0704,LAP-01204,Laptop,Lenovo ThinkPad T14 Gen 4,Lenovo,Windows 10,Finance,Noida,Active,2026-01-12,Enabled,Disabled,Missing,Compliant,Compliant,Non-Compliant,Installed,Disconnected,Non-Compliant,Multiple Compliance Failures,On-Demand,Critical,Yes
AST-1205,USR-0705,LAP-01205,Laptop,Dell Latitude 5440,HP,Windows 10,Support,Hyderabad,Active,2026-08-16,Disabled,Outdated,Compliant,Compliant,Missing,Compliant,Installed,Disconnected,Non-Compliant,Multiple Compliance Failures,On-Demand,Healthy,Yes
AST-1206,USR-0706,LAP-01206,Laptop,Dell Latitude 5440,HP,Windows 10,HR,Chennai,Active,2026-03-02,Disabled,Outdated,Compliant,Non-Compliant,Compliant,Pending,Installed,Connected,Non-Compliant,Multiple Compliance Failures,On-Demand,Healthy,No
AST-1207,USR-0707,LAP-01207,Laptop,Dell Precision 3580,Dell,Windows 10,Engineering,Gurugram,Decommissioned,2025-10-23,Enabled,Up-to-Date,Compliant,Disabled,Non-Compliant,Compliant,Installed,Connected,Non-Compliant,Asset Not Active,On-Demand,Healthy,Yes
AST-1208,USR-0708,LAP-01208,Laptop,Dell Latitude 5440,Lenovo,Windows 10,HR,Delhi,Decommissioned,2026-01-18,Unknown,Up-to-Date,Compliant,Non-Compliant,Missing,Pending,Installed,Connected,Non-Compliant,Asset Not Active,Daily,Critical,Yes
AST-1209,USR-0709,DEV-01209,Workstation,Lenovo ThinkPad E14 Gen 5,HP,Windows 10,Finance,Noida,Active,2026-09-02,Enabled,Outdated,Compliant,Compliant,Compliant,Compliant,N/A,Connected,Partially Compliant,DES Non-Compliant,On-Demand,Critical,Yes
AST-1210,USR-0710,LAP-01210,Laptop,Dell Latitude 5440,HP,Windows 10,Legal,Chennai,Exited,2026-02-01,Disabled,Outdated,Non-Compliant,Compliant,Non-Compliant,Non-Compliant,Not Installed,Connected,Non-Compliant,Asset Not Active,Daily,Warning,No
AST-1211,USR-0711,LAP-01211,Laptop,Lenovo ThinkPad E14 Gen 5,HP,Windows 10,Operations,Chennai,Active,2026-02-18,Disabled,Outdated,Compliant,Missing,Missing,Compliant,Not Installed,Disconnected,Non-Compliant,Multiple Compliance Failures,On-Demand,Critical,No
AST-1212,USR-0712,DEV-01212,Desktop,Dell Latitude 5450,HP,Windows 10,Marketing,Hyderabad,Active,2026-09-09,Disabled,Up-to-Date,Not Installed,Compliant,Compliant,Compliant,N/A,Connected,Non-Compliant,Multiple Compliance Failures,On-Demand,Healthy,No
AST-1213,USR-0713,LAP-01213,Laptop,HP ProBook 440 G10,HP,Windows 11,IT,Kolkata,Active,2026-02-22,Disabled,Up-to-Date,Missing,Compliant,Compliant,Compliant,Not Installed,Intermittent,Non-Compliant,Multiple Compliance Failures,Daily,Healthy,No
AST-1214,USR-0714,LAP-01214,Laptop,HP ProBook 440 G10,Lenovo,Windows 11,HR,Noida,Decommissioned,2026-01-02,Enabled,Up-to-Date,Missing,Non-Compliant,Missing,Compliant,Not Installed,Intermittent,Non-Compliant,Asset Not Active,Daily,Healthy,No
AST-1215,USR-0715,DEV-01215,Desktop,Dell Latitude 5450,Lenovo,Windows 10,Operations,Noida,Active,2026-05-11,Disabled,Up-to-Date,Compliant,Disabled,Compliant,Pending,Installed,Disconnected,Non-Compliant,Multiple Compliance Failures,Daily,Warning,Yes
AST-1216,USR-0716,LAP-01216,Laptop,Dell Latitude 5440,HP,Windows 11,Support,Delhi,Inactive,2026-03-10,Disabled,Missing,Non-Compliant,Non-Compliant,Compliant,Non-Compliant,N/A,Intermittent,Non-Compliant,Multiple Compliance Failures,Weekly,Critical,No
AST-1217,USR-0717,DEV-01217,Desktop,Lenovo ThinkPad E14 Gen 5,Lenovo,Windows 10,Operations,Hyderabad,Exited,2026-01-16,Disabled,Up-to-Date,Non-Compliant,Compliant,Non-Compliant,Non-Compliant,N/A,Disconnected,Non-Compliant,Asset Not Active,Weekly,Warning,No
AST-1218,USR-0718,LAP-01218,Laptop,Lenovo ThinkPad T14 Gen 4,Dell,Windows 11,Sales,Pune,Decommissioned,2025-11-21,Disabled,Outdated,Missing,Compliant,Compliant,Non-Compliant,Installed,Intermittent,Non-Compliant,Asset Not Active,Daily,Critical,Yes
AST-1219,USR-0719,LAP-01219,Laptop,Dell Precision 3580,HP,Windows 10,IT,Kolkata,Active,2026-05-27,Enabled,Up-to-Date,Compliant,Compliant,Non-Compliant,Compliant,Not Installed,Connected,Partially Compliant,DLP Missing,Daily,Warning,Yes
AST-1220,USR-0720,LAP-01220,Laptop,Dell Precision 3580,HP,Windows 11,Engineering,Noida,Active,2026-01-17,Disabled,Disabled,Non-Compliant,Compliant,Compliant,Pending,Installed,Intermittent,Non-Compliant,Multiple Compliance Failures,On-Demand,Critical,Yes
AST-1221,USR-0721,LAP-01221,Laptop,Dell Latitude 5440,Lenovo,Windows 11,IT,Hyderabad,Inactive,2026-06-10,Disabled,Outdated,Compliant,Non-Compliant,Not Installed,Compliant,N/A,Connected,Non-Compliant,Multiple Compliance Failures,On-Demand,Warning,Yes
AST-1222,USR-0722,LAP-01222,Laptop,Lenovo ThinkPad E14 Gen 5,Dell,Windows 10,Support,Noida,Decommissioned,2025-11-17,Disabled,Outdated,Non-Compliant,Non-Compliant,Not Installed,Compliant,Installed,Disconnected,Non-Compliant,Asset Not Active,Daily,Warning,No
AST-1223,USR-0723,LAP-01223,Laptop,Dell Precision 3580,HP,Windows 11,Support,Pune,Active,2026-06-04,Enabled,Up-to-Date,Non-Compliant,Compliant,Compliant,Compliant,Installed,Connected,Partially Compliant,Windows Patch Pending,On-Demand,Warning,Yes
AST-1224,USR-0724,DEV-01224,Desktop,Lenovo ThinkPad T14 Gen 4,Lenovo,Windows 11,Engineering,Kolkata,Exited,2025-11-25,Enabled,Outdated,Compliant,Compliant,Missing,Non-Compliant,N/A,Intermittent,Non-Compliant,Asset Not Active,Daily,Healthy,No
AST-1225,USR-0725,LAP-01225,Laptop,HP EliteBook 840 G10,Lenovo,Windows 10,IT,Kolkata,Active,2026-10-04,Disabled,Disabled,Non-Compliant,Compliant,Missing,Outdated,Installed,Disconnected,Non-Compliant,Multiple Compliance Failures,On-Demand,Critical,No
AST-1226,USR-0726,LAP-01226,Laptop,Lenovo ThinkPad E14 Gen 5,Lenovo,Windows 11,Operations,Mumbai,Active,2026-04-18,Enabled,Up-to-Date,Compliant,Missing,Non-Compliant,Non-Compliant,Not Installed,Connected,Non-Compliant,Multiple Compliance Failures,Daily,Critical,No
AST-1227,USR-0727,LAP-01227,Laptop,HP ProBook 440 G10,HP,Windows 10,Legal,Chennai,Active,2026-04-27,Enabled,Outdated,Compliant,Compliant,Compliant,Pending,Installed,Intermittent,Non-Compliant,Multiple Compliance Failures,Weekly,Warning,No
AST-1228,USR-0728,LAP-01228,Laptop,Dell Precision 3580,HP,Windows 10,Sales,Noida,Active,2026-02-24,Disabled,Outdated,Non-Compliant,Non-Compliant,Non-Compliant,Compliant,N/A,Disconnected,Non-Compliant,Multiple Compliance Failures,Weekly,Warning,No
AST-1229,USR-0729,LAP-01229,Laptop,Dell Precision 3580,Lenovo,Windows 11,Support,Gurugram,Decommissioned,2025-10-03,Enabled,Outdated,Non-Compliant,Disabled,Compliant,Non-Compliant,Installed,Connected,Non-Compliant,Asset Not Active,Daily,Healthy,No
AST-1230,USR-0730,LAP-01230,Laptop,Dell Precision 3580,Lenovo,Windows 10,Sales,Bengaluru,Active,2026-04-24,Disabled,Disabled,Compliant,Compliant,Non-Compliant,Compliant,Installed,Connected,Non-Compliant,Multiple Compliance Failures,Daily,Critical,Yes
AST-1231,USR-0731,DEV-01231,Workstation,Lenovo ThinkPad E14 Gen 5,Dell,Windows 10,Operations,Noida,Decommissioned,2025-12-31,Enabled,Outdated,Compliant,Compliant,Compliant,Non-Compliant,N/A,Disconnected,Non-Compliant,Asset Not Active,On-Demand,Healthy,Yes
AST-1232,USR-0732,LAP-01232,Laptop,Lenovo ThinkPad E14 Gen 5,Dell,Windows 11,Legal,Hyderabad,Active,2026-05-07,Enabled,Outdated,Non-Compliant,Compliant,Compliant,Compliant,Installed,Disconnected,Non-Compliant,Multiple Compliance Failures,Daily,Critical,No
AST-1233,USR-0733,LAP-01233,Laptop,Lenovo ThinkPad E14 Gen 5,HP,Windows 11,HR,Noida,Decommissioned,2025-11-20,Enabled,Outdated,Compliant,Non-Compliant,Missing,Pending,Installed,Connected,Non-Compliant,Asset Not Active,On-Demand,Critical,Yes
AST-1234,USR-0734,LAP-01234,Laptop,Lenovo ThinkPad E14 Gen 5,Lenovo,Windows 11,Sales,Gurugram,Decommissioned,2025-11-27,Enabled,Up-to-Date,Compliant,Disabled,Compliant,Non-Compliant,Installed,Disconnected,Non-Compliant,Asset Not Active,On-Demand,Critical,Yes
AST-1235,USR-0735,LAP-01235,Laptop,Lenovo ThinkPad E14 Gen 5,Lenovo,Windows 11,Engineering,Pune,Active,2026-03-16,Disabled,Outdated,Non-Compliant,Compliant,Compliant,Compliant,Installed,Connected,Non-Compliant,Multiple Compliance Failures,Daily,Warning,Yes
AST-1236,USR-0736,LAP-01236,Laptop,Lenovo ThinkPad T14 Gen 4,Lenovo,Windows 11,Sales,Hyderabad,Active,2026-02-22,Enabled,Disabled,Compliant,Compliant,Compliant,Compliant,N/A,Intermittent,Partially Compliant,DES Non-Compliant,On-Demand,Critical,Yes
AST-1237,USR-0737,LAP-01237,Laptop,Dell Precision 3580,HP,Windows 11,Engineering,Delhi,Active,2026-06-26,Disabled,Up-to-Date,Compliant,Missing,Compliant,Compliant,Not Installed,Intermittent,Non-Compliant,Multiple Compliance Failures,Daily,Warning,Yes
AST-1238,USR-0738,LAP-01238,Laptop,Lenovo ThinkPad E14 Gen 5,HP,Windows 11,Engineering,Chennai,Active,2026-02-28,Enabled,Up-to-Date,Non-Compliant,Non-Compliant,Non-Compliant,Compliant,Installed,Connected,Non-Compliant,Multiple Compliance Failures,On-Demand,Healthy,No
AST-1239,USR-0739,LAP-01239,Laptop,Lenovo ThinkPad E14 Gen 5,Lenovo,Windows 11,Sales,Noida,Active,2026-01-10,Enabled,Outdated,Compliant,Compliant,Compliant,Compliant,Installed,Connected,Partially Compliant,DES Non-Compliant,Weekly,Critical,No
AST-1240,USR-0740,DEV-01240,Desktop,HP ProBook 440 G10,Dell,Windows 11,Legal,Gurugram,Decommissioned,2025-10-18,Disabled,Outdated,Missing,Compliant,Non-Compliant,Compliant,Installed,Connected,Non-Compliant,Asset Not Active,Daily,Healthy,No
AST-1241,USR-0741,LAP-01241,Laptop,Lenovo ThinkPad E14 Gen 5,Lenovo,Windows 11,Legal,Kolkata,Decommissioned,2025-10-01,Disabled,Outdated,Missing,Compliant,Non-Compliant,Compliant,Not Installed,Disconnected,Non-Compliant,Asset Not Active,Weekly,Healthy,No
AST-1242,USR-0742,DEV-01242,Desktop,Dell Precision 3580,Dell,Windows 10,HR,Hyderabad,Active,2026-09-02,Enabled,Outdated,Non-Compliant,Non-Compliant,Non-Compliant,Compliant,N/A,Intermittent,Non-Compliant,Multiple Compliance Failures,On-Demand,Warning,No
AST-1243,USR-0743,DEV-01243,Desktop,Lenovo ThinkPad E14 Gen 5,HP,Windows 10,Sales,Hyderabad,Active,2026-03-21,Disabled,Up-to-Date,Compliant,Non-Compliant,Non-Compliant,Compliant,N/A,Intermittent,Non-Compliant,Multiple Compliance Failures,Weekly,Critical,No
AST-1244,USR-0744,LAP-01244,Laptop,HP ProBook 440 G10,Lenovo,Windows 10,Finance,Noida,Active,2026-06-26,Enabled,Outdated,Non-Compliant,Compliant,Compliant,Compliant,N/A,Intermittent,Non-Compliant,Multiple Compliance Failures,Daily,Warning,Yes
AST-1245,USR-0745,DEV-01245,Desktop,HP ProBook 440 G10,Lenovo,Windows 11,HR,Noida,Active,2026-08-30,Disabled,Outdated,Non-Compliant,Compliant,Compliant,Non-Compliant,Not Installed,Disconnected,Non-Compliant,Multiple Compliance Failures,Daily,Warning,Yes
AST-1246,USR-0746,DEV-01246,Desktop,Dell Latitude 5440,HP,Windows 10,Operations,Kolkata,Active,2026-09-11,Enabled,Outdated,Compliant,Missing,Compliant,Non-Compliant,N/A,Disconnected,Non-Compliant,Multiple Compliance Failures,Daily,Healthy,Yes
AST-1247,USR-0747,LAP-01247,Laptop,Dell Latitude 5440,Lenovo,Windows 10,HR,Noida,Active,2026-04-13,Disabled,Disabled,Compliant,Compliant,Compliant,Non-Compliant,Installed,Intermittent,Non-Compliant,Multiple Compliance Failures,Weekly,Critical,No
AST-1248,USR-0748,LAP-01248,Laptop,HP EliteBook 840 G10,HP,Windows 10,HR,Kolkata,Active,2026-09-15,Unknown,Outdated,Compliant,Compliant,Compliant,Compliant,Installed,Disconnected,Non-Compliant,Multiple Compliance Failures,On-Demand,Critical,No
AST-1249,USR-0749,LAP-01249,Laptop,Dell Latitude 5440,HP,Windows 10,Legal,Bengaluru,Active,2026-03-01,Disabled,Outdated,Not Installed,Compliant,Compliant,Non-Compliant,Installed,Intermittent,Non-Compliant,Multiple Compliance Failures,On-Demand,Healthy,No
AST-1250,USR-0750,LAP-01250,Laptop,HP EliteBook 840 G10,HP,Windows 11,Marketing,Bengaluru,Active,2026-04-02,Disabled,Up-to-Date,Compliant,Compliant,Non-Compliant,Compliant,Installed,Intermittent,Non-Compliant,Multiple Compliance Failures,Weekly,Healthy,Yes
AST-1251,USR-0751,LAP-01251,Laptop,Lenovo ThinkPad E14 Gen 5,Lenovo,Windows 11,Engineering,Delhi,Active,2026-02-10,Disabled,Up-to-Date,Compliant,Compliant,Non-Compliant,Compliant,Installed,Intermittent,Non-Compliant,Multiple Compliance Failures,Daily,Warning,No
AST-1252,USR-0752,DEV-01252,Workstation,Lenovo ThinkPad T14 Gen 4,Dell,Windows 11,Legal,Chennai,Active,2026-03-07,Disabled,Missing,Compliant,Missing,Missing,Compliant,N/A,Intermittent,Non-Compliant,Multiple Compliance Failures,Daily,Critical,No
AST-1253,USR-0753,LAP-01253,Laptop,Lenovo ThinkPad T14 Gen 4,HP,Windows 10,Sales,Gurugram,Active,2026-06-16,Unknown,Outdated,Compliant,Non-Compliant,Compliant,Compliant,Installed,Intermittent,Non-Compliant,Multiple Compliance Failures,Weekly,Healthy,No
AST-1254,USR-0754,LAP-01254,Laptop,Lenovo ThinkPad E14 Gen 5,Lenovo,Windows 11,Operations,Noida,Active,2026-03-09,Enabled,Up-to-Date,Non-Compliant,Compliant,Missing,Compliant,Installed,Intermittent,Non-Compliant,Multiple Compliance Failures,Weekly,Healthy,No
AST-1255,USR-0755,DEV-01255,Desktop,HP EliteBook 840 G10,HP,Windows 11,Sales,Kolkata,Decommissioned,2025-12-20,Disabled,Outdated,Compliant,Compliant,Compliant,Pending,N/A,Intermittent,Non-Compliant,Asset Not Active,Daily,Warning,Yes
AST-1256,USR-0756,DEV-01256,Desktop,Dell Latitude 5440,HP,Windows 11,Marketing,Bengaluru,Active,2026-01-11,Enabled,Outdated,Compliant,Compliant,Compliant,Non-Compliant,Installed,Intermittent,Non-Compliant,Multiple Compliance Failures,On-Demand,Critical,Yes
AST-1257,USR-0757,LAP-01257,Laptop,Lenovo ThinkPad E14 Gen 5,HP,Windows 11,Legal,Noida,Exited,2025-12-26,Enabled,Outdated,Compliant,Compliant,Non-Compliant,Compliant,N/A,Connected,Non-Compliant,Asset Not Active,Daily,Warning,Yes
AST-1258,USR-0758,LAP-01258,Laptop,Dell Latitude 5450,HP,Windows 10,Finance,Delhi,Active,2026-08-19,Disabled,Up-to-Date,Missing,Non-Compliant,Not Installed,Non-Compliant,Installed,Connected,Non-Compliant,Multiple Compliance Failures,On-Demand,Healthy,No
AST-1259,USR-0759,LAP-01259,Laptop,Lenovo ThinkPad T14 Gen 4,HP,Windows 10,Finance,Noida,Exited,2025-10-27,Enabled,Up-to-Date,Compliant,Disabled,Compliant,Compliant,Installed,Intermittent,Non-Compliant,Asset Not Active,Weekly,Warning,Yes
AST-1260,USR-0760,LAP-01260,Laptop,Lenovo ThinkPad T14 Gen 4,HP,Windows 11,Engineering,Gurugram,Active,2026-10-04,Enabled,Missing,Compliant,Non-Compliant,Missing,Compliant,Installed,Intermittent,Non-Compliant,Multiple Compliance Failures,On-Demand,Healthy,No
AST-1261,USR-0761,LAP-01261,Laptop,HP EliteBook 840 G10,HP,Windows 10,Finance,Hyderabad,Active,2026-07-07,Enabled,Outdated,Compliant,Compliant,Compliant,Pending,Installed,Connected,Non-Compliant,Multiple Compliance Failures,Daily,Critical,Yes
AST-1262,USR-0762,LAP-01262,Laptop,HP EliteBook 840 G10,Lenovo,Windows 11,Operations,Mumbai,Active,2026-01-04,Disabled,Disabled,Compliant,Compliant,Compliant,Compliant,Installed,Intermittent,Non-Compliant,Multiple Compliance Failures,Weekly,Warning,Yes
AST-1263,USR-0763,LAP-01263,Laptop,Lenovo ThinkPad E14 Gen 5,HP,Windows 10,Support,Hyderabad,Active,2026-05-20,Enabled,Up-to-Date,Compliant,Compliant,Non-Compliant,Outdated,Not Installed,Disconnected,Non-Compliant,Multiple Compliance Failures,Daily,Healthy,Yes
AST-1264,USR-0764,LAP-01264,Laptop,HP EliteBook 840 G10,HP,Windows 11,Finance,Chennai,Active,2026-02-22,Enabled,Outdated,Compliant,Compliant,Compliant,Outdated,Installed,Intermittent,Non-Compliant,Multiple Compliance Failures,Daily,Healthy,Yes
AST-1265,USR-0765,LAP-01265,Laptop,HP EliteBook 840 G10,Dell,Windows 11,Legal,Noida,Active,2026-03-16,Enabled,Outdated,Not Installed,Compliant,Non-Compliant,Compliant,Not Installed,Intermittent,Non-Compliant,Multiple Compliance Failures,Weekly,Healthy,Yes
AST-1266,USR-0766,LAP-01266,Laptop,Dell Precision 3580,Lenovo,Windows 11,HR,Kolkata,Decommissioned,2026-01-26,Enabled,Disabled,Non-Compliant,Compliant,Not Installed,Compliant,N/A,Intermittent,Non-Compliant,Asset Not Active,Daily,Warning,No
AST-1267,USR-0767,LAP-01267,Laptop,Dell Latitude 5450,Lenovo,Windows 11,HR,Bengaluru,Active,2026-01-27,Disabled,Up-to-Date,Not Installed,Compliant,Compliant,Non-Compliant,Installed,Intermittent,Non-Compliant,Multiple Compliance Failures,Weekly,Warning,Yes
AST-1268,USR-0768,LAP-01268,Laptop,Dell Latitude 5450,Dell,Windows 11,Engineering,Noida,Active,2026-02-15,Disabled,Up-to-Date,Compliant,Non-Compliant,Compliant,Non-Compliant,Installed,Intermittent,Non-Compliant,Multiple Compliance Failures,On-Demand,Warning,Yes
AST-1269,USR-0769,LAP-01269,Laptop,Dell Latitude 5450,Lenovo,Windows 10,IT,Mumbai,Active,2026-08-13,Disabled,Up-to-Date,Compliant,Missing,Non-Compliant,Non-Compliant,Not Installed,Disconnected,Non-Compliant,Multiple Compliance Failures,On-Demand,Healthy,No
AST-1270,USR-0770,LAP-01270,Laptop,Dell Latitude 5450,Lenovo,Windows 11,Engineering,Hyderabad,Decommissioned,2025-10-18,Enabled,Outdated,Compliant,Compliant,Compliant,Non-Compliant,Installed,Disconnected,Non-Compliant,Asset Not Active,On-Demand,Warning,No
AST-1271,USR-0771,LAP-01271,Laptop,Dell Latitude 5450,HP,Windows 10,Support,Chennai,Active,2026-10-03,Enabled,Up-to-Date,Missing,Non-Compliant,Compliant,Non-Compliant,Not Installed,Intermittent,Non-Compliant,Multiple Compliance Failures,Daily,Critical,No
AST-1272,USR-0772,LAP-01272,Laptop,Lenovo ThinkPad T14 Gen 4,Dell,Windows 10,Legal,Chennai,Active,2026-02-20,Enabled,Up-to-Date,Missing,Compliant,Missing,Compliant,Installed,Intermittent,Non-Compliant,Multiple Compliance Failures,On-Demand,Critical,No
AST-1273,USR-0773,LAP-01273,Laptop,Lenovo ThinkPad E14 Gen 5,Lenovo,Windows 11,Legal,Pune,Active,2026-07-04,Enabled,Disabled,Non-Compliant,Missing,Missing,Compliant,Not Installed,Intermittent,Non-Compliant,Multiple Compliance Failures,Daily,Critical,No
AST-1274,USR-0774,DEV-01274,Desktop,Lenovo ThinkPad E14 Gen 5,Lenovo,Windows 10,Finance,Kolkata,Active,2026-05-08,Enabled,Up-to-Date,Compliant,Compliant,Compliant,Compliant,N/A,Intermittent,Compliant,No Issue,On-Demand,Warning,Yes
AST-1275,USR-0775,LAP-01275,Laptop,HP ProBook 440 G10,Lenovo,Windows 11,Marketing,Pune,Inactive,2026-10-01,Disabled,Up-to-Date,Compliant,Non-Compliant,Compliant,Compliant,Not Installed,Intermittent,Non-Compliant,Multiple Compliance Failures,Weekly,Warning,No
AST-1276,USR-0776,LAP-01276,Laptop,Dell Latitude 5440,HP,Windows 11,IT,Hyderabad,Inactive,2026-08-18,Disabled,Outdated,Compliant,Non-Compliant,Not Installed,Compliant,N/A,Intermittent,Non-Compliant,Multiple Compliance Failures,Daily,Critical,Yes
AST-1277,USR-0777,LAP-01277,Laptop,HP ProBook 440 G10,Dell,Windows 11,Marketing,Gurugram,Exited,2025-10-25,Enabled,Missing,Compliant,Non-Compliant,Non-Compliant,Compliant,Installed,Connected,Non-Compliant,Asset Not Active,Weekly,Warning,Yes
AST-1278,USR-0778,LAP-01278,Laptop,Lenovo ThinkPad E14 Gen 5,Lenovo,Windows 10,Sales,Delhi,Active,2026-02-18,Enabled,Disabled,Non-Compliant,Non-Compliant,Non-Compliant,Compliant,Not Installed,Intermittent,Non-Compliant,Multiple Compliance Failures,On-Demand,Warning,Yes
AST-1279,USR-0779,LAP-01279,Laptop,Dell Precision 3580,Lenovo,Windows 10,Legal,Delhi,Inactive,2026-01-06,Disabled,Up-to-Date,Not Installed,Compliant,Non-Compliant,Non-Compliant,Not Installed,Disconnected,Non-Compliant,Multiple Compliance Failures,On-Demand,Healthy,No
AST-1280,USR-0780,LAP-01280,Laptop,HP EliteBook 840 G10,HP,Windows 11,Legal,Gurugram,Active,2026-04-24,Enabled,Up-to-Date,Non-Compliant,Compliant,Compliant,Non-Compliant,Installed,Connected,Non-Compliant,Multiple Compliance Failures,Weekly,Healthy,No
AST-1281,USR-0781,LAP-01281,Laptop,Lenovo ThinkPad T14 Gen 4,Lenovo,Windows 11,Support,Bengaluru,Active,2026-04-11,Enabled,Outdated,Non-Compliant,Compliant,Compliant,Non-Compliant,Installed,Connected,Non-Compliant,Multiple Compliance Failures,Daily,Warning,No
AST-1282,USR-0782,LAP-01282,Laptop,Dell Precision 3580,Lenovo,Windows 10,Engineering,Gurugram,Active,2026-06-29,Disabled,Up-to-Date,Compliant,Compliant,Non-Compliant,Compliant,Installed,Disconnected,Non-Compliant,Multiple Compliance Failures,Daily,Healthy,Yes
AST-1283,USR-0783,LAP-01283,Laptop,Dell Precision 3580,Lenovo,Windows 11,HR,Hyderabad,Active,2026-06-25,Enabled,Outdated,Compliant,Non-Compliant,Compliant,Pending,Installed,Disconnected,Non-Compliant,Multiple Compliance Failures,Weekly,Healthy,No
AST-1284,USR-0784,LAP-01284,Laptop,HP EliteBook 840 G10,Dell,Windows 11,Finance,Delhi,Active,2026-09-27,Enabled,Up-to-Date,Compliant,Non-Compliant,Compliant,Non-Compliant,Installed,Disconnected,Non-Compliant,Multiple Compliance Failures,Daily,Critical,No
AST-1285,USR-0785,LAP-01285,Laptop,HP ProBook 440 G10,Dell,Windows 10,Support,Noida,Active,2026-07-17,Enabled,Up-to-Date,Missing,Non-Compliant,Missing,Compliant,N/A,Disconnected,Non-Compliant,Multiple Compliance Failures,Weekly,Critical,Yes
AST-1286,USR-0786,LAP-01286,Laptop,Lenovo ThinkPad E14 Gen 5,HP,Windows 11,Sales,Bengaluru,Active,2026-06-30,Disabled,Up-to-Date,Compliant,Compliant,Compliant,Compliant,Installed,Intermittent,Partially Compliant,DES Non-Compliant,Weekly,Healthy,No
AST-1287,USR-0787,DEV-01287,Desktop,Lenovo ThinkPad T14 Gen 4,Lenovo,Windows 10,Operations,Mumbai,Decommissioned,2026-02-11,Enabled,Outdated,Compliant,Compliant,Missing,Non-Compliant,N/A,Connected,Non-Compliant,Asset Not Active,On-Demand,Healthy,No
AST-1288,USR-0788,LAP-01288,Laptop,Dell Precision 3580,HP,Windows 10,Finance,Gurugram,Exited,2025-11-04,Disabled,Up-to-Date,Compliant,Compliant,Non-Compliant,Pending,Installed,Disconnected,Non-Compliant,Asset Not Active,Daily,Critical,Yes
AST-1289,USR-0789,LAP-01289,Laptop,Dell Precision 3580,Dell,Windows 10,Operations,Noida,Active,2026-05-21,Enabled,Up-to-Date,Not Installed,Missing,Compliant,Non-Compliant,Not Installed,Connected,Non-Compliant,Multiple Compliance Failures,Daily,Healthy,No
AST-1290,USR-0790,LAP-01290,Laptop,Dell Precision 3580,Dell,Windows 11,Legal,Chennai,Active,2026-07-11,Enabled,Up-to-Date,Compliant,Non-Compliant,Compliant,Pending,Installed,Disconnected,Non-Compliant,Multiple Compliance Failures,Daily,Healthy,Yes
AST-1291,USR-0791,DEV-01291,Workstation,HP ProBook 440 G10,Lenovo,Windows 11,Marketing,Chennai,Active,2026-08-13,Disabled,Disabled,Compliant,Non-Compliant,Compliant,Compliant,N/A,Connected,Non-Compliant,Multiple Compliance Failures,Weekly,Warning,Yes
AST-1292,USR-0792,LAP-01292,Laptop,HP ProBook 440 G10,HP,Windows 10,IT,Bengaluru,Active,2026-02-25,Enabled,Disabled,Non-Compliant,Compliant,Non-Compliant,Non-Compliant,Installed,Intermittent,Non-Compliant,Multiple Compliance Failures,On-Demand,Warning,Yes
AST-1293,USR-0793,LAP-01293,Laptop,Lenovo ThinkPad T14 Gen 4,Lenovo,Windows 11,Finance,Chennai,Active,2026-01-28,Enabled,Up-to-Date,Compliant,Compliant,Missing,Compliant,Installed,Intermittent,Partially Compliant,DLP Missing,Weekly,Healthy,Yes
AST-1294,USR-0794,DEV-01294,Desktop,HP EliteBook 840 G10,HP,Windows 11,Finance,Noida,Active,2026-02-16,Disabled,Up-to-Date,Compliant,Compliant,Compliant,Pending,N/A,Connected,Non-Compliant,Multiple Compliance Failures,Daily,Critical,No
AST-1295,USR-0795,LAP-01295,Laptop,Dell Precision 3580,Lenovo,Windows 11,Finance,Gurugram,Active,2026-06-21,Disabled,Disabled,Non-Compliant,Compliant,Compliant,Compliant,Installed,Connected,Non-Compliant,Multiple Compliance Failures,Daily,Critical,Yes
AST-1296,USR-0796,LAP-01296,Laptop,Dell Precision 3580,HP,Windows 11,Engineering,Kolkata,Active,2026-08-23,Enabled,Outdated,Compliant,Compliant,Compliant,Non-Compliant,Installed,Connected,Non-Compliant,Multiple Compliance Failures,On-Demand,Warning,Yes
AST-1297,USR-0797,LAP-01297,Laptop,Dell Latitude 5450,Dell,Windows 10,Finance,Delhi,Active,2026-04-17,Enabled,Outdated,Compliant,Disabled,Compliant,Non-Compliant,Not Installed,Intermittent,Non-Compliant,Multiple Compliance Failures,Weekly,Healthy,Yes
AST-1298,USR-0798,DEV-01298,Desktop,Lenovo ThinkPad T14 Gen 4,Lenovo,Windows 10,Marketing,Delhi,Decommissioned,2026-01-25,Enabled,Disabled,Compliant,Compliant,Compliant,Non-Compliant,N/A,Connected,Non-Compliant,Asset Not Active,Weekly,Warning,No
AST-1299,USR-0799,LAP-01299,Laptop,Dell Latitude 5440,Lenovo,Windows 10,HR,Kolkata,Decommissioned,2025-11-23,Disabled,Up-to-Date,Compliant,Compliant,Missing,Compliant,Installed,Connected,Non-Compliant,Asset Not Active,Weekly,Critical,No
AST-1300,USR-0800,LAP-01300,Laptop,Dell Latitude 5450,Lenovo,Windows 10,Sales,Bengaluru,Active,2026-04-03,Disabled,Outdated,Not Installed,Non-Compliant,Compliant,Non-Compliant,Installed,Connected,Non-Compliant,Multiple Compliance Failures,Daily,Healthy,No
AST-1301,USR-0801,DEV-01301,Desktop,HP EliteBook 840 G10,Lenovo,Windows 11,Sales,Noida,Active,2026-04-14,Disabled,Disabled,Compliant,Compliant,Compliant,Non-Compliant,N/A,Disconnected,Non-Compliant,Multiple Compliance Failures,Weekly,Critical,No
AST-1302,USR-0802,LAP-01302,Laptop,Dell Precision 3580,HP,Windows 11,IT,Gurugram,Inactive,2026-09-03,Enabled,Outdated,Not Installed,Disabled,Compliant,Pending,N/A,Disconnected,Non-Compliant,Multiple Compliance Failures,Daily,Critical,No
AST-1303,USR-0803,LAP-01303,Laptop,Lenovo ThinkPad T14 Gen 4,Dell,Windows 11,Marketing,Pune,Decommissioned,2025-10-05,Disabled,Up-to-Date,Non-Compliant,Disabled,Compliant,Non-Compliant,Installed,Connected,Non-Compliant,Asset Not Active,Daily,Warning,Yes
AST-1304,USR-0804,LAP-01304,Laptop,HP ProBook 440 G10,HP,Windows 11,HR,Chennai,Active,2026-01-17,Enabled,Outdated,Compliant,Compliant,Non-Compliant,Compliant,N/A,Connected,Non-Compliant,Multiple Compliance Failures,Weekly,Warning,No
AST-1305,USR-0805,LAP-01305,Laptop,HP ProBook 440 G10,HP,Windows 11,Support,Hyderabad,Active,2026-04-08,Disabled,Outdated,Missing,Compliant,Compliant,Compliant,Installed,Disconnected,Non-Compliant,Multiple Compliance Failures,Daily,Healthy,Yes
AST-1306,USR-0806,LAP-01306,Laptop,Lenovo ThinkPad T14 Gen 4,Dell,Windows 11,Sales,Delhi,Active,2026-01-24,Disabled,Up-to-Date,Compliant,Compliant,Missing,Pending,Installed,Intermittent,Non-Compliant,Multiple Compliance Failures,Weekly,Critical,Yes
AST-1307,USR-0807,LAP-01307,Laptop,Dell Latitude 5450,Dell,Windows 11,Support,Pune,Active,2026-09-21,Enabled,Up-to-Date,Compliant,Compliant,Compliant,Compliant,Not Installed,Intermittent,Compliant,No Issue,Weekly,Warning,Yes
AST-1308,USR-0808,LAP-01308,Laptop,Dell Latitude 5440,HP,Windows 10,HR,Mumbai,Exited,2025-10-28,Enabled,Up-to-Date,Missing,Compliant,Compliant,Compliant,N/A,Disconnected,Non-Compliant,Asset Not Active,Daily,Critical,No
AST-1309,USR-0809,DEV-01309,Desktop,HP ProBook 440 G10,Dell,Windows 11,Sales,Chennai,Active,2026-08-28,Disabled,Outdated,Compliant,Missing,Non-Compliant,Compliant,N/A,Disconnected,Non-Compliant,Multiple Compliance Failures,Daily,Healthy,Yes
AST-1310,USR-0810,DEV-01310,Desktop,HP ProBook 440 G10,HP,Windows 11,Engineering,Gurugram,Decommissioned,2025-10-29,Enabled,Outdated,Non-Compliant,Non-Compliant,Missing,Compliant,N/A,Disconnected,Non-Compliant,Asset Not Active,Weekly,Critical,Yes
AST-1311,USR-0811,LAP-01311,Laptop,Dell Latitude 5450,Lenovo,Windows 11,Engineering,Mumbai,Active,2026-05-05,Enabled,Outdated,Compliant,Compliant,Compliant,Non-Compliant,Installed,Connected,Non-Compliant,Multiple Compliance Failures,Weekly,Healthy,No
AST-1312,USR-0812,DEV-01312,Desktop,Lenovo ThinkPad T14 Gen 4,HP,Windows 11,HR,Chennai,Inactive,2026-08-26,Disabled,Up-to-Date,Non-Compliant,Compliant,Not Installed,Non-Compliant,N/A,Connected,Non-Compliant,Multiple Compliance Failures,Weekly,Warning,Yes
AST-1313,USR-0813,LAP-01313,Laptop,Lenovo ThinkPad E14 Gen 5,Dell,Windows 10,Finance,Chennai,Active,2026-01-01,Disabled,Up-to-Date,Non-Compliant,Compliant,Compliant,Compliant,Installed,Intermittent,Non-Compliant,Multiple Compliance Failures,Weekly,Warning,No
AST-1314,USR-0814,LAP-01314,Laptop,Dell Latitude 5440,Lenovo,Windows 10,Support,Mumbai,Active,2026-02-15,Disabled,Disabled,Compliant,Missing,Compliant,Outdated,Installed,Connected,Non-Compliant,Multiple Compliance Failures,Weekly,Healthy,No
AST-1315,USR-0815,LAP-01315,Laptop,HP ProBook 440 G10,HP,Windows 10,Legal,Kolkata,Decommissioned,2026-01-06,Disabled,Disabled,Compliant,Compliant,Compliant,Compliant,Installed,Connected,Non-Compliant,Asset Not Active,On-Demand,Healthy,No
AST-1316,USR-0816,DEV-01316,Desktop,HP ProBook 440 G10,Lenovo,Windows 11,Finance,Noida,Active,2026-09-07,Enabled,Up-to-Date,Compliant,Disabled,Compliant,Compliant,N/A,Connected,Partially Compliant,Antivirus Outdated,On-Demand,Warning,No
AST-1317,USR-0817,DEV-01317,Desktop,Dell Precision 3580,HP,Windows 10,Operations,Kolkata,Decommissioned,2026-02-25,Disabled,Outdated,Compliant,Non-Compliant,Compliant,Compliant,N/A,Disconnected,Non-Compliant,Asset Not Active,Weekly,Critical,No
AST-1318,USR-0818,LAP-01318,Laptop,Lenovo ThinkPad T14 Gen 4,HP,Windows 11,HR,Kolkata,Active,2026-05-24,Enabled,Outdated,Not Installed,Compliant,Non-Compliant,Non-Compliant,N/A,Intermittent,Non-Compliant,Multiple Compliance Failures,Daily,Healthy,No
AST-1319,USR-0819,LAP-01319,Laptop,HP ProBook 440 G10,Lenovo,Windows 10,Marketing,Mumbai,Active,2026-08-21,Disabled,Outdated,Non-Compliant,Non-Compliant,Missing,Non-Compliant,Installed,Disconnected,Non-Compliant,Multiple Compliance Failures,Weekly,Warning,Yes
AST-1320,USR-0820,LAP-01320,Laptop,HP ProBook 440 G10,HP,Windows 10,HR,Gurugram,Active,2026-01-14,Disabled,Outdated,Compliant,Compliant,Compliant,Compliant,N/A,Intermittent,Non-Compliant,Multiple Compliance Failures,Daily,Warning,No
AST-1321,USR-0821,DEV-01321,Desktop,Dell Latitude 5450,HP,Windows 11,Support,Delhi,Active,2026-05-01,Enabled,Up-to-Date,Compliant,Non-Compliant,Compliant,Compliant,Installed,Disconnected,Partially Compliant,Windows Patch Pending,Daily,Healthy,Yes
AST-1322,USR-0822,LAP-01322,Laptop,Dell Latitude 5450,Dell,Windows 10,Engineering,Mumbai,Decommissioned,2025-10-30,Enabled,Outdated,Non-Compliant,Compliant,Non-Compliant,Pending,Installed,Disconnected,Non-Compliant,Asset Not Active,Weekly,Warning,Yes
AST-1323,USR-0823,LAP-01323,Laptop,Lenovo ThinkPad T14 Gen 4,Dell,Windows 10,Marketing,Mumbai,Active,2026-01-22,Enabled,Missing,Compliant,Missing,Compliant,Non-Compliant,N/A,Intermittent,Non-Compliant,Multiple Compliance Failures,On-Demand,Warning,No
AST-1324,USR-0824,LAP-01324,Laptop,Lenovo ThinkPad T14 Gen 4,HP,Windows 10,IT,Delhi,Active,2026-04-03,Disabled,Outdated,Non-Compliant,Compliant,Non-Compliant,Non-Compliant,Installed,Connected,Non-Compliant,Multiple Compliance Failures,Daily,Warning,Yes
AST-1325,USR-0825,LAP-01325,Laptop,Lenovo ThinkPad E14 Gen 5,Lenovo,Windows 10,HR,Noida,Active,2026-04-22,Disabled,Up-to-Date,Compliant,Non-Compliant,Compliant,Non-Compliant,N/A,Connected,Non-Compliant,Multiple Compliance Failures,On-Demand,Healthy,No
AST-1326,USR-0826,LAP-01326,Laptop,Lenovo ThinkPad E14 Gen 5,HP,Windows 10,Marketing,Hyderabad,Active,2026-05-22,Unknown,Missing,Non-Compliant,Compliant,Compliant,Outdated,Not Installed,Connected,Non-Compliant,Multiple Compliance Failures,Daily,Warning,Yes
AST-1327,USR-0827,LAP-01327,Laptop,Dell Latitude 5450,Dell,Windows 11,Support,Mumbai,Active,2026-09-09,Unknown,Up-to-Date,Compliant,Compliant,Not Installed,Non-Compliant,Installed,Connected,Non-Compliant,Multiple Compliance Failures,On-Demand,Critical,Yes
AST-1328,USR-0828,LAP-01328,Laptop,Dell Latitude 5450,HP,Windows 10,Marketing,Mumbai,Decommissioned,2026-01-08,Enabled,Outdated,Compliant,Compliant,Missing,Compliant,Not Installed,Intermittent,Non-Compliant,Asset Not Active,Daily,Critical,No
AST-1329,USR-0829,LAP-01329,Laptop,HP EliteBook 840 G10,HP,Windows 11,Sales,Mumbai,Active,2026-10-02,Disabled,Up-to-Date,Compliant,Compliant,Non-Compliant,Non-Compliant,Installed,Connected,Non-Compliant,Multiple Compliance Failures,On-Demand,Critical,Yes
AST-1330,USR-0830,LAP-01330,Laptop,HP ProBook 440 G10,Lenovo,Windows 10,HR,Pune,Active,2026-06-03,Disabled,Outdated,Compliant,Compliant,Compliant,Outdated,Not Installed,Disconnected,Non-Compliant,Multiple Compliance Failures,Daily,Critical,No
AST-1331,USR-0831,LAP-01331,Laptop,Dell Latitude 5440,Dell,Windows 11,Marketing,Delhi,Inactive,2026-08-19,Disabled,Outdated,Compliant,Compliant,Compliant,Compliant,Installed,Disconnected,Non-Compliant,Multiple Compliance Failures,On-Demand,Healthy,No
AST-1332,USR-0832,LAP-01332,Laptop,Lenovo ThinkPad E14 Gen 5,HP,Windows 10,IT,Chennai,Active,2026-03-14,Enabled,Outdated,Missing,Compliant,Non-Compliant,Outdated,Installed,Intermittent,Non-Compliant,Multiple Compliance Failures,Daily,Healthy,Yes
AST-1333,USR-0833,DEV-01333,Desktop,Dell Precision 3580,Dell,Windows 10,Operations,Mumbai,Active,2026-04-23,Disabled,Up-to-Date,Non-Compliant,Disabled,Compliant,Pending,N/A,Disconnected,Non-Compliant,Multiple Compliance Failures,On-Demand,Critical,No
AST-1334,USR-0834,LAP-01334,Laptop,Dell Latitude 5450,HP,Windows 10,Marketing,Kolkata,Active,2026-03-14,Enabled,Missing,Non-Compliant,Non-Compliant,Non-Compliant,Compliant,Installed,Connected,Non-Compliant,Multiple Compliance Failures,Weekly,Healthy,Yes
AST-1335,USR-0835,LAP-01335,Laptop,Lenovo ThinkPad E14 Gen 5,HP,Windows 10,Engineering,Gurugram,Active,2026-05-26,Enabled,Up-to-Date,Missing,Compliant,Compliant,Outdated,Not Installed,Connected,Non-Compliant,Multiple Compliance Failures,Daily,Critical,No
AST-1336,USR-0836,DEV-01336,Desktop,Dell Latitude 5450,Lenovo,Windows 11,Operations,Noida,Active,2026-01-03,Disabled,Up-to-Date,Compliant,Compliant,Not Installed,Non-Compliant,Installed,Intermittent,Non-Compliant,Multiple Compliance Failures,Daily,Critical,No
AST-1337,USR-0837,LAP-01337,Laptop,Dell Latitude 5450,Dell,Windows 10,IT,Delhi,Decommissioned,2026-02-05,Enabled,Outdated,Compliant,Compliant,Compliant,Compliant,Not Installed,Intermittent,Non-Compliant,Asset Not Active,Weekly,Warning,Yes
AST-1338,USR-0838,DEV-01338,Desktop,Dell Latitude 5450,Dell,Windows 11,Engineering,Pune,Active,2026-03-01,Disabled,Up-to-Date,Non-Compliant,Missing,Compliant,Pending,N/A,Disconnected,Non-Compliant,Multiple Compliance Failures,Daily,Critical,No
AST-1339,USR-0839,LAP-01339,Laptop,Dell Latitude 5450,Dell,Windows 11,Engineering,Gurugram,Active,2026-08-12,Enabled,Up-to-Date,Compliant,Disabled,Compliant,Non-Compliant,Installed,Disconnected,Non-Compliant,Multiple Compliance Failures,Weekly,Healthy,No
AST-1340,USR-0840,DEV-01340,Workstation,Dell Latitude 5450,HP,Windows 10,Sales,Gurugram,Inactive,2026-03-29,Enabled,Up-to-Date,Non-Compliant,Compliant,Compliant,Pending,N/A,Intermittent,Non-Compliant,Multiple Compliance Failures,On-Demand,Healthy,Yes
AST-1341,USR-0841,LAP-01341,Laptop,Lenovo ThinkPad T14 Gen 4,HP,Windows 10,Operations,Gurugram,Active,2026-06-17,Unknown,Outdated,Missing,Compliant,Non-Compliant,Non-Compliant,Installed,Intermittent,Non-Compliant,Multiple Compliance Failures,Daily,Warning,Yes
AST-1342,USR-0842,LAP-01342,Laptop,Lenovo ThinkPad E14 Gen 5,Lenovo,Windows 11,Legal,Bengaluru,Active,2026-01-07,Enabled,Outdated,Compliant,Non-Compliant,Missing,Compliant,Installed,Connected,Non-Compliant,Multiple Compliance Failures,Weekly,Warning,Yes
AST-1343,USR-0843,LAP-01343,Laptop,Dell Precision 3580,Dell,Windows 11,Marketing,Chennai,Active,2026-07-27,Enabled,Outdated,Missing,Non-Compliant,Compliant,Compliant,Not Installed,Intermittent,Non-Compliant,Multiple Compliance Failures,On-Demand,Healthy,Yes
AST-1344,USR-0844,LAP-01344,Laptop,Dell Latitude 5440,Lenovo,Windows 10,Support,Pune,Active,2026-06-21,Enabled,Outdated,Non-Compliant,Non-Compliant,Non-Compliant,Compliant,Not Installed,Connected,Non-Compliant,Multiple Compliance Failures,Daily,Warning,No
AST-1345,USR-0845,LAP-01345,Laptop,Dell Precision 3580,Lenovo,Windows 11,Operations,Bengaluru,Active,2026-09-02,Disabled,Outdated,Non-Compliant,Non-Compliant,Compliant,Compliant,Installed,Disconnected,Non-Compliant,Multiple Compliance Failures,Weekly,Warning,No
AST-1346,USR-0846,LAP-01346,Laptop,Lenovo ThinkPad E14 Gen 5,Lenovo,Windows 11,HR,Bengaluru,Active,2026-07-08,Enabled,Outdated,Compliant,Non-Compliant,Non-Compliant,Non-Compliant,Installed,Disconnected,Non-Compliant,Multiple Compliance Failures,Daily,Healthy,No
AST-1347,USR-0847,DEV-01347,Workstation,Lenovo ThinkPad T14 Gen 4,Lenovo,Windows 11,Finance,Chennai,Decommissioned,2026-01-15,Enabled,Up-to-Date,Non-Compliant,Compliant,Missing,Non-Compliant,N/A,Disconnected,Non-Compliant,Asset Not Active,Weekly,Warning,Yes
AST-1348,USR-0848,DEV-01348,Desktop,HP ProBook 440 G10,Lenovo,Windows 11,Engineering,Hyderabad,Active,2026-09-29,Enabled,Disabled,Non-Compliant,Compliant,Compliant,Non-Compliant,N/A,Intermittent,Non-Compliant,Multiple Compliance Failures,Daily,Warning,Yes
AST-1349,USR-0849,LAP-01349,Laptop,Dell Latitude 5450,HP,Windows 11,Finance,Gurugram,Inactive,2026-10-02,Enabled,Missing,Compliant,Compliant,Not Installed,Non-Compliant,Installed,Connected,Non-Compliant,Multiple Compliance Failures,Daily,Healthy,Yes
AST-1350,USR-0850,LAP-01350,Laptop,Dell Latitude 5440,HP,Windows 11,IT,Mumbai,Exited,2026-02-14,Enabled,Up-to-Date,Non-Compliant,Non-Compliant,Not Installed,Compliant,Installed,Disconnected,Non-Compliant,Asset Not Active,Daily,Warning,No
AST-1351,USR-0851,LAP-01351,Laptop,Lenovo ThinkPad E14 Gen 5,Lenovo,Windows 10,Engineering,Pune,Active,2026-03-17,Enabled,Outdated,Compliant,Disabled,Not Installed,Non-Compliant,N/A,Intermittent,Non-Compliant,Multiple Compliance Failures,Daily,Critical,No
AST-1352,USR-0852,LAP-01352,Laptop,Dell Latitude 5450,HP,Windows 11,IT,Noida,Decommissioned,2025-11-26,Enabled,Up-to-Date,Missing,Compliant,Compliant,Compliant,Not Installed,Intermittent,Non-Compliant,Asset Not Active,Weekly,Critical,Yes
AST-1353,USR-0853,LAP-01353,Laptop,HP EliteBook 840 G10,Dell,Windows 11,Marketing,Pune,Exited,2026-01-04,Disabled,Outdated,Compliant,Non-Compliant,Compliant,Non-Compliant,Installed,Disconnected,Non-Compliant,Asset Not Active,Weekly,Critical,Yes
AST-1354,USR-0854,LAP-01354,Laptop,Dell Latitude 5450,Dell,Windows 10,Sales,Chennai,Active,2026-02-14,Enabled,Up-to-Date,Compliant,Non-Compliant,Missing,Non-Compliant,Installed,Intermittent,Non-Compliant,Multiple Compliance Failures,Weekly,Healthy,No
AST-1355,USR-0855,DEV-01355,Desktop,Dell Precision 3580,Dell,Windows 11,Sales,Hyderabad,Active,2026-09-09,Enabled,Outdated,Non-Compliant,Non-Compliant,Compliant,Compliant,N/A,Disconnected,Non-Compliant,Multiple Compliance Failures,On-Demand,Critical,No
AST-1356,USR-0856,LAP-01356,Laptop,Dell Latitude 5440,Dell,Windows 10,Sales,Chennai,Active,2026-05-06,Enabled,Outdated,Non-Compliant,Compliant,Non-Compliant,Compliant,Installed,Connected,Non-Compliant,Multiple Compliance Failures,On-Demand,Critical,No
AST-1357,USR-0857,DEV-01357,Desktop,HP EliteBook 840 G10,Dell,Windows 11,Engineering,Gurugram,Active,2026-01-30,Disabled,Outdated,Non-Compliant,Compliant,Compliant,Non-Compliant,Installed,Disconnected,Non-Compliant,Multiple Compliance Failures,Daily,Healthy,No
AST-1358,USR-0858,DEV-01358,Workstation,HP EliteBook 840 G10,Lenovo,Windows 10,Marketing,Hyderabad,Active,2026-03-27,Enabled,Up-to-Date,Non-Compliant,Compliant,Compliant,Non-Compliant,Installed,Disconnected,Non-Compliant,Multiple Compliance Failures,On-Demand,Critical,No
AST-1359,USR-0859,DEV-01359,Desktop,Dell Latitude 5450,Lenovo,Windows 11,Operations,Kolkata,Active,2026-03-21,Enabled,Outdated,Compliant,Compliant,Compliant,Outdated,N/A,Intermittent,Non-Compliant,Multiple Compliance Failures,On-Demand,Critical,Yes
AST-1360,USR-0860,LAP-01360,Laptop,Lenovo ThinkPad E14 Gen 5,Dell,Windows 10,Sales,Delhi,Active,2026-06-25,Enabled,Up-to-Date,Compliant,Non-Compliant,Compliant,Compliant,N/A,Intermittent,Partially Compliant,Windows Patch Pending,Daily,Healthy,Yes
AST-1361,USR-0861,LAP-01361,Laptop,Dell Latitude 5440,Dell,Windows 11,IT,Kolkata,Decommissioned,2025-10-11,Enabled,Up-to-Date,Compliant,Non-Compliant,Non-Compliant,Compliant,Not Installed,Intermittent,Non-Compliant,Asset Not Active,Daily,Warning,Yes
AST-1362,USR-0862,LAP-01362,Laptop,Dell Precision 3580,Dell,Windows 11,Sales,Pune,Decommissioned,2025-10-24,Enabled,Up-to-Date,Compliant,Non-Compliant,Non-Compliant,Compliant,Not Installed,Disconnected,Non-Compliant,Asset Not Active,Daily,Critical,Yes
AST-1363,USR-0863,DEV-01363,Desktop,Lenovo ThinkPad T14 Gen 4,Dell,Windows 11,Engineering,Pune,Active,2026-02-20,Disabled,Outdated,Non-Compliant,Missing,Compliant,Non-Compliant,N/A,Intermittent,Non-Compliant,Multiple Compliance Failures,On-Demand,Healthy,No
AST-1364,USR-0864,DEV-01364,Desktop,HP ProBook 440 G10,Dell,Windows 11,Marketing,Hyderabad,Active,2026-09-24,Unknown,Up-to-Date,Compliant,Compliant,Non-Compliant,Compliant,N/A,Intermittent,Non-Compliant,Multiple Compliance Failures,On-Demand,Healthy,Yes
AST-1365,USR-0865,LAP-01365,Laptop,Dell Precision 3580,Dell,Windows 11,Engineering,Pune,Active,2026-04-07,Disabled,Up-to-Date,Not Installed,Compliant,Compliant,Compliant,N/A,Connected,Non-Compliant,Multiple Compliance Failures,Daily,Critical,No
AST-1366,USR-0866,LAP-01366,Laptop,HP EliteBook 840 G10,Dell,Windows 11,Operations,Pune,Active,2026-03-28,Disabled,Up-to-Date,Compliant,Non-Compliant,Not Installed,Non-Compliant,N/A,Connected,Non-Compliant,Multiple Compliance Failures,On-Demand,Warning,Yes
AST-1367,USR-0867,LAP-01367,Laptop,Lenovo ThinkPad T14 Gen 4,HP,Windows 11,Sales,Gurugram,Active,2026-07-27,Disabled,Outdated,Non-Compliant,Non-Compliant,Non-Compliant,Outdated,Installed,Disconnected,Non-Compliant,Multiple Compliance Failures,Daily,Healthy,No
AST-1368,USR-0868,DEV-01368,Desktop,HP EliteBook 840 G10,Dell,Windows 11,HR,Noida,Active,2026-06-17,Enabled,Outdated,Missing,Compliant,Compliant,Compliant,N/A,Intermittent,Non-Compliant,Multiple Compliance Failures,On-Demand,Warning,No
AST-1369,USR-0869,LAP-01369,Laptop,HP ProBook 440 G10,HP,Windows 10,Marketing,Mumbai,Active,2026-03-02,Enabled,Up-to-Date,Missing,Compliant,Not Installed,Compliant,Installed,Disconnected,Non-Compliant,Multiple Compliance Failures,Weekly,Healthy,Yes
AST-1370,USR-0870,LAP-01370,Laptop,Lenovo ThinkPad T14 Gen 4,Lenovo,Windows 10,Support,Chennai,Active,2026-09-09,Disabled,Up-to-Date,Compliant,Compliant,Compliant,Non-Compliant,Installed,Disconnected,Non-Compliant,Multiple Compliance Failures,On-Demand,Healthy,Yes
AST-1371,USR-0871,DEV-01371,Workstation,HP EliteBook 840 G10,Lenovo,Windows 11,Legal,Noida,Active,2026-01-14,Disabled,Up-to-Date,Not Installed,Compliant,Compliant,Compliant,Installed,Disconnected,Non-Compliant,Multiple Compliance Failures,Weekly,Warning,No
AST-1372,USR-0872,LAP-01372,Laptop,HP ProBook 440 G10,Dell,Windows 10,Legal,Kolkata,Active,2026-06-16,Disabled,Outdated,Missing,Compliant,Compliant,Compliant,Installed,Disconnected,Non-Compliant,Multiple Compliance Failures,Weekly,Healthy,No
AST-1373,USR-0873,LAP-01373,Laptop,Lenovo ThinkPad T14 Gen 4,Dell,Windows 10,Sales,Pune,Active,2026-06-23,Enabled,Outdated,Non-Compliant,Compliant,Non-Compliant,Compliant,Installed,Disconnected,Non-Compliant,Multiple Compliance Failures,Daily,Warning,Yes
AST-1374,USR-0874,LAP-01374,Laptop,Dell Latitude 5440,HP,Windows 11,Support,Chennai,Decommissioned,2025-12-26,Enabled,Disabled,Compliant,Compliant,Non-Compliant,Compliant,Not Installed,Disconnected,Non-Compliant,Asset Not Active,Daily,Warning,Yes
AST-1375,USR-0875,DEV-01375,Desktop,Lenovo ThinkPad E14 Gen 5,Lenovo,Windows 11,Support,Gurugram,Active,2026-01-10,Enabled,Outdated,Compliant,Compliant,Non-Compliant,Compliant,Installed,Intermittent,Non-Compliant,Multiple Compliance Failures,Weekly,Healthy,No
AST-1376,USR-0876,DEV-01376,Desktop,Lenovo ThinkPad E14 Gen 5,Dell,Windows 10,Sales,Mumbai,Active,2026-05-04,Disabled,Disabled,Not Installed,Non-Compliant,Compliant,Compliant,N/A,Disconnected,Non-Compliant,Multiple Compliance Failures,Weekly,Healthy,Yes
AST-1377,USR-0877,LAP-01377,Laptop,Lenovo ThinkPad T14 Gen 4,HP,Windows 11,Legal,Mumbai,Decommissioned,2026-01-27,Enabled,Outdated,Compliant,Compliant,Compliant,Compliant,Not Installed,Intermittent,Non-Compliant,Asset Not Active,Daily,Healthy,Yes
AST-1378,USR-0878,DEV-01378,Desktop,Lenovo ThinkPad T14 Gen 4,HP,Windows 11,Sales,Noida,Active,2026-02-12,Enabled,Outdated,Non-Compliant,Compliant,Non-Compliant,Pending,N/A,Disconnected,Non-Compliant,Multiple Compliance Failures,Weekly,Critical,Yes
AST-1379,USR-0879,DEV-01379,Desktop,Dell Latitude 5450,Dell,Windows 10,HR,Pune,Active,2026-09-12,Enabled,Outdated,Compliant,Compliant,Non-Compliant,Non-Compliant,Installed,Disconnected,Non-Compliant,Multiple Compliance Failures,On-Demand,Critical,No
AST-1380,USR-0880,DEV-01380,Desktop,Dell Latitude 5440,Lenovo,Windows 10,Marketing,Kolkata,Decommissioned,2026-01-04,Enabled,Up-to-Date,Compliant,Compliant,Compliant,Pending,N/A,Disconnected,Non-Compliant,Asset Not Active,Weekly,Critical,Yes
AST-1381,USR-0881,DEV-01381,Desktop,Lenovo ThinkPad T14 Gen 4,HP,Windows 10,Legal,Hyderabad,Exited,2025-12-01,Enabled,Outdated,Missing,Compliant,Not Installed,Non-Compliant,Not Installed,Intermittent,Non-Compliant,Asset Not Active,On-Demand,Warning,Yes
AST-1382,USR-0882,LAP-01382,Laptop,Dell Precision 3580,Dell,Windows 11,Finance,Chennai,Active,2026-06-02,Enabled,Disabled,Not Installed,Disabled,Compliant,Outdated,Not Installed,Intermittent,Non-Compliant,Multiple Compliance Failures,Weekly,Critical,No
AST-1383,USR-0883,LAP-01383,Laptop,Lenovo ThinkPad E14 Gen 5,Dell,Windows 11,Sales,Kolkata,Inactive,2026-02-21,Disabled,Outdated,Non-Compliant,Missing,Compliant,Compliant,N/A,Connected,Non-Compliant,Multiple Compliance Failures,Weekly,Warning,No
AST-1384,USR-0884,LAP-01384,Laptop,Dell Latitude 5450,Dell,Windows 11,Operations,Kolkata,Active,2026-02-12,Disabled,Outdated,Non-Compliant,Compliant,Compliant,Non-Compliant,Installed,Intermittent,Non-Compliant,Multiple Compliance Failures,On-Demand,Healthy,No
AST-1385,USR-0885,LAP-01385,Laptop,Dell Precision 3580,HP,Windows 11,Operations,Delhi,Decommissioned,2026-01-09,Disabled,Up-to-Date,Non-Compliant,Non-Compliant,Non-Compliant,Compliant,Installed,Connected,Non-Compliant,Asset Not Active,On-Demand,Critical,Yes
AST-1386,USR-0886,LAP-01386,Laptop,Lenovo ThinkPad T14 Gen 4,Lenovo,Windows 10,Legal,Chennai,Decommissioned,2025-10-04,Disabled,Up-to-Date,Compliant,Compliant,Compliant,Compliant,Installed,Intermittent,Non-Compliant,Asset Not Active,Weekly,Healthy,Yes
AST-1387,USR-0887,DEV-01387,Desktop,Dell Latitude 5450,HP,Windows 11,Legal,Gurugram,Inactive,2026-04-07,Disabled,Up-to-Date,Compliant,Compliant,Missing,Non-Compliant,Installed,Connected,Non-Compliant,Multiple Compliance Failures,Weekly,Warning,Yes
AST-1388,USR-0888,LAP-01388,Laptop,HP ProBook 440 G10,Lenovo,Windows 10,Sales,Noida,Active,2026-07-16,Disabled,Outdated,Compliant,Compliant,Compliant,Non-Compliant,Not Installed,Connected,Non-Compliant,Multiple Compliance Failures,On-Demand,Healthy,Yes
AST-1389,USR-0889,DEV-01389,Desktop,HP ProBook 440 G10,HP,Windows 11,Marketing,Gurugram,Active,2026-07-15,Unknown,Disabled,Not Installed,Non-Compliant,Non-Compliant,Compliant,N/A,Intermittent,Non-Compliant,Multiple Compliance Failures,Daily,Critical,Yes
AST-1390,USR-0890,DEV-01390,Desktop,Lenovo ThinkPad E14 Gen 5,HP,Windows 11,Marketing,Mumbai,Active,2026-09-13,Disabled,Up-to-Date,Compliant,Compliant,Compliant,Compliant,N/A,Disconnected,Partially Compliant,BitLocker Disabled,Weekly,Critical,No
AST-1391,USR-0891,LAP-01391,Laptop,Dell Latitude 5440,Dell,Windows 11,Operations,Gurugram,Active,2026-04-07,Disabled,Outdated,Not Installed,Compliant,Not Installed,Non-Compliant,Installed,Connected,Non-Compliant,Multiple Compliance Failures,Weekly,Warning,Yes
AST-1392,USR-0892,DEV-01392,Workstation,Dell Latitude 5440,HP,Windows 11,Operations,Hyderabad,Active,2026-03-05,Disabled,Up-to-Date,Compliant,Non-Compliant,Compliant,Compliant,N/A,Connected,Non-Compliant,Multiple Compliance Failures,Daily,Critical,No
AST-1393,USR-0893,LAP-01393,Laptop,Dell Latitude 5440,HP,Windows 10,Sales,Noida,Active,2026-02-18,Unknown,Up-to-Date,Non-Compliant,Compliant,Not Installed,Compliant,Installed,Disconnected,Non-Compliant,Multiple Compliance Failures,Weekly,Critical,Yes
AST-1394,USR-0894,LAP-01394,Laptop,Lenovo ThinkPad E14 Gen 5,Lenovo,Windows 11,Finance,Bengaluru,Decommissioned,2025-12-23,Disabled,Outdated,Compliant,Missing,Non-Compliant,Compliant,N/A,Connected,Non-Compliant,Asset Not Active,On-Demand,Warning,No
AST-1395,USR-0895,LAP-01395,Laptop,Dell Precision 3580,HP,Windows 10,Legal,Hyderabad,Decommissioned,2025-11-11,Disabled,Up-to-Date,Compliant,Compliant,Non-Compliant,Compliant,Installed,Intermittent,Non-Compliant,Asset Not Active,On-Demand,Healthy,Yes
AST-1396,USR-0896,LAP-01396,Laptop,HP ProBook 440 G10,HP,Windows 10,Sales,Mumbai,Active,2026-08-17,Disabled,Disabled,Non-Compliant,Compliant,Compliant,Compliant,Installed,Connected,Non-Compliant,Multiple Compliance Failures,Weekly,Warning,Yes
AST-1397,USR-0897,LAP-01397,Laptop,HP EliteBook 840 G10,Dell,Windows 11,Engineering,Mumbai,Active,2026-09-26,Enabled,Outdated,Compliant,Non-Compliant,Compliant,Compliant,Not Installed,Connected,Non-Compliant,Multiple Compliance Failures,Weekly,Warning,Yes
AST-1398,USR-0898,LAP-01398,Laptop,Lenovo ThinkPad E14 Gen 5,HP,Windows 10,Sales,Pune,Exited,2025-10-25,Enabled,Up-to-Date,Non-Compliant,Compliant,Missing,Compliant,Installed,Disconnected,Non-Compliant,Asset Not Active,On-Demand,Healthy,Yes
AST-1399,USR-0899,LAP-01399,Laptop,Dell Precision 3580,Lenovo,Windows 10,Sales,Pune,Active,2026-08-19,Enabled,Up-to-Date,Compliant,Disabled,Compliant,Non-Compliant,Installed,Connected,Non-Compliant,Multiple Compliance Failures,Daily,Healthy,Yes
AST-1400,USR-0900,DEV-01400,Desktop,Lenovo ThinkPad T14 Gen 4,HP,Windows 11,Marketing,Mumbai,Inactive,2026-09-07,Enabled,Outdated,Compliant,Compliant,Compliant,Compliant,N/A,Disconnected,Partially Compliant,Windows Patch Pending,Daily,Healthy,Yes
AST-1401,USR-0901,LAP-01401,Laptop,Dell Latitude 5440,Dell,Windows 11,Sales,Chennai,Active,2026-10-03,Unknown,Missing,Compliant,Non-Compliant,Non-Compliant,Compliant,Not Installed,Connected,Non-Compliant,Multiple Compliance Failures,Weekly,Warning,Yes
AST-1402,USR-0902,LAP-01402,Laptop,Dell Latitude 5440,HP,Windows 10,HR,Mumbai,Active,2026-01-27,Enabled,Outdated,Compliant,Compliant,Compliant,Compliant,Not Installed,Disconnected,Partially Compliant,DES Non-Compliant,Weekly,Critical,No
AST-1403,USR-0903,LAP-01403,Laptop,Dell Latitude 5440,Lenovo,Windows 11,Sales,Mumbai,Active,2026-06-11,Disabled,Disabled,Missing,Disabled,Compliant,Compliant,Installed,Disconnected,Non-Compliant,Multiple Compliance Failures,Daily,Warning,No
AST-1404,USR-0904,LAP-01404,Laptop,HP EliteBook 840 G10,Dell,Windows 11,Legal,Mumbai,Active,2026-08-28,Disabled,Outdated,Compliant,Compliant,Non-Compliant,Non-Compliant,N/A,Intermittent,Non-Compliant,Multiple Compliance Failures,On-Demand,Critical,No
AST-1405,USR-0905,DEV-01405,Desktop,HP EliteBook 840 G10,HP,Windows 10,Operations,Bengaluru,Decommissioned,2026-01-15,Disabled,Up-to-Date,Non-Compliant,Non-Compliant,Compliant,Compliant,N/A,Intermittent,Non-Compliant,Asset Not Active,Daily,Healthy,No
AST-1406,USR-0906,LAP-01406,Laptop,HP EliteBook 840 G10,HP,Windows 11,Marketing,Delhi,Decommissioned,2026-02-02,Disabled,Missing,Compliant,Compliant,Compliant,Non-Compliant,Installed,Intermittent,Non-Compliant,Asset Not Active,Weekly,Healthy,Yes
AST-1407,USR-0907,LAP-01407,Laptop,Dell Latitude 5440,Lenovo,Windows 10,Finance,Noida,Active,2026-01-22,Enabled,Missing,Compliant,Compliant,Non-Compliant,Pending,N/A,Connected,Non-Compliant,Multiple Compliance Failures,Weekly,Healthy,No
AST-1408,USR-0908,LAP-01408,Laptop,Dell Precision 3580,Dell,Windows 10,Engineering,Pune,Active,2026-01-04,Disabled,Up-to-Date,Compliant,Non-Compliant,Compliant,Compliant,N/A,Disconnected,Non-Compliant,Multiple Compliance Failures,On-Demand,Healthy,Yes
AST-1409,USR-0909,LAP-01409,Laptop,Dell Precision 3580,HP,Windows 10,Support,Pune,Active,2026-07-29,Disabled,Up-to-Date,Non-Compliant,Compliant,Non-Compliant,Compliant,Installed,Connected,Non-Compliant,Multiple Compliance Failures,Weekly,Healthy,Yes
AST-1410,USR-0910,LAP-01410,Laptop,Lenovo ThinkPad E14 Gen 5,Lenovo,Windows 11,Support,Hyderabad,Inactive,2026-01-30,Enabled,Up-to-Date,Non-Compliant,Compliant,Compliant,Compliant,N/A,Disconnected,Partially Compliant,Antivirus Outdated,Weekly,Critical,No
AST-1411,USR-0911,LAP-01411,Laptop,HP EliteBook 840 G10,Lenovo,Windows 11,Legal,Bengaluru,Inactive,2026-08-15,Disabled,Disabled,Non-Compliant,Compliant,Compliant,Non-Compliant,N/A,Disconnected,Non-Compliant,Multiple Compliance Failures,Daily,Healthy,No
AST-1412,USR-0912,DEV-01412,Desktop,Lenovo ThinkPad T14 Gen 4,Lenovo,Windows 10,Sales,Bengaluru,Active,2026-01-15,Enabled,Outdated,Compliant,Compliant,Compliant,Compliant,N/A,Disconnected,Partially Compliant,Antivirus Outdated,On-Demand,Warning,Yes
AST-1413,USR-0913,LAP-01413,Laptop,Dell Precision 3580,Dell,Windows 10,Support,Bengaluru,Inactive,2026-06-23,Enabled,Up-to-Date,Non-Compliant,Missing,Compliant,Non-Compliant,Installed,Disconnected,Non-Compliant,Multiple Compliance Failures,Weekly,Warning,Yes
AST-1414,USR-0914,LAP-01414,Laptop,Dell Latitude 5440,Dell,Windows 11,Legal,Gurugram,Inactive,2026-02-11,Enabled,Outdated,Missing,Compliant,Compliant,Non-Compliant,Not Installed,Disconnected,Non-Compliant,Multiple Compliance Failures,Daily,Warning,Yes
AST-1415,USR-0915,LAP-01415,Laptop,HP ProBook 440 G10,Lenovo,Windows 11,Finance,Gurugram,Active,2026-09-08,Enabled,Up-to-Date,Compliant,Compliant,Compliant,Compliant,N/A,Intermittent,Compliant,No Issue,Daily,Warning,No
AST-1416,USR-0916,DEV-01416,Desktop,Dell Latitude 5440,Dell,Windows 10,Marketing,Hyderabad,Active,2026-07-29,Enabled,Up-to-Date,Compliant,Non-Compliant,Not Installed,Compliant,Not Installed,Connected,Non-Compliant,Multiple Compliance Failures,On-Demand,Healthy,Yes
AST-1417,USR-0917,LAP-01417,Laptop,Dell Precision 3580,Dell,Windows 10,Engineering,Delhi,Active,2026-04-21,Enabled,Outdated,Compliant,Non-Compliant,Compliant,Pending,N/A,Connected,Non-Compliant,Multiple Compliance Failures,On-Demand,Warning,Yes
AST-1418,USR-0918,LAP-01418,Laptop,Lenovo ThinkPad E14 Gen 5,HP,Windows 11,Engineering,Gurugram,Decommissioned,2026-01-26,Disabled,Disabled,Non-Compliant,Compliant,Non-Compliant,Non-Compliant,Not Installed,Intermittent,Non-Compliant,Asset Not Active,Weekly,Healthy,No
AST-1419,USR-0919,LAP-01419,Laptop,Lenovo ThinkPad E14 Gen 5,Lenovo,Windows 10,HR,Kolkata,Active,2026-06-08,Enabled,Outdated,Compliant,Compliant,Compliant,Compliant,Installed,Connected,Partially Compliant,Windows Patch Pending,Daily,Critical,Yes
AST-1420,USR-0920,LAP-01420,Laptop,Lenovo ThinkPad T14 Gen 4,Lenovo,Windows 11,Marketing,Mumbai,Exited,2025-10-22,Enabled,Up-to-Date,Non-Compliant,Compliant,Not Installed,Compliant,Installed,Intermittent,Non-Compliant,Asset Not Active,Daily,Warning,Yes
AST-1421,USR-0921,LAP-01421,Laptop,HP ProBook 440 G10,HP,Windows 11,Finance,Delhi,Active,2026-03-20,Enabled,Up-to-Date,Compliant,Missing,Compliant,Compliant,Installed,Intermittent,Partially Compliant,Antivirus Outdated,Weekly,Healthy,Yes
AST-1422,USR-0922,LAP-01422,Laptop,Lenovo ThinkPad T14 Gen 4,HP,Windows 11,Support,Mumbai,Inactive,2026-05-02,Enabled,Missing,Compliant,Missing,Missing,Compliant,Installed,Connected,Non-Compliant,Multiple Compliance Failures,Weekly,Healthy,No
AST-1423,USR-0923,LAP-01423,Laptop,Lenovo ThinkPad T14 Gen 4,HP,Windows 11,Legal,Chennai,Active,2026-03-06,Enabled,Up-to-Date,Missing,Compliant,Not Installed,Non-Compliant,Installed,Connected,Non-Compliant,Multiple Compliance Failures,On-Demand,Critical,Yes
AST-1424,USR-0924,LAP-01424,Laptop,Dell Latitude 5450,Lenovo,Windows 11,IT,Delhi,Inactive,2026-05-29,Enabled,Up-to-Date,Not Installed,Missing,Compliant,Compliant,Not Installed,Disconnected,Non-Compliant,Multiple Compliance Failures,Weekly,Critical,No
AST-1425,USR-0925,LAP-01425,Laptop,Lenovo ThinkPad E14 Gen 5,Dell,Windows 11,Support,Hyderabad,Decommissioned,2025-11-01,Disabled,Outdated,Compliant,Compliant,Non-Compliant,Non-Compliant,Installed,Disconnected,Non-Compliant,Asset Not Active,Daily,Critical,No
AST-1426,USR-0926,LAP-01426,Laptop,Dell Latitude 5450,Lenovo,Windows 10,IT,Chennai,Decommissioned,2025-10-05,Unknown,Outdated,Compliant,Non-Compliant,Compliant,Compliant,N/A,Connected,Non-Compliant,Asset Not Active,Daily,Critical,Yes
AST-1427,USR-0927,LAP-01427,Laptop,Dell Latitude 5440,Lenovo,Windows 10,Marketing,Mumbai,Active,2026-08-16,Disabled,Outdated,Non-Compliant,Non-Compliant,Compliant,Compliant,Not Installed,Intermittent,Non-Compliant,Multiple Compliance Failures,Weekly,Warning,Yes
AST-1428,USR-0928,DEV-01428,Workstation,Dell Precision 3580,Dell,Windows 10,Sales,Bengaluru,Decommissioned,2025-11-19,Enabled,Up-to-Date,Compliant,Compliant,Non-Compliant,Non-Compliant,N/A,Connected,Non-Compliant,Asset Not Active,Weekly,Warning,Yes
AST-1429,USR-0929,LAP-01429,Laptop,Lenovo ThinkPad E14 Gen 5,Lenovo,Windows 10,Finance,Noida,Active,2026-04-10,Enabled,Up-to-Date,Missing,Compliant,Missing,Non-Compliant,Installed,Intermittent,Non-Compliant,Multiple Compliance Failures,Daily,Critical,Yes
AST-1430,USR-0930,DEV-01430,Desktop,Lenovo ThinkPad T14 Gen 4,Lenovo,Windows 10,Engineering,Delhi,Active,2026-05-10,Disabled,Outdated,Compliant,Disabled,Compliant,Outdated,N/A,Disconnected,Non-Compliant,Multiple Compliance Failures,On-Demand,Critical,Yes
AST-1431,USR-0931,DEV-01431,Desktop,HP EliteBook 840 G10,HP,Windows 11,IT,Mumbai,Decommissioned,2026-02-14,Enabled,Up-to-Date,Compliant,Compliant,Compliant,Compliant,Installed,Connected,Non-Compliant,Asset Not Active,Weekly,Healthy,Yes
AST-1432,USR-0932,LAP-01432,Laptop,Dell Precision 3580,Lenovo,Windows 11,Marketing,Hyderabad,Exited,2025-10-07,Unknown,Disabled,Compliant,Compliant,Compliant,Non-Compliant,Installed,Connected,Non-Compliant,Asset Not Active,Daily,Warning,Yes
AST-1433,USR-0933,DEV-01433,Desktop,Dell Latitude 5440,Dell,Windows 10,Legal,Pune,Exited,2025-10-22,Enabled,Up-to-Date,Compliant,Non-Compliant,Compliant,Compliant,N/A,Intermittent,Non-Compliant,Asset Not Active,Daily,Healthy,Yes
AST-1434,USR-0934,LAP-01434,Laptop,Dell Precision 3580,Lenovo,Windows 11,IT,Chennai,Decommissioned,2025-11-29,Disabled,Up-to-Date,Non-Compliant,Compliant,Compliant,Compliant,Installed,Disconnected,Non-Compliant,Asset Not Active,Weekly,Warning,Yes
AST-1435,USR-0935,DEV-01435,Desktop,Lenovo ThinkPad T14 Gen 4,Lenovo,Windows 10,Sales,Pune,Active,2026-03-06,Enabled,Up-to-Date,Compliant,Compliant,Non-Compliant,Compliant,Installed,Disconnected,Partially Compliant,DLP Missing,Weekly,Critical,No
AST-1436,USR-0936,LAP-01436,Laptop,HP ProBook 440 G10,Dell,Windows 11,Sales,Pune,Active,2026-03-16,Enabled,Outdated,Compliant,Non-Compliant,Compliant,Non-Compliant,Installed,Disconnected,Non-Compliant,Multiple Compliance Failures,Weekly,Healthy,Yes
AST-1437,USR-0937,DEV-01437,Desktop,Lenovo ThinkPad E14 Gen 5,Lenovo,Windows 11,Engineering,Pune,Active,2026-09-01,Disabled,Up-to-Date,Compliant,Compliant,Missing,Pending,N/A,Intermittent,Non-Compliant,Multiple Compliance Failures,On-Demand,Warning,No
AST-1438,USR-0938,LAP-01438,Laptop,Dell Precision 3580,Lenovo,Windows 11,Marketing,Mumbai,Active,2026-09-04,Disabled,Up-to-Date,Compliant,Compliant,Compliant,Compliant,Not Installed,Connected,Partially Compliant,BitLocker Disabled,Weekly,Healthy,Yes
AST-1439,USR-0939,LAP-01439,Laptop,Dell Latitude 5450,HP,Windows 11,Operations,Hyderabad,Active,2026-04-12,Enabled,Up-to-Date,Compliant,Non-Compliant,Non-Compliant,Compliant,Installed,Intermittent,Non-Compliant,Multiple Compliance Failures,Daily,Warning,Yes
AST-1440,USR-0940,DEV-01440,Desktop,Dell Precision 3580,HP,Windows 11,Marketing,Gurugram,Active,2026-05-03,Disabled,Up-to-Date,Non-Compliant,Compliant,Non-Compliant,Compliant,Installed,Intermittent,Non-Compliant,Multiple Compliance Failures,On-Demand,Warning,Yes
AST-1441,USR-0941,LAP-01441,Laptop,HP EliteBook 840 G10,Lenovo,Windows 10,Finance,Pune,Active,2026-04-07,Enabled,Outdated,Non-Compliant,Compliant,Compliant,Non-Compliant,N/A,Connected,Non-Compliant,Multiple Compliance Failures,Daily,Critical,No
AST-1442,USR-0942,DEV-01442,Workstation,Lenovo ThinkPad T14 Gen 4,HP,Windows 10,Engineering,Gurugram,Decommissioned,2026-01-04,Disabled,Up-to-Date,Compliant,Compliant,Non-Compliant,Compliant,N/A,Disconnected,Non-Compliant,Asset Not Active,On-Demand,Warning,No
AST-1443,USR-0943,LAP-01443,Laptop,HP EliteBook 840 G10,Dell,Windows 11,Legal,Mumbai,Inactive,2026-07-22,Enabled,Disabled,Non-Compliant,Compliant,Compliant,Compliant,N/A,Intermittent,Non-Compliant,Multiple Compliance Failures,Daily,Warning,No
AST-1444,USR-0944,LAP-01444,Laptop,Dell Precision 3580,HP,Windows 11,Engineering,Pune,Active,2026-07-29,Enabled,Up-to-Date,Non-Compliant,Compliant,Non-Compliant,Compliant,Installed,Disconnected,Non-Compliant,Multiple Compliance Failures,Weekly,Healthy,Yes
AST-1445,USR-0945,LAP-01445,Laptop,Dell Latitude 5440,HP,Windows 11,Support,Bengaluru,Active,2026-02-06,Disabled,Up-to-Date,Compliant,Compliant,Compliant,Compliant,Installed,Disconnected,Partially Compliant,BitLocker Disabled,Daily,Critical,No
AST-1446,USR-0946,LAP-01446,Laptop,Dell Precision 3580,Dell,Windows 10,Sales,Hyderabad,Active,2026-05-14,Disabled,Up-to-Date,Non-Compliant,Compliant,Missing,Non-Compliant,Installed,Disconnected,Non-Compliant,Multiple Compliance Failures,Weekly,Warning,Yes
AST-1447,USR-0947,LAP-01447,Laptop,Dell Precision 3580,HP,Windows 11,HR,Pune,Active,2026-08-25,Enabled,Up-to-Date,Compliant,Non-Compliant,Compliant,Compliant,Not Installed,Connected,Partially Compliant,DES Non-Compliant,Weekly,Critical,No
AST-1448,USR-0948,LAP-01448,Laptop,HP ProBook 440 G10,Dell,Windows 11,Legal,Mumbai,Active,2026-06-23,Enabled,Outdated,Compliant,Missing,Compliant,Pending,Not Installed,Intermittent,Non-Compliant,Multiple Compliance Failures,On-Demand,Warning,No
AST-1449,USR-0949,LAP-01449,Laptop,Dell Latitude 5450,HP,Windows 11,Legal,Noida,Active,2026-07-20,Enabled,Disabled,Not Installed,Compliant,Non-Compliant,Outdated,Installed,Intermittent,Non-Compliant,Multiple Compliance Failures,Weekly,Healthy,No
AST-1450,USR-0950,LAP-01450,Laptop,Dell Latitude 5440,Dell,Windows 11,Legal,Hyderabad,Active,2026-04-06,Disabled,Up-to-Date,Compliant,Compliant,Compliant,Non-Compliant,Installed,Connected,Non-Compliant,Multiple Compliance Failures,Daily,Warning,Yes
AST-1451,USR-0951,LAP-01451,Laptop,Dell Latitude 5450,Dell,Windows 11,Operations,Hyderabad,Active,2026-07-19,Enabled,Disabled,Compliant,Missing,Compliant,Compliant,Not Installed,Disconnected,Non-Compliant,Multiple Compliance Failures,On-Demand,Critical,No
AST-1452,USR-0952,LAP-01452,Laptop,HP EliteBook 840 G10,Lenovo,Windows 11,Engineering,Chennai,Active,2026-05-07,Enabled,Outdated,Compliant,Compliant,Not Installed,Compliant,Not Installed,Disconnected,Non-Compliant,Multiple Compliance Failures,On-Demand,Healthy,Yes
AST-1453,USR-0953,LAP-01453,Laptop,HP ProBook 440 G10,HP,Windows 10,Finance,Noida,Active,2026-08-10,Disabled,Outdated,Compliant,Non-Compliant,Non-Compliant,Compliant,Installed,Disconnected,Non-Compliant,Multiple Compliance Failures,On-Demand,Healthy,Yes
AST-1454,USR-0954,DEV-01454,Desktop,Dell Precision 3580,Dell,Windows 11,HR,Kolkata,Decommissioned,2026-01-03,Enabled,Outdated,Compliant,Non-Compliant,Missing,Outdated,N/A,Disconnected,Non-Compliant,Asset Not Active,Weekly,Warning,Yes
AST-1455,USR-0955,LAP-01455,Laptop,Dell Latitude 5440,HP,Windows 11,Finance,Pune,Active,2026-01-06,Enabled,Outdated,Non-Compliant,Compliant,Non-Compliant,Pending,Installed,Intermittent,Non-Compliant,Multiple Compliance Failures,On-Demand,Warning,No
AST-1456,USR-0956,LAP-01456,Laptop,Dell Latitude 5440,HP,Windows 11,Support,Mumbai,Active,2026-04-01,Disabled,Up-to-Date,Compliant,Compliant,Compliant,Pending,Not Installed,Connected,Non-Compliant,Multiple Compliance Failures,Daily,Critical,Yes
AST-1457,USR-0957,LAP-01457,Laptop,Lenovo ThinkPad E14 Gen 5,HP,Windows 11,Sales,Chennai,Active,2026-02-22,Enabled,Up-to-Date,Non-Compliant,Compliant,Non-Compliant,Pending,Not Installed,Connected,Non-Compliant,Multiple Compliance Failures,On-Demand,Healthy,Yes
AST-1458,USR-0958,DEV-01458,Desktop,Dell Latitude 5440,Dell,Windows 10,Finance,Gurugram,Inactive,2026-02-02,Enabled,Up-to-Date,Compliant,Compliant,Not Installed,Compliant,N/A,Connected,Partially Compliant,DLP Missing,Weekly,Critical,Yes
AST-1459,USR-0959,LAP-01459,Laptop,HP EliteBook 840 G10,Lenovo,Windows 11,IT,Mumbai,Decommissioned,2026-01-11,Disabled,Disabled,Compliant,Compliant,Compliant,Compliant,Installed,Connected,Non-Compliant,Asset Not Active,Weekly,Healthy,Yes
AST-1460,USR-0960,LAP-01460,Laptop,Dell Latitude 5440,HP,Windows 11,Marketing,Mumbai,Active,2026-03-29,Enabled,Missing,Compliant,Non-Compliant,Compliant,Outdated,Not Installed,Intermittent,Non-Compliant,Multiple Compliance Failures,On-Demand,Healthy,No
AST-1461,USR-0961,LAP-01461,Laptop,Lenovo ThinkPad T14 Gen 4,Lenovo,Windows 10,IT,Bengaluru,Active,2026-04-30,Unknown,Outdated,Compliant,Compliant,Missing,Compliant,Installed,Connected,Non-Compliant,Multiple Compliance Failures,On-Demand,Healthy,No
AST-1462,USR-0962,LAP-01462,Laptop,HP EliteBook 840 G10,Lenovo,Windows 11,Finance,Hyderabad,Active,2026-08-16,Enabled,Up-to-Date,Compliant,Compliant,Compliant,Non-Compliant,Installed,Disconnected,Partially Compliant,Windows Patch Pending,On-Demand,Healthy,No
AST-1463,USR-0963,LAP-01463,Laptop,Dell Precision 3580,Lenovo,Windows 11,Legal,Kolkata,Active,2026-04-24,Disabled,Up-to-Date,Compliant,Compliant,Missing,Non-Compliant,Installed,Disconnected,Non-Compliant,Multiple Compliance Failures,Daily,Warning,Yes
AST-1464,USR-0964,DEV-01464,Workstation,HP ProBook 440 G10,Dell,Windows 11,Engineering,Hyderabad,Active,2026-09-17,Enabled,Disabled,Not Installed,Compliant,Compliant,Non-Compliant,Installed,Connected,Non-Compliant,Multiple Compliance Failures,On-Demand,Healthy,Yes
AST-1465,USR-0965,LAP-01465,Laptop,HP ProBook 440 G10,Dell,Windows 11,Engineering,Mumbai,Active,2026-07-13,Disabled,Disabled,Compliant,Disabled,Compliant,Outdated,Installed,Intermittent,Non-Compliant,Multiple Compliance Failures,On-Demand,Critical,No
AST-1466,USR-0966,DEV-01466,Desktop,HP ProBook 440 G10,HP,Windows 10,Engineering,Hyderabad,Inactive,2026-03-31,Enabled,Up-to-Date,Missing,Non-Compliant,Not Installed,Non-Compliant,N/A,Disconnected,Non-Compliant,Multiple Compliance Failures,Weekly,Warning,No
AST-1467,USR-0967,LAP-01467,Laptop,HP ProBook 440 G10,HP,Windows 11,Sales,Noida,Active,2026-07-11,Enabled,Up-to-Date,Compliant,Compliant,Non-Compliant,Compliant,N/A,Disconnected,Partially Compliant,DES Non-Compliant,Daily,Healthy,No
AST-1468,USR-0968,LAP-01468,Laptop,Lenovo ThinkPad E14 Gen 5,HP,Windows 11,Operations,Bengaluru,Exited,2026-01-07,Unknown,Outdated,Non-Compliant,Compliant,Non-Compliant,Non-Compliant,Installed,Disconnected,Non-Compliant,Asset Not Active,Daily,Warning,Yes
AST-1469,USR-0969,LAP-01469,Laptop,Lenovo ThinkPad E14 Gen 5,Lenovo,Windows 10,Legal,Mumbai,Active,2026-02-17,Enabled,Outdated,Compliant,Non-Compliant,Not Installed,Pending,Installed,Intermittent,Non-Compliant,Multiple Compliance Failures,On-Demand,Healthy,Yes
AST-1470,USR-0970,LAP-01470,Laptop,Lenovo ThinkPad T14 Gen 4,Lenovo,Windows 11,Marketing,Gurugram,Decommissioned,2025-10-28,Disabled,Outdated,Compliant,Disabled,Non-Compliant,Non-Compliant,Not Installed,Disconnected,Non-Compliant,Asset Not Active,On-Demand,Healthy,No
AST-1471,USR-0971,LAP-01471,Laptop,Lenovo ThinkPad E14 Gen 5,Dell,Windows 11,Finance,Bengaluru,Active,2026-07-11,Enabled,Up-to-Date,Non-Compliant,Compliant,Compliant,Compliant,Installed,Disconnected,Partially Compliant,Antivirus Outdated,Daily,Critical,Yes
AST-1472,USR-0972,LAP-01472,Laptop,Dell Latitude 5450,Lenovo,Windows 10,HR,Hyderabad,Active,2026-02-25,Enabled,Up-to-Date,Non-Compliant,Compliant,Missing,Compliant,Not Installed,Connected,Non-Compliant,Multiple Compliance Failures,Weekly,Healthy,No
AST-1473,USR-0973,LAP-01473,Laptop,Dell Latitude 5450,Dell,Windows 11,Support,Delhi,Active,2026-01-22,Enabled,Outdated,Compliant,Compliant,Not Installed,Non-Compliant,Not Installed,Disconnected,Non-Compliant,Multiple Compliance Failures,On-Demand,Critical,No
AST-1474,USR-0974,LAP-01474,Laptop,Dell Precision 3580,HP,Windows 11,Marketing,Noida,Exited,2025-10-15,Enabled,Up-to-Date,Missing,Missing,Non-Compliant,Outdated,Not Installed,Connected,Non-Compliant,Asset Not Active,Weekly,Critical,No
AST-1475,USR-0975,LAP-01475,Laptop,HP ProBook 440 G10,Lenovo,Windows 10,Operations,Delhi,Inactive,2026-09-01,Disabled,Missing,Compliant,Non-Compliant,Non-Compliant,Compliant,Not Installed,Intermittent,Non-Compliant,Multiple Compliance Failures,Weekly,Healthy,No
AST-1476,USR-0976,LAP-01476,Laptop,HP ProBook 440 G10,Lenovo,Windows 10,Sales,Bengaluru,Decommissioned,2025-10-26,Disabled,Up-to-Date,Compliant,Non-Compliant,Non-Compliant,Compliant,N/A,Intermittent,Non-Compliant,Asset Not Active,Daily,Critical,Yes
AST-1477,USR-0977,LAP-01477,Laptop,Dell Latitude 5450,Dell,Windows 10,Finance,Noida,Active,2026-05-04,Disabled,Outdated,Missing,Compliant,Compliant,Compliant,Not Installed,Connected,Non-Compliant,Multiple Compliance Failures,Weekly,Critical,Yes
AST-1478,USR-0978,DEV-01478,Desktop,Lenovo ThinkPad E14 Gen 5,Lenovo,Windows 10,Engineering,Noida,Active,2026-10-01,Disabled,Up-to-Date,Compliant,Compliant,Missing,Compliant,N/A,Intermittent,Non-Compliant,Multiple Compliance Failures,Weekly,Healthy,Yes
AST-1479,USR-0979,LAP-01479,Laptop,Dell Latitude 5440,HP,Windows 11,HR,Noida,Active,2026-03-01,Disabled,Up-to-Date,Non-Compliant,Compliant,Missing,Pending,Installed,Disconnected,Non-Compliant,Multiple Compliance Failures,On-Demand,Critical,Yes
AST-1480,USR-0980,LAP-01480,Laptop,Dell Precision 3580,HP,Windows 11,Marketing,Gurugram,Inactive,2026-08-05,Disabled,Disabled,Non-Compliant,Compliant,Compliant,Non-Compliant,Not Installed,Intermittent,Non-Compliant,Multiple Compliance Failures,On-Demand,Critical,Yes
AST-1481,USR-0981,DEV-01481,Desktop,HP EliteBook 840 G10,Lenovo,Windows 11,Sales,Kolkata,Active,2026-01-18,Enabled,Missing,Compliant,Compliant,Non-Compliant,Compliant,N/A,Intermittent,Non-Compliant,Multiple Compliance Failures,Daily,Warning,No
AST-1482,USR-0982,LAP-01482,Laptop,Lenovo ThinkPad E14 Gen 5,Lenovo,Windows 11,IT,Gurugram,Active,2026-04-26,Unknown,Up-to-Date,Non-Compliant,Compliant,Non-Compliant,Pending,N/A,Disconnected,Non-Compliant,Multiple Compliance Failures,On-Demand,Warning,No
AST-1483,USR-0983,DEV-01483,Desktop,Lenovo ThinkPad E14 Gen 5,HP,Windows 10,Operations,Kolkata,Exited,2025-12-12,Unknown,Outdated,Compliant,Non-Compliant,Not Installed,Non-Compliant,N/A,Disconnected,Non-Compliant,Asset Not Active,Daily,Healthy,No
AST-1484,USR-0984,DEV-01484,Desktop,Dell Latitude 5450,Dell,Windows 11,Operations,Delhi,Inactive,2026-03-16,Disabled,Outdated,Compliant,Compliant,Compliant,Non-Compliant,N/A,Disconnected,Non-Compliant,Multiple Compliance Failures,On-Demand,Critical,Yes
AST-1485,USR-0985,LAP-01485,Laptop,Lenovo ThinkPad T14 Gen 4,Dell,Windows 10,Marketing,Mumbai,Active,2026-01-27,Unknown,Up-to-Date,Missing,Missing,Compliant,Outdated,Installed,Connected,Non-Compliant,Multiple Compliance Failures,On-Demand,Critical,No
AST-1486,USR-0986,LAP-01486,Laptop,Dell Precision 3580,HP,Windows 11,Legal,Hyderabad,Active,2026-02-15,Enabled,Outdated,Compliant,Non-Compliant,Non-Compliant,Outdated,Not Installed,Intermittent,Non-Compliant,Multiple Compliance Failures,On-Demand,Warning,No
AST-1487,USR-0987,LAP-01487,Laptop,Dell Latitude 5450,Lenovo,Windows 11,Legal,Chennai,Active,2026-02-18,Disabled,Disabled,Compliant,Non-Compliant,Not Installed,Compliant,Not Installed,Intermittent,Non-Compliant,Multiple Compliance Failures,On-Demand,Warning,No
AST-1488,USR-0988,LAP-01488,Laptop,Dell Latitude 5440,HP,Windows 11,Support,Kolkata,Active,2026-09-29,Disabled,Outdated,Compliant,Non-Compliant,Compliant,Non-Compliant,Installed,Intermittent,Non-Compliant,Multiple Compliance Failures,On-Demand,Healthy,Yes
AST-1489,USR-0989,LAP-01489,Laptop,HP EliteBook 840 G10,Lenovo,Windows 10,IT,Noida,Exited,2025-10-23,Disabled,Up-to-Date,Non-Compliant,Non-Compliant,Compliant,Compliant,Installed,Connected,Non-Compliant,Asset Not Active,On-Demand,Warning,No
AST-1490,USR-0990,DEV-01490,Workstation,Lenovo ThinkPad E14 Gen 5,HP,Windows 11,Marketing,Kolkata,Exited,2026-02-25,Disabled,Up-to-Date,Compliant,Missing,Missing,Compliant,N/A,Disconnected,Non-Compliant,Asset Not Active,On-Demand,Critical,Yes
AST-1491,USR-0991,LAP-01491,Laptop,Lenovo ThinkPad E14 Gen 5,Dell,Windows 10,Legal,Noida,Active,2026-05-23,Enabled,Up-to-Date,Missing,Compliant,Compliant,Non-Compliant,Installed,Intermittent,Non-Compliant,Multiple Compliance Failures,Weekly,Warning,No
AST-1492,USR-0992,LAP-01492,Laptop,HP EliteBook 840 G10,Lenovo,Windows 11,Support,Gurugram,Active,2026-04-09,Unknown,Outdated,Not Installed,Compliant,Compliant,Non-Compliant,Installed,Disconnected,Non-Compliant,Multiple Compliance Failures,Daily,Warning,No
AST-1493,USR-0993,LAP-01493,Laptop,Dell Precision 3580,Dell,Windows 10,Operations,Hyderabad,Active,2026-05-20,Enabled,Outdated,Non-Compliant,Compliant,Compliant,Compliant,N/A,Connected,Non-Compliant,Multiple Compliance Failures,Daily,Warning,Yes
AST-1494,USR-0994,DEV-01494,Desktop,Dell Latitude 5440,Lenovo,Windows 11,IT,Gurugram,Active,2026-05-19,Enabled,Outdated,Compliant,Non-Compliant,Compliant,Non-Compliant,N/A,Disconnected,Non-Compliant,Multiple Compliance Failures,Weekly,Healthy,No
AST-1495,USR-0995,DEV-01495,Desktop,Lenovo ThinkPad E14 Gen 5,Lenovo,Windows 10,Sales,Delhi,Decommissioned,2026-01-05,Disabled,Missing,Compliant,Non-Compliant,Compliant,Non-Compliant,Not Installed,Intermittent,Non-Compliant,Asset Not Active,On-Demand,Warning,Yes
AST-1496,USR-0996,LAP-01496,Laptop,Lenovo ThinkPad E14 Gen 5,HP,Windows 11,HR,Hyderabad,Active,2026-04-28,Enabled,Up-to-Date,Compliant,Compliant,Not Installed,Non-Compliant,Not Installed,Disconnected,Non-Compliant,Multiple Compliance Failures,Weekly,Healthy,Yes
AST-1497,USR-0997,LAP-01497,Laptop,Dell Latitude 5450,Lenovo,Windows 11,Engineering,Chennai,Active,2026-09-18,Disabled,Up-to-Date,Compliant,Missing,Non-Compliant,Compliant,N/A,Intermittent,Non-Compliant,Multiple Compliance Failures,On-Demand,Critical,Yes
AST-1498,USR-0998,DEV-01498,Desktop,Lenovo ThinkPad T14 Gen 4,Lenovo,Windows 11,IT,Chennai,Active,2026-09-28,Disabled,Outdated,Non-Compliant,Non-Compliant,Compliant,Non-Compliant,Not Installed,Connected,Non-Compliant,Multiple Compliance Failures,On-Demand,Critical,Yes
AST-1499,USR-0999,LAP-01499,Laptop,HP EliteBook 840 G10,HP,Windows 11,Engineering,Hyderabad,Active,2026-03-02,Enabled,Up-to-Date,Compliant,Compliant,Not Installed,Compliant,Not Installed,Disconnected,Partially Compliant,DLP Missing,Daily,Healthy,No
AST-1500,USR-1000,DEV-01500,Desktop,HP EliteBook 840 G10,HP,Windows 11,Marketing,Noida,Active,2026-08-24,Disabled,Missing,Compliant,Compliant,Non-Compliant,Compliant,N/A,Connected,Non-Compliant,Multiple Compliance Failures,Weekly,Critical,Yes
AST-1501,USR-1001,LAP-01501,Laptop,HP ProBook 440 G10,Dell,Windows 11,Legal,Pune,Active,2026-05-09,Enabled,Outdated,Missing,Compliant,Missing,Compliant,Not Installed,Disconnected,Non-Compliant,Multiple Compliance Failures,Weekly,Warning,Yes
AST-1502,USR-1002,DEV-01502,Workstation,Dell Latitude 5450,Dell,Windows 11,Legal,Mumbai,Active,2026-05-26,Disabled,Up-to-Date,Compliant,Non-Compliant,Compliant,Pending,Installed,Intermittent,Non-Compliant,Multiple Compliance Failures,Weekly,Healthy,Yes
AST-1503,USR-1003,DEV-01503,Workstation,Lenovo ThinkPad E14 Gen 5,Lenovo,Windows 10,Legal,Gurugram,Active,2026-07-24,Unknown,Up-to-Date,Compliant,Compliant,Non-Compliant,Compliant,Not Installed,Connected,Non-Compliant,Multiple Compliance Failures,Daily,Healthy,Yes
AST-1504,USR-1004,LAP-01504,Laptop,Dell Precision 3580,Dell,Windows 11,Legal,Bengaluru,Active,2026-09-06,Enabled,Outdated,Compliant,Missing,Non-Compliant,Compliant,Installed,Intermittent,Non-Compliant,Multiple Compliance Failures,Daily,Critical,Yes
AST-1505,USR-1005,DEV-01505,Desktop,Dell Precision 3580,Dell,Windows 10,Finance,Bengaluru,Active,2026-04-03,Unknown,Up-to-Date,Missing,Compliant,Non-Compliant,Pending,Installed,Connected,Non-Compliant,Multiple Compliance Failures,Daily,Warning,Yes
AST-1506,USR-1006,LAP-01506,Laptop,HP ProBook 440 G10,HP,Windows 11,Engineering,Delhi,Active,2026-04-24,Enabled,Up-to-Date,Missing,Compliant,Compliant,Non-Compliant,N/A,Intermittent,Non-Compliant,Multiple Compliance Failures,Weekly,Critical,Yes
AST-1507,USR-1007,LAP-01507,Laptop,HP ProBook 440 G10,HP,Windows 11,Sales,Noida,Active,2026-04-19,Enabled,Up-to-Date,Compliant,Compliant,Compliant,Compliant,Not Installed,Disconnected,Compliant,No Issue,Daily,Warning,No
AST-1508,USR-1008,LAP-01508,Laptop,HP EliteBook 840 G10,Lenovo,Windows 11,Operations,Hyderabad,Active,2026-09-28,Enabled,Outdated,Missing,Compliant,Non-Compliant,Compliant,Not Installed,Connected,Non-Compliant,Multiple Compliance Failures,On-Demand,Warning,Yes
AST-1509,USR-1009,LAP-01509,Laptop,HP EliteBook 840 G10,Lenovo,Windows 11,Sales,Chennai,Decommissioned,2026-02-17,Enabled,Outdated,Missing,Non-Compliant,Compliant,Non-Compliant,N/A,Connected,Non-Compliant,Asset Not Active,On-Demand,Critical,Yes
AST-1510,USR-1010,LAP-01510,Laptop,Dell Latitude 5440,HP,Windows 11,Engineering,Mumbai,Active,2026-03-02,Enabled,Missing,Missing,Disabled,Not Installed,Pending,Installed,Intermittent,Non-Compliant,Multiple Compliance Failures,On-Demand,Healthy,Yes
AST-1511,USR-1011,LAP-01511,Laptop,Dell Latitude 5450,Dell,Windows 10,Engineering,Kolkata,Active,2026-09-20,Enabled,Outdated,Non-Compliant,Non-Compliant,Non-Compliant,Compliant,Not Installed,Disconnected,Non-Compliant,Multiple Compliance Failures,On-Demand,Warning,No
AST-1512,USR-1012,LAP-01512,Laptop,Dell Precision 3580,HP,Windows 11,Operations,Hyderabad,Active,2026-05-13,Disabled,Outdated,Compliant,Missing,Compliant,Compliant,Not Installed,Intermittent,Non-Compliant,Multiple Compliance Failures,Weekly,Critical,Yes
AST-1513,USR-1013,LAP-01513,Laptop,Lenovo ThinkPad T14 Gen 4,Dell,Windows 11,HR,Delhi,Active,2026-05-08,Enabled,Up-to-Date,Missing,Missing,Compliant,Pending,Not Installed,Intermittent,Non-Compliant,Multiple Compliance Failures,Weekly,Critical,No
AST-1514,USR-1014,DEV-01514,Desktop,Lenovo ThinkPad E14 Gen 5,Dell,Windows 10,Sales,Gurugram,Active,2026-07-02,Enabled,Up-to-Date,Missing,Compliant,Not Installed,Non-Compliant,N/A,Disconnected,Non-Compliant,Multiple Compliance Failures,Daily,Critical,Yes
AST-1515,USR-1015,DEV-01515,Desktop,HP ProBook 440 G10,Dell,Windows 10,Operations,Mumbai,Inactive,2026-07-22,Enabled,Outdated,Non-Compliant,Compliant,Compliant,Compliant,N/A,Disconnected,Non-Compliant,Multiple Compliance Failures,Daily,Warning,Yes
AST-1516,USR-1016,DEV-01516,Desktop,Dell Latitude 5450,Dell,Windows 11,HR,Mumbai,Active,2026-04-07,Enabled,Outdated,Not Installed,Compliant,Compliant,Compliant,Not Installed,Connected,Non-Compliant,Multiple Compliance Failures,Weekly,Critical,No
AST-1517,USR-1017,LAP-01517,Laptop,Dell Latitude 5450,Dell,Windows 11,HR,Hyderabad,Active,2026-01-23,Disabled,Outdated,Compliant,Compliant,Missing,Non-Compliant,Not Installed,Connected,Non-Compliant,Multiple Compliance Failures,On-Demand,Critical,Yes
AST-1518,USR-1018,DEV-01518,Desktop,Dell Latitude 5450,HP,Windows 11,Operations,Delhi,Decommissioned,2025-12-24,Disabled,Missing,Missing,Compliant,Compliant,Non-Compliant,Not Installed,Intermittent,Non-Compliant,Asset Not Active,On-Demand,Warning,Yes
AST-1519,USR-1019,LAP-01519,Laptop,Lenovo ThinkPad E14 Gen 5,Dell,Windows 11,Legal,Noida,Active,2026-05-27,Enabled,Missing,Compliant,Compliant,Compliant,Compliant,Installed,Disconnected,Partially Compliant,DES Non-Compliant,Daily,Healthy,Yes
AST-1520,USR-1020,LAP-01520,Laptop,Lenovo ThinkPad T14 Gen 4,HP,Windows 10,Finance,Mumbai,Active,2026-09-29,Disabled,Up-to-Date,Not Installed,Disabled,Missing,Non-Compliant,Installed,Connected,Non-Compliant,Multiple Compliance Failures,On-Demand,Critical,No
AST-1521,USR-1021,DEV-01521,Desktop,Dell Latitude 5450,Lenovo,Windows 11,Marketing,Gurugram,Active,2026-03-18,Enabled,Outdated,Compliant,Compliant,Missing,Pending,N/A,Disconnected,Non-Compliant,Multiple Compliance Failures,Weekly,Critical,No
AST-1522,USR-1022,LAP-01522,Laptop,Dell Precision 3580,Lenovo,Windows 11,Marketing,Gurugram,Decommissioned,2026-01-14,Disabled,Up-to-Date,Compliant,Compliant,Non-Compliant,Compliant,Installed,Intermittent,Non-Compliant,Asset Not Active,Daily,Warning,No
AST-1523,USR-1023,LAP-01523,Laptop,Dell Latitude 5440,Lenovo,Windows 11,Operations,Pune,Active,2026-04-23,Enabled,Up-to-Date,Compliant,Non-Compliant,Compliant,Non-Compliant,Not Installed,Connected,Non-Compliant,Multiple Compliance Failures,Daily,Healthy,No
AST-1524,USR-1024,DEV-01524,Desktop,Dell Latitude 5450,Dell,Windows 10,Operations,Delhi,Active,2026-08-04,Enabled,Up-to-Date,Missing,Disabled,Non-Compliant,Compliant,N/A,Intermittent,Non-Compliant,Multiple Compliance Failures,Daily,Healthy,Yes
AST-1525,USR-1025,DEV-01525,Workstation,Dell Latitude 5440,Dell,Windows 11,Operations,Noida,Active,2026-07-07,Enabled,Outdated,Non-Compliant,Compliant,Missing,Pending,N/A,Connected,Non-Compliant,Multiple Compliance Failures,On-Demand,Warning,Yes
AST-1526,USR-1026,LAP-01526,Laptop,Dell Latitude 5440,Dell,Windows 11,IT,Gurugram,Inactive,2026-02-26,Enabled,Disabled,Compliant,Non-Compliant,Compliant,Non-Compliant,Installed,Intermittent,Non-Compliant,Multiple Compliance Failures,Daily,Healthy,No
AST-1527,USR-1027,DEV-01527,Desktop,Dell Latitude 5450,HP,Windows 10,Operations,Mumbai,Decommissioned,2026-02-11,Disabled,Missing,Missing,Compliant,Non-Compliant,Compliant,N/A,Intermittent,Non-Compliant,Asset Not Active,Daily,Healthy,No
AST-1528,USR-1028,LAP-01528,Laptop,HP ProBook 440 G10,Lenovo,Windows 10,Operations,Hyderabad,Active,2026-07-10,Disabled,Missing,Compliant,Compliant,Non-Compliant,Pending,Installed,Connected,Non-Compliant,Multiple Compliance Failures,Daily,Healthy,No
AST-1529,USR-1029,LAP-01529,Laptop,HP EliteBook 840 G10,Dell,Windows 10,HR,Delhi,Active,2026-01-17,Enabled,Outdated,Compliant,Non-Compliant,Non-Compliant,Compliant,Installed,Intermittent,Non-Compliant,Multiple Compliance Failures,Weekly,Healthy,Yes
AST-1530,USR-1030,LAP-01530,Laptop,HP ProBook 440 G10,HP,Windows 10,Support,Noida,Active,2026-02-19,Enabled,Up-to-Date,Compliant,Compliant,Non-Compliant,Non-Compliant,N/A,Intermittent,Non-Compliant,Multiple Compliance Failures,Daily,Healthy,No
AST-1531,USR-1031,LAP-01531,Laptop,Dell Latitude 5450,Lenovo,Windows 10,Support,Kolkata,Active,2026-03-14,Enabled,Outdated,Compliant,Non-Compliant,Not Installed,Compliant,Installed,Intermittent,Non-Compliant,Multiple Compliance Failures,On-Demand,Critical,No
AST-1532,USR-1032,LAP-01532,Laptop,Lenovo ThinkPad T14 Gen 4,Dell,Windows 11,Engineering,Noida,Active,2026-02-08,Disabled,Disabled,Compliant,Non-Compliant,Non-Compliant,Compliant,N/A,Connected,Non-Compliant,Multiple Compliance Failures,Daily,Warning,Yes
AST-1533,USR-1033,LAP-01533,Laptop,Dell Precision 3580,HP,Windows 11,Engineering,Gurugram,Active,2026-08-31,Enabled,Up-to-Date,Non-Compliant,Compliant,Compliant,Non-Compliant,Installed,Connected,Non-Compliant,Multiple Compliance Failures,On-Demand,Warning,Yes
AST-1534,USR-1034,LAP-01534,Laptop,HP ProBook 440 G10,Lenovo,Windows 11,Sales,Delhi,Active,2026-07-31,Disabled,Outdated,Compliant,Compliant,Non-Compliant,Compliant,Installed,Intermittent,Non-Compliant,Multiple Compliance Failures,On-Demand,Healthy,Yes
AST-1535,USR-1035,LAP-01535,Laptop,HP ProBook 440 G10,HP,Windows 11,Support,Chennai,Active,2026-06-28,Enabled,Up-to-Date,Non-Compliant,Disabled,Compliant,Pending,Not Installed,Connected,Non-Compliant,Multiple Compliance Failures,Daily,Healthy,Yes
AST-1536,USR-1036,LAP-01536,Laptop,Lenovo ThinkPad T14 Gen 4,Dell,Windows 10,Finance,Chennai,Decommissioned,2026-01-25,Enabled,Up-to-Date,Compliant,Missing,Compliant,Non-Compliant,Installed,Connected,Non-Compliant,Asset Not Active,On-Demand,Healthy,No
AST-1537,USR-1037,LAP-01537,Laptop,HP EliteBook 840 G10,HP,Windows 10,Finance,Noida,Active,2026-08-05,Enabled,Outdated,Non-Compliant,Missing,Compliant,Compliant,Installed,Connected,Non-Compliant,Multiple Compliance Failures,Daily,Warning,No
AST-1538,USR-1038,LAP-01538,Laptop,Dell Latitude 5450,Dell,Windows 10,Marketing,Mumbai,Active,2026-06-02,Enabled,Up-to-Date,Missing,Compliant,Compliant,Pending,Installed,Disconnected,Non-Compliant,Multiple Compliance Failures,Weekly,Critical,Yes
AST-1539,USR-1039,DEV-01539,Desktop,Dell Precision 3580,Lenovo,Windows 11,Marketing,Delhi,Exited,2025-12-22,Disabled,Missing,Non-Compliant,Disabled,Compliant,Non-Compliant,N/A,Connected,Non-Compliant,Asset Not Active,Weekly,Healthy,No
AST-1540,USR-1040,DEV-01540,Workstation,Lenovo ThinkPad E14 Gen 5,Dell,Windows 11,Operations,Mumbai,Decommissioned,2025-10-10,Enabled,Outdated,Compliant,Compliant,Missing,Compliant,N/A,Intermittent,Non-Compliant,Asset Not Active,On-Demand,Healthy,No
AST-1541,USR-1041,LAP-01541,Laptop,HP ProBook 440 G10,Lenovo,Windows 11,Engineering,Mumbai,Active,2026-03-05,Disabled,Disabled,Compliant,Compliant,Compliant,Compliant,Not Installed,Disconnected,Non-Compliant,Multiple Compliance Failures,Weekly,Warning,No
AST-1542,USR-1042,LAP-01542,Laptop,HP EliteBook 840 G10,Lenovo,Windows 10,HR,Noida,Active,2026-08-12,Enabled,Up-to-Date,Compliant,Non-Compliant,Compliant,Compliant,Not Installed,Connected,Partially Compliant,Windows Patch Pending,Daily,Critical,Yes
AST-1543,USR-1043,LAP-01543,Laptop,Dell Latitude 5450,Dell,Windows 11,Engineering,Kolkata,Active,2026-08-04,Disabled,Disabled,Compliant,Compliant,Non-Compliant,Compliant,Installed,Disconnected,Non-Compliant,Multiple Compliance Failures,Daily,Healthy,No
AST-1544,USR-1044,DEV-01544,Desktop,Dell Precision 3580,HP,Windows 11,Legal,Bengaluru,Exited,2025-12-07,Enabled,Disabled,Non-Compliant,Non-Compliant,Compliant,Outdated,Installed,Connected,Non-Compliant,Asset Not Active,Weekly,Healthy,Yes
AST-1545,USR-1045,DEV-01545,Desktop,Lenovo ThinkPad T14 Gen 4,Dell,Windows 10,Legal,Delhi,Active,2026-07-20,Enabled,Outdated,Compliant,Compliant,Non-Compliant,Compliant,N/A,Intermittent,Non-Compliant,Multiple Compliance Failures,Weekly,Healthy,No
AST-1546,USR-1046,DEV-01546,Desktop,HP EliteBook 840 G10,Dell,Windows 11,Operations,Noida,Exited,2026-02-19,Enabled,Up-to-Date,Compliant,Non-Compliant,Compliant,Non-Compliant,Not Installed,Connected,Non-Compliant,Asset Not Active,Daily,Warning,Yes
AST-1547,USR-1047,LAP-01547,Laptop,Dell Latitude 5450,Dell,Windows 11,Operations,Hyderabad,Active,2026-07-03,Disabled,Disabled,Compliant,Compliant,Non-Compliant,Compliant,Installed,Connected,Non-Compliant,Multiple Compliance Failures,On-Demand,Healthy,No
AST-1548,USR-1048,LAP-01548,Laptop,HP EliteBook 840 G10,Dell,Windows 10,Sales,Gurugram,Inactive,2026-02-24,Disabled,Outdated,Non-Compliant,Compliant,Compliant,Compliant,Installed,Connected,Non-Compliant,Multiple Compliance Failures,Daily,Warning,No
AST-1549,USR-1049,LAP-01549,Laptop,HP EliteBook 840 G10,Dell,Windows 11,IT,Gurugram,Decommissioned,2025-11-11,Disabled,Up-to-Date,Compliant,Non-Compliant,Compliant,Compliant,N/A,Intermittent,Non-Compliant,Asset Not Active,On-Demand,Critical,Yes
AST-1550,USR-1050,LAP-01550,Laptop,Lenovo ThinkPad T14 Gen 4,Dell,Windows 11,Support,Gurugram,Active,2026-10-02,Unknown,Outdated,Compliant,Compliant,Compliant,Compliant,Not Installed,Connected,Non-Compliant,Multiple Compliance Failures,Weekly,Healthy,Yes
AST-1551,USR-1051,LAP-01551,Laptop,Dell Precision 3580,Lenovo,Windows 11,Engineering,Mumbai,Active,2026-08-28,Disabled,Up-to-Date,Compliant,Compliant,Compliant,Non-Compliant,Not Installed,Intermittent,Non-Compliant,Multiple Compliance Failures,Weekly,Healthy,No
AST-1552,USR-1052,DEV-01552,Desktop,Lenovo ThinkPad T14 Gen 4,HP,Windows 10,Sales,Pune,Active,2026-08-17,Enabled,Up-to-Date,Non-Compliant,Non-Compliant,Compliant,Pending,Installed,Intermittent,Non-Compliant,Multiple Compliance Failures,Daily,Critical,No
AST-1553,USR-1053,LAP-01553,Laptop,HP ProBook 440 G10,HP,Windows 11,IT,Noida,Active,2026-09-29,Disabled,Up-to-Date,Compliant,Compliant,Compliant,Non-Compliant,Installed,Connected,Non-Compliant,Multiple Compliance Failures,Weekly,Warning,Yes
AST-1554,USR-1054,LAP-01554,Laptop,Dell Latitude 5440,Lenovo,Windows 11,Legal,Hyderabad,Active,2026-04-30,Enabled,Outdated,Compliant,Compliant,Compliant,Compliant,Installed,Intermittent,Partially Compliant,DES Non-Compliant,Daily,Critical,Yes
AST-1555,USR-1055,LAP-01555,Laptop,Dell Latitude 5450,Dell,Windows 11,IT,Chennai,Active,2026-06-13,Disabled,Missing,Compliant,Disabled,Compliant,Non-Compliant,Installed,Disconnected,Non-Compliant,Multiple Compliance Failures,Daily,Warning,No
AST-1556,USR-1056,LAP-01556,Laptop,Dell Latitude 5450,HP,Windows 11,Legal,Delhi,Active,2026-08-25,Disabled,Up-to-Date,Compliant,Compliant,Non-Compliant,Non-Compliant,Installed,Intermittent,Non-Compliant,Multiple Compliance Failures,On-Demand,Healthy,No
AST-1557,USR-1057,LAP-01557,Laptop,HP EliteBook 840 G10,HP,Windows 11,Engineering,Chennai,Active,2026-01-25,Disabled,Outdated,Compliant,Non-Compliant,Compliant,Non-Compliant,Installed,Intermittent,Non-Compliant,Multiple Compliance Failures,Daily,Warning,Yes
AST-1558,USR-1058,LAP-01558,Laptop,Lenovo ThinkPad E14 Gen 5,Dell,Windows 11,IT,Hyderabad,Active,2026-10-03,Enabled,Up-to-Date,Non-Compliant,Compliant,Compliant,Compliant,N/A,Connected,Partially Compliant,Proxy Agent Missing,Daily,Healthy,No
AST-1559,USR-1059,LAP-01559,Laptop,HP ProBook 440 G10,Lenovo,Windows 11,HR,Kolkata,Active,2026-07-31,Disabled,Up-to-Date,Compliant,Compliant,Compliant,Compliant,N/A,Intermittent,Partially Compliant,Windows Patch Pending,Daily,Critical,No
AST-1560,USR-1060,LAP-01560,Laptop,Dell Latitude 5440,Lenovo,Windows 10,HR,Chennai,Active,2026-04-16,Disabled,Up-to-Date,Compliant,Compliant,Compliant,Non-Compliant,N/A,Connected,Non-Compliant,Multiple Compliance Failures,Daily,Healthy,Yes
AST-1561,USR-1061,LAP-01561,Laptop,Dell Latitude 5440,Lenovo,Windows 11,Finance,Bengaluru,Active,2026-03-20,Enabled,Missing,Non-Compliant,Compliant,Compliant,Outdated,Not Installed,Disconnected,Non-Compliant,Multiple Compliance Failures,Weekly,Warning,Yes
AST-1562,USR-1062,LAP-01562,Laptop,HP ProBook 440 G10,Dell,Windows 11,Finance,Hyderabad,Inactive,2026-05-04,Enabled,Up-to-Date,Missing,Non-Compliant,Compliant,Pending,Not Installed,Connected,Non-Compliant,Multiple Compliance Failures,Weekly,Critical,No
AST-1563,USR-1063,LAP-01563,Laptop,HP ProBook 440 G10,Lenovo,Windows 11,Legal,Bengaluru,Active,2026-01-26,Enabled,Up-to-Date,Compliant,Compliant,Compliant,Compliant,Installed,Disconnected,Compliant,No Issue,Daily,Warning,Yes
AST-1564,USR-1064,LAP-01564,Laptop,Dell Latitude 5440,Dell,Windows 11,Support,Noida,Active,2026-05-17,Enabled,Outdated,Non-Compliant,Missing,Compliant,Compliant,Installed,Disconnected,Non-Compliant,Multiple Compliance Failures,Daily,Critical,No
AST-1565,USR-1065,LAP-01565,Laptop,Dell Latitude 5450,Dell,Windows 11,Support,Chennai,Active,2026-01-02,Disabled,Up-to-Date,Compliant,Non-Compliant,Compliant,Compliant,Installed,Intermittent,Non-Compliant,Multiple Compliance Failures,Weekly,Critical,Yes
AST-1566,USR-1066,LAP-01566,Laptop,Lenovo ThinkPad E14 Gen 5,Dell,Windows 10,IT,Pune,Active,2026-02-09,Enabled,Outdated,Not Installed,Non-Compliant,Compliant,Compliant,N/A,Disconnected,Non-Compliant,Multiple Compliance Failures,On-Demand,Healthy,No
AST-1567,USR-1067,LAP-01567,Laptop,HP EliteBook 840 G10,Lenovo,Windows 11,Engineering,Chennai,Decommissioned,2025-12-17,Enabled,Outdated,Compliant,Compliant,Compliant,Non-Compliant,Not Installed,Intermittent,Non-Compliant,Asset Not Active,Weekly,Critical,No
AST-1568,USR-1068,LAP-01568,Laptop,HP EliteBook 840 G10,Dell,Windows 11,Support,Delhi,Active,2026-09-05,Disabled,Up-to-Date,Compliant,Compliant,Non-Compliant,Pending,Not Installed,Connected,Non-Compliant,Multiple Compliance Failures,Weekly,Healthy,Yes
AST-1569,USR-1069,LAP-01569,Laptop,Lenovo ThinkPad E14 Gen 5,Lenovo,Windows 11,Support,Chennai,Active,2026-05-21,Disabled,Up-to-Date,Compliant,Compliant,Not Installed,Compliant,Installed,Intermittent,Non-Compliant,Multiple Compliance Failures,Daily,Warning,No
AST-1570,USR-1070,LAP-01570,Laptop,HP EliteBook 840 G10,HP,Windows 11,HR,Delhi,Decommissioned,2026-02-23,Unknown,Up-to-Date,Compliant,Compliant,Compliant,Non-Compliant,Installed,Disconnected,Non-Compliant,Asset Not Active,On-Demand,Healthy,No
AST-1571,USR-1071,LAP-01571,Laptop,HP ProBook 440 G10,Dell,Windows 11,Sales,Delhi,Active,2026-03-05,Disabled,Up-to-Date,Compliant,Compliant,Compliant,Compliant,Installed,Disconnected,Partially Compliant,Windows Patch Pending,Weekly,Critical,Yes
AST-1572,USR-1072,DEV-01572,Desktop,Lenovo ThinkPad T14 Gen 4,HP,Windows 11,HR,Hyderabad,Active,2026-04-11,Disabled,Outdated,Not Installed,Compliant,Not Installed,Non-Compliant,N/A,Connected,Non-Compliant,Multiple Compliance Failures,Daily,Warning,No
AST-1573,USR-1073,LAP-01573,Laptop,Dell Latitude 5450,Lenovo,Windows 10,Operations,Hyderabad,Active,2026-06-15,Enabled,Disabled,Missing,Missing,Non-Compliant,Compliant,Installed,Connected,Non-Compliant,Multiple Compliance Failures,Weekly,Critical,Yes
AST-1574,USR-1074,LAP-01574,Laptop,Lenovo ThinkPad E14 Gen 5,Lenovo,Windows 11,Marketing,Chennai,Active,2026-06-10,Disabled,Outdated,Compliant,Disabled,Compliant,Compliant,Installed,Disconnected,Non-Compliant,Multiple Compliance Failures,Weekly,Warning,No
AST-1575,USR-1075,DEV-01575,Desktop,Lenovo ThinkPad T14 Gen 4,Lenovo,Windows 11,Sales,Delhi,Exited,2025-11-02,Enabled,Outdated,Compliant,Compliant,Missing,Pending,N/A,Disconnected,Non-Compliant,Asset Not Active,Daily,Warning,Yes
AST-1576,USR-1076,LAP-01576,Laptop,HP EliteBook 840 G10,Lenovo,Windows 10,IT,Noida,Active,2026-09-04,Disabled,Up-to-Date,Compliant,Missing,Compliant,Non-Compliant,Not Installed,Intermittent,Non-Compliant,Multiple Compliance Failures,On-Demand,Critical,Yes
AST-1577,USR-1077,LAP-01577,Laptop,Lenovo ThinkPad T14 Gen 4,HP,Windows 11,Operations,Noida,Active,2026-01-04,Unknown,Up-to-Date,Missing,Non-Compliant,Compliant,Non-Compliant,Not Installed,Connected,Non-Compliant,Multiple Compliance Failures,Daily,Healthy,Yes
AST-1578,USR-1078,LAP-01578,Laptop,HP EliteBook 840 G10,Lenovo,Windows 11,Engineering,Noida,Active,2026-05-01,Enabled,Outdated,Compliant,Missing,Compliant,Compliant,Installed,Disconnected,Non-Compliant,Multiple Compliance Failures,Daily,Critical,Yes
AST-1579,USR-1079,LAP-01579,Laptop,Lenovo ThinkPad E14 Gen 5,HP,Windows 10,Sales,Mumbai,Active,2026-09-10,Enabled,Outdated,Compliant,Compliant,Compliant,Non-Compliant,N/A,Disconnected,Non-Compliant,Multiple Compliance Failures,On-Demand,Healthy,No
AST-1580,USR-1080,LAP-01580,Laptop,Dell Latitude 5450,HP,Windows 11,Engineering,Chennai,Active,2026-01-22,Enabled,Outdated,Compliant,Compliant,Non-Compliant,Pending,Not Installed,Disconnected,Non-Compliant,Multiple Compliance Failures,Daily,Healthy,No
AST-1581,USR-1081,LAP-01581,Laptop,Dell Precision 3580,Lenovo,Windows 10,Finance,Hyderabad,Active,2026-08-24,Disabled,Outdated,Compliant,Compliant,Compliant,Non-Compliant,Installed,Intermittent,Non-Compliant,Multiple Compliance Failures,Weekly,Warning,Yes
AST-1582,USR-1082,LAP-01582,Laptop,HP EliteBook 840 G10,Lenovo,Windows 10,Legal,Noida,Decommissioned,2026-02-28,Enabled,Outdated,Non-Compliant,Missing,Non-Compliant,Non-Compliant,Installed,Connected,Non-Compliant,Asset Not Active,Daily,Critical,Yes
AST-1583,USR-1083,LAP-01583,Laptop,HP ProBook 440 G10,Lenovo,Windows 10,Legal,Noida,Active,2026-03-31,Disabled,Up-to-Date,Compliant,Non-Compliant,Missing,Pending,Installed,Connected,Non-Compliant,Multiple Compliance Failures,On-Demand,Warning,Yes
AST-1584,USR-1084,LAP-01584,Laptop,HP EliteBook 840 G10,Dell,Windows 10,Engineering,Chennai,Active,2026-04-13,Enabled,Outdated,Compliant,Compliant,Compliant,Compliant,Installed,Intermittent,Partially Compliant,Windows Patch Pending,Weekly,Healthy,Yes
AST-1585,USR-1085,LAP-01585,Laptop,Dell Precision 3580,HP,Windows 11,Legal,Kolkata,Inactive,2026-01-03,Disabled,Up-to-Date,Compliant,Missing,Compliant,Compliant,Installed,Connected,Non-Compliant,Multiple Compliance Failures,Weekly,Healthy,No
AST-1586,USR-1086,DEV-01586,Desktop,Dell Latitude 5440,Lenovo,Windows 11,Finance,Kolkata,Active,2026-02-06,Enabled,Up-to-Date,Missing,Disabled,Non-Compliant,Compliant,N/A,Disconnected,Non-Compliant,Multiple Compliance Failures,Daily,Healthy,No
AST-1587,USR-1087,LAP-01587,Laptop,Lenovo ThinkPad T14 Gen 4,Dell,Windows 11,Operations,Kolkata,Active,2026-05-28,Enabled,Disabled,Not Installed,Compliant,Non-Compliant,Compliant,N/A,Intermittent,Non-Compliant,Multiple Compliance Failures,On-Demand,Warning,No
AST-1588,USR-1088,DEV-01588,Desktop,Dell Latitude 5450,Dell,Windows 11,Support,Pune,Active,2026-01-31,Disabled,Disabled,Not Installed,Non-Compliant,Compliant,Compliant,N/A,Intermittent,Non-Compliant,Multiple Compliance Failures,Daily,Healthy,No
AST-1589,USR-1089,DEV-01589,Desktop,HP ProBook 440 G10,Lenovo,Windows 10,Finance,Hyderabad,Active,2026-02-11,Disabled,Outdated,Compliant,Missing,Not Installed,Non-Compliant,N/A,Intermittent,Non-Compliant,Multiple Compliance Failures,Daily,Healthy,Yes
AST-1590,USR-1090,LAP-01590,Laptop,Lenovo ThinkPad T14 Gen 4,Lenovo,Windows 11,Legal,Delhi,Active,2026-04-11,Enabled,Outdated,Missing,Compliant,Not Installed,Compliant,Not Installed,Intermittent,Non-Compliant,Multiple Compliance Failures,Weekly,Healthy,No
AST-1591,USR-1091,LAP-01591,Laptop,Dell Latitude 5450,Dell,Windows 10,Operations,Noida,Inactive,2026-08-12,Enabled,Up-to-Date,Compliant,Disabled,Not Installed,Compliant,Installed,Intermittent,Non-Compliant,Multiple Compliance Failures,Daily,Healthy,No
AST-1592,USR-1092,DEV-01592,Desktop,Dell Latitude 5440,HP,Windows 10,Marketing,Pune,Inactive,2026-04-03,Disabled,Disabled,Compliant,Non-Compliant,Non-Compliant,Compliant,N/A,Intermittent,Non-Compliant,Multiple Compliance Failures,On-Demand,Healthy,No
AST-1593,USR-1093,LAP-01593,Laptop,Lenovo ThinkPad E14 Gen 5,HP,Windows 11,Sales,Pune,Active,2026-04-23,Disabled,Up-to-Date,Not Installed,Compliant,Non-Compliant,Pending,N/A,Intermittent,Non-Compliant,Multiple Compliance Failures,Weekly,Critical,Yes
AST-1594,USR-1094,LAP-01594,Laptop,Dell Latitude 5450,Lenovo,Windows 11,Sales,Kolkata,Active,2026-03-12,Enabled,Up-to-Date,Missing,Non-Compliant,Non-Compliant,Compliant,Installed,Connected,Non-Compliant,Multiple Compliance Failures,Daily,Warning,Yes
AST-1595,USR-1095,LAP-01595,Laptop,HP EliteBook 840 G10,Dell,Windows 11,Legal,Chennai,Active,2026-02-13,Disabled,Disabled,Compliant,Disabled,Compliant,Non-Compliant,Installed,Connected,Non-Compliant,Multiple Compliance Failures,Weekly,Warning,No
AST-1596,USR-1096,LAP-01596,Laptop,Dell Precision 3580,HP,Windows 11,Operations,Delhi,Active,2026-06-22,Enabled,Up-to-Date,Compliant,Compliant,Compliant,Compliant,Not Installed,Disconnected,Compliant,No Issue,On-Demand,Critical,No
AST-1597,USR-1097,DEV-01597,Desktop,Lenovo ThinkPad T14 Gen 4,Lenovo,Windows 10,Support,Hyderabad,Decommissioned,2026-02-24,Disabled,Outdated,Non-Compliant,Missing,Not Installed,Compliant,Installed,Connected,Non-Compliant,Asset Not Active,Weekly,Warning,Yes
AST-1598,USR-1098,DEV-01598,Desktop,HP EliteBook 840 G10,Lenovo,Windows 11,IT,Noida,Active,2026-05-18,Unknown,Up-to-Date,Compliant,Compliant,Compliant,Compliant,N/A,Disconnected,Partially Compliant,DES Non-Compliant,On-Demand,Critical,No
AST-1599,USR-1099,LAP-01599,Laptop,Lenovo ThinkPad T14 Gen 4,Lenovo,Windows 10,Marketing,Noida,Decommissioned,2025-12-10,Enabled,Up-to-Date,Compliant,Compliant,Non-Compliant,Non-Compliant,Installed,Disconnected,Non-Compliant,Asset Not Active,Daily,Warning,No
AST-1600,USR-1100,LAP-01600,Laptop,HP EliteBook 840 G10,Lenovo,Windows 11,IT,Kolkata,Active,2026-08-14,Enabled,Missing,Non-Compliant,Compliant,Non-Compliant,Compliant,Installed,Intermittent,Non-Compliant,Multiple Compliance Failures,Daily,Healthy,No
AST-1601,USR-1101,DEV-01601,Desktop,HP EliteBook 840 G10,Dell,Windows 11,Marketing,Mumbai,Exited,2025-11-30,Disabled,Outdated,Compliant,Compliant,Compliant,Compliant,N/A,Connected,Non-Compliant,Asset Not Active,On-Demand,Warning,No
AST-1602,USR-1102,DEV-01602,Desktop,Dell Latitude 5450,HP,Windows 11,IT,Noida,Active,2026-01-23,Enabled,Up-to-Date,Non-Compliant,Compliant,Not Installed,Non-Compliant,N/A,Intermittent,Non-Compliant,Multiple Compliance Failures,Daily,Warning,No
AST-1603,USR-1103,LAP-01603,Laptop,Lenovo ThinkPad T14 Gen 4,Lenovo,Windows 11,Legal,Kolkata,Exited,2026-02-25,Disabled,Up-to-Date,Non-Compliant,Non-Compliant,Not Installed,Outdated,N/A,Intermittent,Non-Compliant,Asset Not Active,Daily,Critical,Yes
AST-1604,USR-1104,LAP-01604,Laptop,HP EliteBook 840 G10,HP,Windows 10,HR,Bengaluru,Active,2026-04-29,Enabled,Up-to-Date,Non-Compliant,Disabled,Compliant,Pending,N/A,Disconnected,Non-Compliant,Multiple Compliance Failures,On-Demand,Warning,No
AST-1605,USR-1105,LAP-01605,Laptop,Dell Precision 3580,Dell,Windows 11,Legal,Gurugram,Active,2026-10-03,Enabled,Outdated,Compliant,Non-Compliant,Compliant,Pending,N/A,Intermittent,Non-Compliant,Multiple Compliance Failures,Weekly,Warning,No
AST-1606,USR-1106,LAP-01606,Laptop,HP EliteBook 840 G10,HP,Windows 11,Support,Chennai,Active,2026-03-03,Unknown,Outdated,Non-Compliant,Non-Compliant,Missing,Pending,Installed,Intermittent,Non-Compliant,Multiple Compliance Failures,Daily,Healthy,Yes
AST-1607,USR-1107,LAP-01607,Laptop,HP EliteBook 840 G10,Dell,Windows 11,Marketing,Noida,Decommissioned,2025-12-15,Enabled,Outdated,Compliant,Compliant,Compliant,Compliant,Not Installed,Intermittent,Non-Compliant,Asset Not Active,Daily,Healthy,No
AST-1608,USR-1108,LAP-01608,Laptop,Dell Latitude 5440,Dell,Windows 10,Marketing,Chennai,Exited,2025-10-22,Disabled,Up-to-Date,Non-Compliant,Non-Compliant,Non-Compliant,Non-Compliant,Installed,Disconnected,Non-Compliant,Asset Not Active,Weekly,Warning,Yes
AST-1609,USR-1109,DEV-01609,Desktop,HP EliteBook 840 G10,HP,Windows 11,Finance,Gurugram,Active,2026-06-15,Enabled,Up-to-Date,Compliant,Compliant,Missing,Non-Compliant,Installed,Connected,Non-Compliant,Multiple Compliance Failures,On-Demand,Critical,Yes
AST-1610,USR-1110,DEV-01610,Desktop,Dell Precision 3580,Lenovo,Windows 11,HR,Bengaluru,Active,2026-05-13,Enabled,Up-to-Date,Compliant,Compliant,Compliant,Compliant,N/A,Intermittent,Compliant,No Issue,Weekly,Healthy,Yes
AST-1611,USR-1111,LAP-01611,Laptop,Dell Latitude 5450,HP,Windows 10,Sales,Mumbai,Active,2026-01-14,Enabled,Disabled,Not Installed,Compliant,Non-Compliant,Compliant,Not Installed,Intermittent,Non-Compliant,Multiple Compliance Failures,Weekly,Critical,Yes
AST-1612,USR-1112,LAP-01612,Laptop,Lenovo ThinkPad E14 Gen 5,Dell,Windows 11,Operations,Noida,Decommissioned,2025-12-30,Disabled,Missing,Compliant,Compliant,Compliant,Pending,N/A,Disconnected,Non-Compliant,Asset Not Active,Daily,Critical,No
AST-1613,USR-1113,LAP-01613,Laptop,Dell Precision 3580,Dell,Windows 10,Support,Delhi,Active,2026-06-12,Disabled,Outdated,Compliant,Missing,Compliant,Outdated,Not Installed,Intermittent,Non-Compliant,Multiple Compliance Failures,On-Demand,Healthy,Yes
AST-1614,USR-1114,DEV-01614,Desktop,Dell Precision 3580,Lenovo,Windows 11,Operations,Delhi,Active,2026-02-15,Disabled,Up-to-Date,Compliant,Non-Compliant,Non-Compliant,Compliant,N/A,Disconnected,Non-Compliant,Multiple Compliance Failures,Daily,Warning,Yes
AST-1615,USR-1115,LAP-01615,Laptop,Lenovo ThinkPad E14 Gen 5,HP,Windows 11,Engineering,Chennai,Active,2026-04-29,Disabled,Outdated,Compliant,Compliant,Compliant,Outdated,N/A,Intermittent,Non-Compliant,Multiple Compliance Failures,Weekly,Critical,No
AST-1616,USR-1116,LAP-01616,Laptop,HP EliteBook 840 G10,HP,Windows 11,HR,Pune,Active,2026-04-01,Unknown,Missing,Non-Compliant,Compliant,Compliant,Compliant,Installed,Intermittent,Non-Compliant,Multiple Compliance Failures,Weekly,Critical,Yes
AST-1617,USR-1117,DEV-01617,Desktop,HP EliteBook 840 G10,Lenovo,Windows 11,Legal,Mumbai,Inactive,2026-05-14,Enabled,Up-to-Date,Compliant,Compliant,Compliant,Pending,Installed,Disconnected,Partially Compliant,DES Non-Compliant,Weekly,Warning,No
AST-1618,USR-1118,LAP-01618,Laptop,Lenovo ThinkPad T14 Gen 4,Dell,Windows 11,Support,Delhi,Decommissioned,2025-12-24,Enabled,Missing,Compliant,Compliant,Non-Compliant,Compliant,Installed,Intermittent,Non-Compliant,Asset Not Active,Daily,Warning,Yes
AST-1619,USR-1119,LAP-01619,Laptop,Dell Latitude 5450,Lenovo,Windows 11,Sales,Gurugram,Inactive,2026-07-22,Disabled,Up-to-Date,Compliant,Compliant,Compliant,Outdated,Not Installed,Disconnected,Non-Compliant,Multiple Compliance Failures,Weekly,Warning,Yes
AST-1620,USR-1120,LAP-01620,Laptop,Lenovo ThinkPad E14 Gen 5,Dell,Windows 11,Operations,Delhi,Active,2026-01-13,Disabled,Outdated,Compliant,Compliant,Non-Compliant,Compliant,Installed,Disconnected,Non-Compliant,Multiple Compliance Failures,On-Demand,Healthy,No
AST-1621,USR-1121,LAP-01621,Laptop,Lenovo ThinkPad E14 Gen 5,Dell,Windows 11,Legal,Bengaluru,Active,2026-03-19,Enabled,Up-to-Date,Compliant,Non-Compliant,Non-Compliant,Compliant,Installed,Intermittent,Non-Compliant,Multiple Compliance Failures,Weekly,Warning,No
AST-1622,USR-1122,LAP-01622,Laptop,HP EliteBook 840 G10,HP,Windows 11,Support,Kolkata,Active,2026-05-23,Enabled,Up-to-Date,Non-Compliant,Compliant,Compliant,Compliant,N/A,Connected,Partially Compliant,Windows Patch Pending,Weekly,Healthy,No
AST-1623,USR-1123,LAP-01623,Laptop,HP EliteBook 840 G10,Lenovo,Windows 10,Marketing,Gurugram,Inactive,2026-02-25,Disabled,Outdated,Non-Compliant,Compliant,Non-Compliant,Compliant,Installed,Intermittent,Non-Compliant,Multiple Compliance Failures,Daily,Healthy,Yes
AST-1624,USR-1124,LAP-01624,Laptop,HP ProBook 440 G10,HP,Windows 10,Sales,Pune,Active,2026-09-10,Enabled,Up-to-Date,Missing,Compliant,Missing,Non-Compliant,Installed,Connected,Non-Compliant,Multiple Compliance Failures,Daily,Warning,No
AST-1625,USR-1125,LAP-01625,Laptop,Lenovo ThinkPad E14 Gen 5,HP,Windows 11,HR,Mumbai,Decommissioned,2025-10-27,Disabled,Outdated,Compliant,Missing,Compliant,Compliant,Installed,Connected,Non-Compliant,Asset Not Active,Daily,Healthy,Yes
AST-1626,USR-1126,DEV-01626,Workstation,HP EliteBook 840 G10,Dell,Windows 11,HR,Mumbai,Active,2026-07-24,Enabled,Up-to-Date,Compliant,Non-Compliant,Compliant,Non-Compliant,N/A,Disconnected,Non-Compliant,Multiple Compliance Failures,On-Demand,Critical,No
AST-1627,USR-1127,LAP-01627,Laptop,HP ProBook 440 G10,HP,Windows 11,Operations,Pune,Active,2026-05-09,Disabled,Up-to-Date,Compliant,Compliant,Non-Compliant,Non-Compliant,Installed,Intermittent,Non-Compliant,Multiple Compliance Failures,On-Demand,Healthy,Yes
AST-1628,USR-1128,LAP-01628,Laptop,Dell Latitude 5440,HP,Windows 10,IT,Chennai,Active,2026-08-23,Enabled,Up-to-Date,Compliant,Missing,Compliant,Compliant,Not Installed,Intermittent,Partially Compliant,Windows Patch Pending,Daily,Healthy,No
AST-1629,USR-1129,LAP-01629,Laptop,Lenovo ThinkPad T14 Gen 4,HP,Windows 10,Support,Bengaluru,Active,2026-07-26,Enabled,Up-to-Date,Compliant,Disabled,Compliant,Non-Compliant,Installed,Connected,Non-Compliant,Multiple Compliance Failures,On-Demand,Healthy,Yes
AST-1630,USR-1130,LAP-01630,Laptop,Dell Precision 3580,Lenovo,Windows 11,Engineering,Bengaluru,Inactive,2026-05-22,Enabled,Outdated,Non-Compliant,Non-Compliant,Compliant,Non-Compliant,Installed,Connected,Non-Compliant,Multiple Compliance Failures,Daily,Healthy,Yes
AST-1631,USR-1131,LAP-01631,Laptop,HP EliteBook 840 G10,HP,Windows 10,Support,Noida,Active,2026-08-30,Enabled,Missing,Compliant,Disabled,Compliant,Compliant,Installed,Connected,Non-Compliant,Multiple Compliance Failures,On-Demand,Warning,No
AST-1632,USR-1132,LAP-01632,Laptop,Dell Latitude 5450,Lenovo,Windows 10,Legal,Kolkata,Inactive,2026-05-23,Disabled,Up-to-Date,Compliant,Non-Compliant,Compliant,Compliant,Not Installed,Disconnected,Non-Compliant,Multiple Compliance Failures,Weekly,Critical,No
AST-1633,USR-1133,LAP-01633,Laptop,HP EliteBook 840 G10,HP,Windows 11,Finance,Delhi,Active,2026-04-08,Enabled,Up-to-Date,Compliant,Compliant,Non-Compliant,Non-Compliant,Installed,Connected,Non-Compliant,Multiple Compliance Failures,Weekly,Warning,Yes
AST-1634,USR-1134,LAP-01634,Laptop,Lenovo ThinkPad E14 Gen 5,Lenovo,Windows 11,Sales,Hyderabad,Active,2026-01-23,Enabled,Up-to-Date,Not Installed,Non-Compliant,Compliant,Compliant,Installed,Intermittent,Non-Compliant,Multiple Compliance Failures,Daily,Critical,Yes
AST-1635,USR-1135,DEV-01635,Workstation,Lenovo ThinkPad E14 Gen 5,Lenovo,Windows 10,Finance,Gurugram,Decommissioned,2025-11-09,Disabled,Outdated,Compliant,Disabled,Non-Compliant,Pending,N/A,Connected,Non-Compliant,Asset Not Active,Weekly,Healthy,Yes
AST-1636,USR-1136,LAP-01636,Laptop,Dell Latitude 5450,Lenovo,Windows 10,Marketing,Kolkata,Active,2026-06-12,Disabled,Up-to-Date,Missing,Non-Compliant,Non-Compliant,Compliant,Not Installed,Connected,Non-Compliant,Multiple Compliance Failures,On-Demand,Warning,No
AST-1637,USR-1137,LAP-01637,Laptop,Lenovo ThinkPad E14 Gen 5,Dell,Windows 10,IT,Hyderabad,Decommissioned,2026-01-13,Disabled,Outdated,Non-Compliant,Compliant,Compliant,Compliant,Installed,Disconnected,Non-Compliant,Asset Not Active,On-Demand,Warning,Yes
AST-1638,USR-1138,LAP-01638,Laptop,Dell Precision 3580,Dell,Windows 11,IT,Bengaluru,Active,2026-01-11,Disabled,Outdated,Compliant,Compliant,Non-Compliant,Compliant,Installed,Intermittent,Non-Compliant,Multiple Compliance Failures,Weekly,Warning,Yes
AST-1639,USR-1139,LAP-01639,Laptop,Dell Latitude 5450,HP,Windows 10,Marketing,Mumbai,Decommissioned,2025-11-15,Disabled,Disabled,Missing,Non-Compliant,Non-Compliant,Compliant,Installed,Connected,Non-Compliant,Asset Not Active,Daily,Warning,Yes
AST-1640,USR-1140,LAP-01640,Laptop,Dell Precision 3580,Dell,Windows 11,Legal,Gurugram,Active,2026-03-29,Enabled,Outdated,Non-Compliant,Compliant,Non-Compliant,Compliant,Not Installed,Intermittent,Non-Compliant,Multiple Compliance Failures,On-Demand,Healthy,No
AST-1641,USR-1141,DEV-01641,Desktop,Dell Latitude 5440,HP,Windows 10,HR,Kolkata,Active,2026-08-28,Enabled,Outdated,Compliant,Non-Compliant,Non-Compliant,Compliant,Installed,Intermittent,Non-Compliant,Multiple Compliance Failures,On-Demand,Healthy,No
AST-1642,USR-1142,LAP-01642,Laptop,HP EliteBook 840 G10,HP,Windows 11,Marketing,Noida,Active,2026-08-04,Enabled,Outdated,Compliant,Non-Compliant,Non-Compliant,Pending,Installed,Connected,Non-Compliant,Multiple Compliance Failures,Weekly,Warning,Yes
AST-1643,USR-1143,LAP-01643,Laptop,HP EliteBook 840 G10,Lenovo,Windows 11,Engineering,Mumbai,Active,2026-07-11,Disabled,Outdated,Non-Compliant,Compliant,Compliant,Pending,Installed,Disconnected,Non-Compliant,Multiple Compliance Failures,Daily,Healthy,Yes
AST-1644,USR-1144,DEV-01644,Workstation,Lenovo ThinkPad E14 Gen 5,Dell,Windows 10,Marketing,Delhi,Active,2026-03-13,Enabled,Up-to-Date,Compliant,Missing,Missing,Outdated,Installed,Connected,Non-Compliant,Multiple Compliance Failures,Weekly,Healthy,No
AST-1645,USR-1145,LAP-01645,Laptop,Lenovo ThinkPad T14 Gen 4,Lenovo,Windows 11,Marketing,Delhi,Active,2026-03-20,Enabled,Missing,Compliant,Compliant,Compliant,Compliant,Installed,Disconnected,Partially Compliant,Antivirus Outdated,Daily,Warning,Yes
AST-1646,USR-1146,LAP-01646,Laptop,Dell Precision 3580,HP,Windows 10,Marketing,Hyderabad,Active,2026-03-10,Disabled,Outdated,Missing,Non-Compliant,Non-Compliant,Compliant,Installed,Intermittent,Non-Compliant,Multiple Compliance Failures,On-Demand,Warning,No
AST-1647,USR-1147,LAP-01647,Laptop,Lenovo ThinkPad T14 Gen 4,Lenovo,Windows 11,Legal,Noida,Active,2026-01-01,Unknown,Up-to-Date,Missing,Compliant,Compliant,Compliant,Installed,Intermittent,Non-Compliant,Multiple Compliance Failures,Daily,Healthy,No
AST-1648,USR-1148,LAP-01648,Laptop,Dell Latitude 5450,Dell,Windows 11,Legal,Kolkata,Active,2026-08-04,Enabled,Outdated,Compliant,Compliant,Compliant,Pending,Installed,Connected,Non-Compliant,Multiple Compliance Failures,Weekly,Healthy,No
AST-1649,USR-1149,DEV-01649,Desktop,Dell Precision 3580,HP,Windows 11,IT,Hyderabad,Active,2026-07-25,Disabled,Up-to-Date,Compliant,Compliant,Compliant,Compliant,N/A,Disconnected,Partially Compliant,Windows Patch Pending,Weekly,Critical,Yes
AST-1650,USR-1150,LAP-01650,Laptop,Dell Precision 3580,HP,Windows 10,HR,Gurugram,Active,2026-09-30,Enabled,Outdated,Compliant,Compliant,Compliant,Pending,N/A,Connected,Non-Compliant,Multiple Compliance Failures,Weekly,Critical,No
AST-1651,USR-1151,LAP-01651,Laptop,HP ProBook 440 G10,HP,Windows 10,Marketing,Hyderabad,Active,2026-07-09,Enabled,Up-to-Date,Compliant,Compliant,Compliant,Compliant,N/A,Connected,Compliant,No Issue,On-Demand,Warning,Yes
AST-1652,USR-1152,LAP-01652,Laptop,Lenovo ThinkPad E14 Gen 5,Dell,Windows 11,Finance,Chennai,Active,2026-02-18,Enabled,Up-to-Date,Compliant,Non-Compliant,Compliant,Compliant,Installed,Disconnected,Partially Compliant,Windows Patch Pending,Weekly,Warning,No
AST-1653,USR-1153,DEV-01653,Desktop,Lenovo ThinkPad T14 Gen 4,HP,Windows 11,HR,Pune,Active,2026-02-21,Disabled,Outdated,Compliant,Compliant,Compliant,Compliant,N/A,Intermittent,Non-Compliant,Multiple Compliance Failures,On-Demand,Warning,No
AST-1654,USR-1154,LAP-01654,Laptop,Lenovo ThinkPad T14 Gen 4,Lenovo,Windows 11,Support,Bengaluru,Active,2026-06-05,Disabled,Outdated,Compliant,Disabled,Not Installed,Pending,Installed,Intermittent,Non-Compliant,Multiple Compliance Failures,Daily,Warning,No
AST-1655,USR-1155,LAP-01655,Laptop,Dell Latitude 5440,Dell,Windows 10,Legal,Gurugram,Active,2026-07-28,Disabled,Up-to-Date,Compliant,Compliant,Compliant,Compliant,Installed,Disconnected,Partially Compliant,BitLocker Disabled,Weekly,Warning,No
AST-1656,USR-1156,LAP-01656,Laptop,Lenovo ThinkPad T14 Gen 4,HP,Windows 11,IT,Pune,Active,2026-07-19,Enabled,Outdated,Non-Compliant,Non-Compliant,Compliant,Compliant,Installed,Disconnected,Non-Compliant,Multiple Compliance Failures,Weekly,Warning,No
AST-1657,USR-1157,LAP-01657,Laptop,HP EliteBook 840 G10,Lenovo,Windows 10,HR,Bengaluru,Active,2026-09-07,Enabled,Up-to-Date,Compliant,Compliant,Non-Compliant,Non-Compliant,Installed,Intermittent,Non-Compliant,Multiple Compliance Failures,On-Demand,Warning,No
AST-1658,USR-1158,LAP-01658,Laptop,Lenovo ThinkPad E14 Gen 5,Lenovo,Windows 11,Engineering,Bengaluru,Active,2026-05-26,Enabled,Outdated,Compliant,Compliant,Compliant,Outdated,Installed,Disconnected,Non-Compliant,Multiple Compliance Failures,On-Demand,Healthy,No
AST-1659,USR-1159,LAP-01659,Laptop,HP ProBook 440 G10,Lenovo,Windows 10,Marketing,Bengaluru,Active,2026-07-25,Enabled,Disabled,Non-Compliant,Compliant,Compliant,Non-Compliant,Not Installed,Disconnected,Non-Compliant,Multiple Compliance Failures,On-Demand,Warning,No
AST-1660,USR-1160,LAP-01660,Laptop,Dell Precision 3580,HP,Windows 10,Engineering,Gurugram,Inactive,2026-08-26,Disabled,Outdated,Non-Compliant,Compliant,Compliant,Compliant,Installed,Connected,Non-Compliant,Multiple Compliance Failures,Weekly,Warning,Yes
AST-1661,USR-1161,LAP-01661,Laptop,Lenovo ThinkPad T14 Gen 4,Dell,Windows 11,Support,Noida,Active,2026-04-25,Enabled,Disabled,Compliant,Non-Compliant,Not Installed,Compliant,Not Installed,Intermittent,Non-Compliant,Multiple Compliance Failures,On-Demand,Critical,No
AST-1662,USR-1162,LAP-01662,Laptop,HP ProBook 440 G10,Dell,Windows 11,Marketing,Bengaluru,Exited,2025-11-19,Disabled,Outdated,Compliant,Compliant,Non-Compliant,Pending,Not Installed,Connected,Non-Compliant,Asset Not Active,Weekly,Critical,Yes
AST-1663,USR-1163,DEV-01663,Desktop,Dell Precision 3580,Lenovo,Windows 11,Marketing,Gurugram,Active,2026-02-26,Enabled,Outdated,Compliant,Non-Compliant,Not Installed,Pending,Installed,Connected,Non-Compliant,Multiple Compliance Failures,Weekly,Critical,Yes
AST-1664,USR-1164,LAP-01664,Laptop,Dell Precision 3580,Lenovo,Windows 11,Support,Delhi,Active,2026-03-03,Disabled,Disabled,Missing,Compliant,Compliant,Compliant,Not Installed,Disconnected,Non-Compliant,Multiple Compliance Failures,Weekly,Critical,Yes
AST-1665,USR-1165,DEV-01665,Desktop,Dell Precision 3580,HP,Windows 11,HR,Gurugram,Active,2026-03-16,Disabled,Up-to-Date,Non-Compliant,Compliant,Non-Compliant,Compliant,N/A,Disconnected,Non-Compliant,Multiple Compliance Failures,Weekly,Critical,No
AST-1666,USR-1166,LAP-01666,Laptop,Lenovo ThinkPad E14 Gen 5,HP,Windows 11,Engineering,Pune,Active,2026-06-25,Enabled,Up-to-Date,Non-Compliant,Compliant,Non-Compliant,Non-Compliant,Not Installed,Disconnected,Non-Compliant,Multiple Compliance Failures,On-Demand,Warning,No
AST-1667,USR-1167,LAP-01667,Laptop,Lenovo ThinkPad E14 Gen 5,HP,Windows 10,Engineering,Hyderabad,Active,2026-06-06,Enabled,Up-to-Date,Compliant,Compliant,Compliant,Outdated,Installed,Connected,Partially Compliant,Windows Patch Pending,On-Demand,Critical,Yes
AST-1668,USR-1168,LAP-01668,Laptop,HP ProBook 440 G10,HP,Windows 11,Finance,Pune,Active,2026-09-22,Disabled,Up-to-Date,Compliant,Compliant,Non-Compliant,Compliant,Not Installed,Intermittent,Non-Compliant,Multiple Compliance Failures,Daily,Critical,No
AST-1669,USR-1169,DEV-01669,Desktop,Dell Latitude 5450,HP,Windows 11,Operations,Gurugram,Active,2026-04-26,Disabled,Missing,Compliant,Compliant,Compliant,Non-Compliant,N/A,Disconnected,Non-Compliant,Multiple Compliance Failures,On-Demand,Critical,Yes
AST-1670,USR-1170,LAP-01670,Laptop,Lenovo ThinkPad E14 Gen 5,HP,Windows 11,IT,Mumbai,Active,2026-04-14,Disabled,Disabled,Missing,Disabled,Non-Compliant,Non-Compliant,Installed,Intermittent,Non-Compliant,Multiple Compliance Failures,Daily,Warning,Yes
AST-1671,USR-1171,DEV-01671,Desktop,Lenovo ThinkPad E14 Gen 5,Dell,Windows 10,Engineering,Gurugram,Active,2026-05-06,Enabled,Up-to-Date,Non-Compliant,Compliant,Compliant,Compliant,Installed,Connected,Partially Compliant,Windows Patch Pending,On-Demand,Warning,No
AST-1672,USR-1172,DEV-01672,Desktop,Lenovo ThinkPad T14 Gen 4,Dell,Windows 11,IT,Pune,Active,2026-08-26,Enabled,Disabled,Compliant,Compliant,Compliant,Non-Compliant,N/A,Intermittent,Non-Compliant,Multiple Compliance Failures,Daily,Healthy,No
AST-1673,USR-1173,LAP-01673,Laptop,Dell Latitude 5450,Lenovo,Windows 11,Engineering,Delhi,Active,2026-08-15,Disabled,Up-to-Date,Compliant,Compliant,Non-Compliant,Pending,Installed,Disconnected,Non-Compliant,Multiple Compliance Failures,Weekly,Critical,No
AST-1674,USR-1174,LAP-01674,Laptop,HP ProBook 440 G10,Lenovo,Windows 11,HR,Gurugram,Active,2026-06-08,Enabled,Disabled,Compliant,Disabled,Compliant,Compliant,Installed,Disconnected,Non-Compliant,Multiple Compliance Failures,Daily,Warning,No
AST-1675,USR-1175,LAP-01675,Laptop,Dell Latitude 5450,Dell,Windows 11,Sales,Kolkata,Active,2026-02-25,Disabled,Up-to-Date,Missing,Compliant,Non-Compliant,Pending,Installed,Disconnected,Non-Compliant,Multiple Compliance Failures,Weekly,Critical,No
AST-1676,USR-1176,LAP-01676,Laptop,Lenovo ThinkPad T14 Gen 4,HP,Windows 11,Engineering,Mumbai,Active,2026-03-22,Disabled,Up-to-Date,Compliant,Non-Compliant,Non-Compliant,Pending,Not Installed,Intermittent,Non-Compliant,Multiple Compliance Failures,Weekly,Healthy,No
AST-1677,USR-1177,LAP-01677,Laptop,Dell Latitude 5440,HP,Windows 10,Legal,Pune,Active,2026-01-03,Enabled,Up-to-Date,Compliant,Non-Compliant,Compliant,Compliant,Installed,Intermittent,Partially Compliant,DES Non-Compliant,Daily,Warning,No
AST-1678,USR-1178,LAP-01678,Laptop,Lenovo ThinkPad T14 Gen 4,Dell,Windows 10,Support,Chennai,Active,2026-04-13,Disabled,Up-to-Date,Compliant,Compliant,Non-Compliant,Compliant,Installed,Disconnected,Non-Compliant,Multiple Compliance Failures,Daily,Healthy,Yes
AST-1679,USR-1179,DEV-01679,Desktop,Dell Latitude 5440,Dell,Windows 10,IT,Pune,Active,2026-07-12,Disabled,Disabled,Not Installed,Non-Compliant,Compliant,Outdated,Installed,Disconnected,Non-Compliant,Multiple Compliance Failures,On-Demand,Warning,No
AST-1680,USR-1180,LAP-01680,Laptop,HP ProBook 440 G10,Dell,Windows 11,Operations,Pune,Exited,2026-02-21,Disabled,Up-to-Date,Non-Compliant,Compliant,Compliant,Compliant,Installed,Intermittent,Non-Compliant,Asset Not Active,On-Demand,Critical,No
AST-1681,USR-1181,LAP-01681,Laptop,Dell Latitude 5450,Lenovo,Windows 10,Finance,Pune,Active,2026-08-17,Enabled,Outdated,Missing,Non-Compliant,Non-Compliant,Outdated,Installed,Disconnected,Non-Compliant,Multiple Compliance Failures,Daily,Warning,No
AST-1682,USR-1182,LAP-01682,Laptop,Lenovo ThinkPad T14 Gen 4,Dell,Windows 10,Marketing,Delhi,Active,2026-09-28,Enabled,Outdated,Compliant,Compliant,Compliant,Compliant,Installed,Intermittent,Partially Compliant,Antivirus Outdated,Weekly,Healthy,No
AST-1683,USR-1183,LAP-01683,Laptop,Lenovo ThinkPad T14 Gen 4,HP,Windows 11,Operations,Noida,Decommissioned,2026-02-24,Disabled,Outdated,Non-Compliant,Missing,Non-Compliant,Non-Compliant,Not Installed,Intermittent,Non-Compliant,Asset Not Active,Weekly,Warning,No
AST-1684,USR-1184,LAP-01684,Laptop,HP ProBook 440 G10,Dell,Windows 10,Sales,Delhi,Active,2026-08-10,Disabled,Up-to-Date,Non-Compliant,Compliant,Compliant,Non-Compliant,Not Installed,Intermittent,Non-Compliant,Multiple Compliance Failures,Weekly,Healthy,Yes
AST-1685,USR-1185,LAP-01685,Laptop,Dell Precision 3580,Lenovo,Windows 11,Finance,Bengaluru,Active,2026-07-01,Enabled,Outdated,Compliant,Compliant,Non-Compliant,Non-Compliant,Installed,Connected,Non-Compliant,Multiple Compliance Failures,Daily,Warning,Yes
AST-1686,USR-1186,DEV-01686,Desktop,Dell Latitude 5450,HP,Windows 11,Legal,Hyderabad,Active,2026-04-14,Enabled,Up-to-Date,Compliant,Compliant,Missing,Outdated,N/A,Connected,Non-Compliant,Multiple Compliance Failures,Daily,Warning,Yes
AST-1687,USR-1187,LAP-01687,Laptop,Dell Latitude 5450,Dell,Windows 10,Legal,Noida,Active,2026-07-24,Disabled,Up-to-Date,Compliant,Non-Compliant,Non-Compliant,Compliant,Installed,Connected,Non-Compliant,Multiple Compliance Failures,Daily,Critical,Yes
AST-1688,USR-1188,DEV-01688,Desktop,Lenovo ThinkPad T14 Gen 4,HP,Windows 11,HR,Chennai,Active,2026-09-02,Disabled,Up-to-Date,Not Installed,Compliant,Compliant,Compliant,N/A,Connected,Non-Compliant,Multiple Compliance Failures,Daily,Warning,No
AST-1689,USR-1189,LAP-01689,Laptop,Dell Latitude 5440,HP,Windows 10,Sales,Pune,Active,2026-07-19,Unknown,Missing,Compliant,Disabled,Compliant,Outdated,Installed,Connected,Non-Compliant,Multiple Compliance Failures,Daily,Healthy,Yes
AST-1690,USR-1190,LAP-01690,Laptop,HP ProBook 440 G10,Dell,Windows 11,Finance,Gurugram,Active,2026-08-01,Disabled,Outdated,Compliant,Non-Compliant,Missing,Non-Compliant,Installed,Intermittent,Non-Compliant,Multiple Compliance Failures,Daily,Critical,Yes
AST-1691,USR-1191,DEV-01691,Desktop,Dell Latitude 5440,HP,Windows 10,Engineering,Delhi,Active,2026-01-14,Enabled,Up-to-Date,Compliant,Compliant,Missing,Non-Compliant,N/A,Intermittent,Non-Compliant,Multiple Compliance Failures,Daily,Warning,Yes
AST-1692,USR-1192,LAP-01692,Laptop,Dell Precision 3580,HP,Windows 10,Support,Chennai,Active,2026-08-26,Enabled,Up-to-Date,Compliant,Compliant,Compliant,Compliant,N/A,Connected,Compliant,No Issue,On-Demand,Critical,Yes
AST-1693,USR-1193,DEV-01693,Desktop,Dell Latitude 5450,Dell,Windows 11,Support,Gurugram,Active,2026-04-11,Enabled,Outdated,Compliant,Non-Compliant,Non-Compliant,Compliant,N/A,Connected,Non-Compliant,Multiple Compliance Failures,Daily,Critical,Yes
AST-1694,USR-1194,LAP-01694,Laptop,Lenovo ThinkPad T14 Gen 4,Lenovo,Windows 10,Sales,Gurugram,Inactive,2026-09-24,Disabled,Up-to-Date,Compliant,Non-Compliant,Compliant,Non-Compliant,Installed,Disconnected,Non-Compliant,Multiple Compliance Failures,Weekly,Warning,Yes
AST-1695,USR-1195,LAP-01695,Laptop,HP EliteBook 840 G10,HP,Windows 10,IT,Chennai,Active,2026-03-24,Disabled,Up-to-Date,Compliant,Compliant,Compliant,Compliant,Installed,Disconnected,Partially Compliant,BitLocker Disabled,Weekly,Healthy,No
AST-1696,USR-1196,LAP-01696,Laptop,Dell Precision 3580,HP,Windows 11,Engineering,Kolkata,Active,2026-05-11,Disabled,Up-to-Date,Compliant,Non-Compliant,Not Installed,Compliant,N/A,Disconnected,Non-Compliant,Multiple Compliance Failures,On-Demand,Healthy,No
AST-1697,USR-1197,DEV-01697,Desktop,Dell Precision 3580,Dell,Windows 11,Marketing,Hyderabad,Inactive,2026-06-01,Enabled,Up-to-Date,Compliant,Compliant,Not Installed,Pending,N/A,Disconnected,Non-Compliant,Multiple Compliance Failures,Weekly,Critical,Yes
AST-1698,USR-1198,LAP-01698,Laptop,Dell Precision 3580,Lenovo,Windows 10,Finance,Kolkata,Exited,2026-02-12,Disabled,Missing,Compliant,Compliant,Non-Compliant,Non-Compliant,Installed,Intermittent,Non-Compliant,Asset Not Active,Daily,Critical,No
AST-1699,USR-1199,DEV-01699,Workstation,HP ProBook 440 G10,Lenovo,Windows 10,Operations,Hyderabad,Active,2026-10-04,Enabled,Up-to-Date,Non-Compliant,Non-Compliant,Missing,Compliant,Not Installed,Connected,Non-Compliant,Multiple Compliance Failures,Weekly,Warning,No
AST-1700,USR-1200,DEV-01700,Desktop,Dell Latitude 5450,HP,Windows 10,Finance,Chennai,Decommissioned,2025-10-16,Enabled,Up-to-Date,Not Installed,Compliant,Compliant,Non-Compliant,N/A,Connected,Non-Compliant,Asset Not Active,Daily,Warning,Yes
AST-1701,USR-1201,LAP-01701,Laptop,HP ProBook 440 G10,Dell,Windows 11,Finance,Hyderabad,Active,2026-03-19,Disabled,Up-to-Date,Not Installed,Compliant,Missing,Compliant,Not Installed,Disconnected,Non-Compliant,Multiple Compliance Failures,Daily,Critical,Yes
AST-1702,USR-1202,LAP-01702,Laptop,Dell Latitude 5440,HP,Windows 11,Legal,Hyderabad,Active,2026-06-24,Disabled,Up-to-Date,Compliant,Non-Compliant,Compliant,Non-Compliant,Installed,Connected,Non-Compliant,Multiple Compliance Failures,On-Demand,Warning,No
AST-1703,USR-1203,LAP-01703,Laptop,Dell Precision 3580,Dell,Windows 10,Engineering,Mumbai,Active,2026-07-05,Disabled,Outdated,Compliant,Compliant,Not Installed,Non-Compliant,Installed,Disconnected,Non-Compliant,Multiple Compliance Failures,Daily,Critical,Yes
AST-1704,USR-1204,LAP-01704,Laptop,Lenovo ThinkPad T14 Gen 4,Dell,Windows 11,Engineering,Bengaluru,Decommissioned,2026-02-02,Enabled,Up-to-Date,Compliant,Compliant,Missing,Outdated,Installed,Intermittent,Non-Compliant,Asset Not Active,Weekly,Critical,No
AST-1705,USR-1205,LAP-01705,Laptop,Dell Latitude 5440,Lenovo,Windows 10,HR,Bengaluru,Active,2026-02-20,Disabled,Missing,Compliant,Compliant,Not Installed,Compliant,Not Installed,Disconnected,Non-Compliant,Multiple Compliance Failures,On-Demand,Critical,No
AST-1706,USR-1206,LAP-01706,Laptop,Lenovo ThinkPad T14 Gen 4,Dell,Windows 10,Finance,Delhi,Decommissioned,2025-10-07,Disabled,Up-to-Date,Compliant,Disabled,Compliant,Compliant,Not Installed,Intermittent,Non-Compliant,Asset Not Active,Weekly,Healthy,No
AST-1707,USR-1207,LAP-01707,Laptop,Lenovo ThinkPad E14 Gen 5,HP,Windows 10,Sales,Gurugram,Exited,2025-12-23,Disabled,Up-to-Date,Non-Compliant,Compliant,Not Installed,Compliant,Installed,Connected,Non-Compliant,Asset Not Active,On-Demand,Critical,No
AST-1708,USR-1208,DEV-01708,Desktop,Lenovo ThinkPad E14 Gen 5,Dell,Windows 10,HR,Mumbai,Inactive,2026-06-06,Enabled,Outdated,Compliant,Compliant,Compliant,Pending,Installed,Disconnected,Non-Compliant,Multiple Compliance Failures,On-Demand,Warning,Yes
AST-1709,USR-1209,DEV-01709,Desktop,HP EliteBook 840 G10,Lenovo,Windows 11,Support,Kolkata,Inactive,2026-04-08,Enabled,Up-to-Date,Compliant,Compliant,Compliant,Compliant,N/A,Disconnected,Compliant,No Issue,On-Demand,Critical,Yes
AST-1710,USR-1210,LAP-01710,Laptop,HP ProBook 440 G10,Dell,Windows 10,HR,Hyderabad,Active,2026-07-23,Enabled,Outdated,Missing,Compliant,Compliant,Non-Compliant,Installed,Intermittent,Non-Compliant,Multiple Compliance Failures,On-Demand,Healthy,No
AST-1711,USR-1211,LAP-01711,Laptop,Dell Precision 3580,Lenovo,Windows 11,Operations,Gurugram,Exited,2026-01-21,Disabled,Outdated,Compliant,Compliant,Missing,Outdated,Installed,Connected,Non-Compliant,Asset Not Active,Weekly,Healthy,Yes
AST-1712,USR-1212,LAP-01712,Laptop,Dell Precision 3580,Lenovo,Windows 11,Marketing,Hyderabad,Decommissioned,2025-12-06,Disabled,Disabled,Compliant,Compliant,Compliant,Compliant,Installed,Disconnected,Non-Compliant,Asset Not Active,Weekly,Warning,Yes
AST-1713,USR-1213,DEV-01713,Workstation,HP ProBook 440 G10,Lenovo,Windows 11,Support,Pune,Active,2026-09-17,Enabled,Missing,Not Installed,Compliant,Compliant,Compliant,Not Installed,Connected,Non-Compliant,Multiple Compliance Failures,On-Demand,Healthy,No
AST-1714,USR-1214,LAP-01714,Laptop,Lenovo ThinkPad T14 Gen 4,Dell,Windows 10,Engineering,Kolkata,Inactive,2026-03-29,Unknown,Outdated,Non-Compliant,Compliant,Non-Compliant,Compliant,Installed,Intermittent,Non-Compliant,Multiple Compliance Failures,Daily,Warning,No
AST-1715,USR-1215,LAP-01715,Laptop,Lenovo ThinkPad E14 Gen 5,Dell,Windows 11,Engineering,Hyderabad,Decommissioned,2026-01-10,Enabled,Outdated,Non-Compliant,Missing,Non-Compliant,Non-Compliant,Installed,Intermittent,Non-Compliant,Asset Not Active,On-Demand,Critical,No
AST-1716,USR-1216,DEV-01716,Desktop,Dell Latitude 5440,Lenovo,Windows 11,HR,Noida,Active,2026-07-03,Unknown,Up-to-Date,Compliant,Non-Compliant,Compliant,Compliant,N/A,Intermittent,Non-Compliant,Multiple Compliance Failures,Weekly,Critical,Yes
AST-1717,USR-1217,LAP-01717,Laptop,Lenovo ThinkPad E14 Gen 5,Lenovo,Windows 11,Legal,Mumbai,Inactive,2026-07-26,Disabled,Up-to-Date,Compliant,Non-Compliant,Compliant,Compliant,Installed,Disconnected,Non-Compliant,Multiple Compliance Failures,On-Demand,Warning,Yes
AST-1718,USR-1218,LAP-01718,Laptop,Dell Precision 3580,HP,Windows 11,HR,Kolkata,Decommissioned,2025-12-26,Enabled,Up-to-Date,Compliant,Compliant,Compliant,Compliant,Installed,Disconnected,Non-Compliant,Asset Not Active,Daily,Critical,Yes
AST-1719,USR-1219,LAP-01719,Laptop,Dell Latitude 5450,Dell,Windows 11,Engineering,Gurugram,Exited,2025-10-18,Enabled,Disabled,Compliant,Compliant,Compliant,Compliant,N/A,Intermittent,Non-Compliant,Asset Not Active,Daily,Warning,Yes
AST-1720,USR-1220,LAP-01720,Laptop,Dell Precision 3580,Lenovo,Windows 10,HR,Hyderabad,Decommissioned,2025-10-10,Disabled,Missing,Non-Compliant,Disabled,Compliant,Compliant,Not Installed,Disconnected,Non-Compliant,Asset Not Active,Daily,Warning,Yes
AST-1721,USR-1221,LAP-01721,Laptop,Lenovo ThinkPad E14 Gen 5,Dell,Windows 11,Support,Noida,Active,2026-08-18,Enabled,Up-to-Date,Non-Compliant,Compliant,Compliant,Non-Compliant,Not Installed,Disconnected,Non-Compliant,Multiple Compliance Failures,Daily,Warning,Yes
AST-1722,USR-1222,LAP-01722,Laptop,Dell Latitude 5440,Lenovo,Windows 10,Marketing,Kolkata,Active,2026-02-20,Enabled,Up-to-Date,Missing,Missing,Non-Compliant,Outdated,Not Installed,Intermittent,Non-Compliant,Multiple Compliance Failures,On-Demand,Critical,No
AST-1723,USR-1223,LAP-01723,Laptop,HP EliteBook 840 G10,Dell,Windows 10,Support,Chennai,Inactive,2026-09-09,Enabled,Outdated,Compliant,Non-Compliant,Compliant,Compliant,Installed,Intermittent,Non-Compliant,Multiple Compliance Failures,Weekly,Warning,No
AST-1724,USR-1224,LAP-01724,Laptop,Dell Latitude 5440,Lenovo,Windows 10,Support,Delhi,Exited,2025-12-20,Disabled,Outdated,Compliant,Missing,Compliant,Non-Compliant,N/A,Connected,Non-Compliant,Asset Not Active,Weekly,Warning,Yes
AST-1725,USR-1225,DEV-01725,Desktop,HP ProBook 440 G10,Dell,Windows 11,Finance,Bengaluru,Active,2026-04-20,Disabled,Up-to-Date,Compliant,Disabled,Compliant,Non-Compliant,N/A,Intermittent,Non-Compliant,Multiple Compliance Failures,Weekly,Healthy,Yes
AST-1726,USR-1226,LAP-01726,Laptop,HP ProBook 440 G10,Dell,Windows 11,Operations,Pune,Active,2026-06-19,Enabled,Up-to-Date,Missing,Compliant,Compliant,Outdated,Not Installed,Disconnected,Non-Compliant,Multiple Compliance Failures,Daily,Healthy,Yes
AST-1727,USR-1227,LAP-01727,Laptop,Lenovo ThinkPad E14 Gen 5,HP,Windows 10,IT,Mumbai,Active,2026-05-20,Disabled,Outdated,Non-Compliant,Disabled,Compliant,Outdated,Not Installed,Disconnected,Non-Compliant,Multiple Compliance Failures,Weekly,Warning,Yes
AST-1728,USR-1228,LAP-01728,Laptop,Dell Latitude 5440,HP,Windows 11,Finance,Kolkata,Decommissioned,2025-11-10,Disabled,Up-to-Date,Non-Compliant,Compliant,Non-Compliant,Compliant,Not Installed,Disconnected,Non-Compliant,Asset Not Active,Daily,Critical,No
AST-1729,USR-1229,LAP-01729,Laptop,Dell Precision 3580,Lenovo,Windows 10,Engineering,Bengaluru,Exited,2025-10-23,Enabled,Up-to-Date,Missing,Compliant,Non-Compliant,Compliant,N/A,Connected,Non-Compliant,Asset Not Active,On-Demand,Healthy,No
AST-1730,USR-1230,LAP-01730,Laptop,Lenovo ThinkPad T14 Gen 4,Lenovo,Windows 11,Operations,Bengaluru,Active,2026-01-22,Enabled,Up-to-Date,Non-Compliant,Compliant,Compliant,Compliant,Not Installed,Intermittent,Partially Compliant,Proxy Agent Missing,Weekly,Healthy,Yes
AST-1731,USR-1231,DEV-01731,Workstation,Lenovo ThinkPad E14 Gen 5,Dell,Windows 11,Operations,Pune,Exited,2025-11-27,Disabled,Up-to-Date,Compliant,Non-Compliant,Compliant,Compliant,N/A,Intermittent,Non-Compliant,Asset Not Active,On-Demand,Warning,Yes
AST-1732,USR-1232,LAP-01732,Laptop,Lenovo ThinkPad E14 Gen 5,Lenovo,Windows 11,Finance,Pune,Decommissioned,2025-10-05,Enabled,Outdated,Compliant,Missing,Compliant,Non-Compliant,Installed,Disconnected,Non-Compliant,Asset Not Active,Daily,Healthy,Yes
AST-1733,USR-1233,LAP-01733,Laptop,Dell Precision 3580,Lenovo,Windows 11,Engineering,Mumbai,Active,2026-01-11,Enabled,Up-to-Date,Non-Compliant,Disabled,Non-Compliant,Compliant,Installed,Disconnected,Non-Compliant,Multiple Compliance Failures,On-Demand,Critical,No
AST-1734,USR-1234,LAP-01734,Laptop,Dell Latitude 5450,Dell,Windows 10,Sales,Gurugram,Active,2026-07-04,Disabled,Up-to-Date,Not Installed,Compliant,Missing,Compliant,Installed,Disconnected,Non-Compliant,Multiple Compliance Failures,Weekly,Healthy,No
AST-1735,USR-1235,LAP-01735,Laptop,HP ProBook 440 G10,HP,Windows 11,Legal,Chennai,Inactive,2026-04-17,Enabled,Up-to-Date,Missing,Disabled,Not Installed,Compliant,Not Installed,Intermittent,Non-Compliant,Multiple Compliance Failures,Weekly,Warning,No
AST-1736,USR-1236,LAP-01736,Laptop,Lenovo ThinkPad T14 Gen 4,HP,Windows 11,Legal,Pune,Active,2026-07-06,Enabled,Outdated,Compliant,Non-Compliant,Compliant,Outdated,Not Installed,Intermittent,Non-Compliant,Multiple Compliance Failures,Weekly,Healthy,No
AST-1737,USR-1237,LAP-01737,Laptop,HP ProBook 440 G10,Lenovo,Windows 11,Support,Mumbai,Active,2026-03-22,Enabled,Missing,Non-Compliant,Non-Compliant,Compliant,Compliant,Installed,Connected,Non-Compliant,Multiple Compliance Failures,Weekly,Healthy,Yes
AST-1738,USR-1238,LAP-01738,Laptop,Dell Precision 3580,Dell,Windows 10,Finance,Chennai,Active,2026-08-28,Disabled,Outdated,Compliant,Compliant,Non-Compliant,Compliant,Installed,Disconnected,Non-Compliant,Multiple Compliance Failures,On-Demand,Critical,Yes
AST-1739,USR-1239,LAP-01739,Laptop,HP EliteBook 840 G10,Dell,Windows 10,HR,Pune,Active,2026-03-19,Enabled,Missing,Compliant,Disabled,Compliant,Outdated,Installed,Intermittent,Non-Compliant,Multiple Compliance Failures,Weekly,Critical,No
AST-1740,USR-1240,LAP-01740,Laptop,Lenovo ThinkPad T14 Gen 4,Lenovo,Windows 10,Engineering,Hyderabad,Active,2026-03-23,Enabled,Outdated,Missing,Compliant,Compliant,Non-Compliant,Not Installed,Intermittent,Non-Compliant,Multiple Compliance Failures,Daily,Healthy,Yes
AST-1741,USR-1241,LAP-01741,Laptop,Dell Latitude 5450,Lenovo,Windows 11,Engineering,Delhi,Decommissioned,2026-02-27,Disabled,Outdated,Compliant,Non-Compliant,Non-Compliant,Outdated,Installed,Disconnected,Non-Compliant,Asset Not Active,On-Demand,Critical,No
AST-1742,USR-1242,DEV-01742,Desktop,Dell Precision 3580,Lenovo,Windows 10,HR,Pune,Decommissioned,2025-12-14,Enabled,Up-to-Date,Compliant,Compliant,Compliant,Outdated,Not Installed,Intermittent,Non-Compliant,Asset Not Active,Weekly,Healthy,No
AST-1743,USR-1243,LAP-01743,Laptop,HP ProBook 440 G10,HP,Windows 11,Marketing,Delhi,Exited,2025-12-07,Enabled,Disabled,Missing,Compliant,Compliant,Compliant,Not Installed,Disconnected,Non-Compliant,Asset Not Active,On-Demand,Critical,No
AST-1744,USR-1244,LAP-01744,Laptop,Lenovo ThinkPad E14 Gen 5,Dell,Windows 11,Sales,Mumbai,Active,2026-07-18,Disabled,Disabled,Compliant,Compliant,Compliant,Compliant,Installed,Disconnected,Non-Compliant,Multiple Compliance Failures,Weekly,Critical,No
AST-1745,USR-1245,DEV-01745,Desktop,Dell Latitude 5440,Lenovo,Windows 11,IT,Gurugram,Active,2026-06-13,Disabled,Outdated,Compliant,Compliant,Missing,Outdated,N/A,Connected,Non-Compliant,Multiple Compliance Failures,Daily,Healthy,Yes
AST-1746,USR-1246,DEV-01746,Desktop,Lenovo ThinkPad E14 Gen 5,Lenovo,Windows 11,Engineering,Pune,Active,2026-03-21,Disabled,Missing,Compliant,Compliant,Non-Compliant,Pending,N/A,Intermittent,Non-Compliant,Multiple Compliance Failures,Daily,Critical,Yes
AST-1747,USR-1247,DEV-01747,Desktop,HP EliteBook 840 G10,HP,Windows 11,Support,Bengaluru,Active,2026-02-10,Disabled,Up-to-Date,Non-Compliant,Compliant,Compliant,Non-Compliant,N/A,Disconnected,Non-Compliant,Multiple Compliance Failures,Daily,Critical,No
AST-1748,USR-1248,LAP-01748,Laptop,Lenovo ThinkPad T14 Gen 4,Lenovo,Windows 11,Operations,Noida,Active,2026-03-15,Disabled,Missing,Compliant,Compliant,Compliant,Compliant,Installed,Intermittent,Non-Compliant,Multiple Compliance Failures,Daily,Healthy,Yes
AST-1749,USR-1249,LAP-01749,Laptop,Dell Latitude 5440,Lenovo,Windows 10,Sales,Hyderabad,Decommissioned,2025-12-01,Enabled,Missing,Compliant,Compliant,Non-Compliant,Compliant,Installed,Connected,Non-Compliant,Asset Not Active,Daily,Healthy,Yes
AST-1750,USR-1250,LAP-01750,Laptop,Dell Precision 3580,Lenovo,Windows 10,Marketing,Noida,Active,2026-06-13,Disabled,Up-to-Date,Non-Compliant,Disabled,Compliant,Outdated,Not Installed,Intermittent,Non-Compliant,Multiple Compliance Failures,Weekly,Critical,No
AST-1751,USR-1251,LAP-01751,Laptop,HP ProBook 440 G10,HP,Windows 10,Engineering,Pune,Active,2026-06-30,Enabled,Outdated,Compliant,Missing,Compliant,Non-Compliant,Installed,Disconnected,Non-Compliant,Multiple Compliance Failures,Weekly,Warning,No
AST-1752,USR-1252,LAP-01752,Laptop,Dell Latitude 5450,Lenovo,Windows 10,Finance,Gurugram,Active,2026-08-11,Unknown,Missing,Non-Compliant,Compliant,Missing,Compliant,Installed,Connected,Non-Compliant,Multiple Compliance Failures,Daily,Healthy,No
AST-1753,USR-1253,LAP-01753,Laptop,HP ProBook 440 G10,HP,Windows 11,Finance,Chennai,Active,2026-09-13,Enabled,Up-to-Date,Missing,Disabled,Compliant,Compliant,Not Installed,Intermittent,Non-Compliant,Multiple Compliance Failures,Daily,Warning,Yes
AST-1754,USR-1254,LAP-01754,Laptop,Lenovo ThinkPad E14 Gen 5,HP,Windows 11,Sales,Mumbai,Active,2026-03-23,Enabled,Up-to-Date,Not Installed,Non-Compliant,Compliant,Compliant,Installed,Intermittent,Non-Compliant,Multiple Compliance Failures,Daily,Critical,Yes
AST-1755,USR-1255,LAP-01755,Laptop,Dell Latitude 5450,Lenovo,Windows 11,Marketing,Chennai,Active,2026-06-17,Disabled,Up-to-Date,Non-Compliant,Compliant,Compliant,Compliant,Installed,Disconnected,Non-Compliant,Multiple Compliance Failures,On-Demand,Warning,No
AST-1756,USR-1256,DEV-01756,Workstation,HP EliteBook 840 G10,Dell,Windows 10,Support,Noida,Active,2026-08-29,Disabled,Outdated,Missing,Non-Compliant,Non-Compliant,Pending,N/A,Disconnected,Non-Compliant,Multiple Compliance Failures,Daily,Critical,No
AST-1757,USR-1257,LAP-01757,Laptop,Dell Precision 3580,HP,Windows 11,IT,Chennai,Active,2026-03-15,Disabled,Disabled,Compliant,Compliant,Non-Compliant,Pending,Installed,Connected,Non-Compliant,Multiple Compliance Failures,Daily,Critical,Yes
AST-1758,USR-1258,LAP-01758,Laptop,Lenovo ThinkPad T14 Gen 4,Lenovo,Windows 10,HR,Hyderabad,Active,2026-04-07,Enabled,Up-to-Date,Compliant,Missing,Non-Compliant,Non-Compliant,Not Installed,Intermittent,Non-Compliant,Multiple Compliance Failures,Daily,Critical,Yes
AST-1759,USR-1259,LAP-01759,Laptop,HP EliteBook 840 G10,Dell,Windows 11,Engineering,Gurugram,Active,2026-08-04,Enabled,Outdated,Missing,Compliant,Compliant,Compliant,Installed,Disconnected,Non-Compliant,Multiple Compliance Failures,On-Demand,Warning,Yes
AST-1760,USR-1260,LAP-01760,Laptop,Lenovo ThinkPad T14 Gen 4,HP,Windows 10,Engineering,Pune,Active,2026-01-27,Enabled,Up-to-Date,Non-Compliant,Compliant,Compliant,Compliant,N/A,Connected,Partially Compliant,Antivirus Outdated,Weekly,Critical,No
AST-1761,USR-1261,LAP-01761,Laptop,Lenovo ThinkPad E14 Gen 5,Dell,Windows 10,Finance,Chennai,Active,2026-09-19,Enabled,Up-to-Date,Missing,Compliant,Compliant,Non-Compliant,Installed,Connected,Non-Compliant,Multiple Compliance Failures,Daily,Healthy,Yes
AST-1762,USR-1262,LAP-01762,Laptop,HP ProBook 440 G10,Lenovo,Windows 11,Legal,Gurugram,Active,2026-02-01,Enabled,Up-to-Date,Compliant,Compliant,Compliant,Compliant,Installed,Intermittent,Compliant,No Issue,Daily,Healthy,No
AST-1763,USR-1263,DEV-01763,Desktop,Dell Precision 3580,Dell,Windows 10,Operations,Gurugram,Active,2026-01-22,Enabled,Up-to-Date,Non-Compliant,Compliant,Non-Compliant,Non-Compliant,N/A,Connected,Non-Compliant,Multiple Compliance Failures,On-Demand,Warning,No
AST-1764,USR-1264,LAP-01764,Laptop,Lenovo ThinkPad T14 Gen 4,Dell,Windows 10,Engineering,Delhi,Active,2026-04-17,Enabled,Up-to-Date,Compliant,Non-Compliant,Compliant,Compliant,Installed,Disconnected,Partially Compliant,Antivirus Outdated,On-Demand,Healthy,No
AST-1765,USR-1265,LAP-01765,Laptop,HP EliteBook 840 G10,Lenovo,Windows 10,Marketing,Bengaluru,Active,2026-04-14,Enabled,Up-to-Date,Non-Compliant,Non-Compliant,Compliant,Compliant,Installed,Disconnected,Non-Compliant,Multiple Compliance Failures,Weekly,Warning,Yes
AST-1766,USR-1266,LAP-01766,Laptop,Dell Precision 3580,Dell,Windows 11,Sales,Bengaluru,Active,2026-04-16,Unknown,Outdated,Non-Compliant,Compliant,Compliant,Compliant,Installed,Intermittent,Non-Compliant,Multiple Compliance Failures,Weekly,Warning,No
AST-1767,USR-1267,LAP-01767,Laptop,HP EliteBook 840 G10,Lenovo,Windows 10,Engineering,Mumbai,Active,2026-07-18,Disabled,Up-to-Date,Compliant,Compliant,Compliant,Compliant,Installed,Intermittent,Partially Compliant,DES Non-Compliant,Daily,Warning,No
AST-1768,USR-1268,DEV-01768,Workstation,HP ProBook 440 G10,HP,Windows 11,Legal,Gurugram,Active,2026-01-01,Disabled,Up-to-Date,Non-Compliant,Disabled,Missing,Non-Compliant,N/A,Connected,Non-Compliant,Multiple Compliance Failures,Daily,Warning,Yes
AST-1769,USR-1269,LAP-01769,Laptop,Lenovo ThinkPad E14 Gen 5,Dell,Windows 10,IT,Chennai,Active,2026-04-15,Enabled,Up-to-Date,Non-Compliant,Compliant,Compliant,Compliant,Installed,Connected,Partially Compliant,Proxy Agent Missing,Daily,Healthy,Yes
AST-1770,USR-1270,DEV-01770,Desktop,HP ProBook 440 G10,Lenovo,Windows 11,IT,Delhi,Inactive,2026-07-23,Disabled,Up-to-Date,Compliant,Compliant,Compliant,Non-Compliant,N/A,Disconnected,Non-Compliant,Multiple Compliance Failures,Weekly,Warning,No
AST-1771,USR-1271,DEV-01771,Desktop,Dell Latitude 5450,Dell,Windows 11,Engineering,Delhi,Active,2026-05-20,Disabled,Disabled,Missing,Non-Compliant,Non-Compliant,Compliant,N/A,Intermittent,Non-Compliant,Multiple Compliance Failures,Daily,Critical,No
AST-1772,USR-1272,DEV-01772,Desktop,HP EliteBook 840 G10,Lenovo,Windows 10,Support,Kolkata,Active,2026-07-11,Disabled,Outdated,Compliant,Compliant,Compliant,Pending,N/A,Connected,Non-Compliant,Multiple Compliance Failures,Weekly,Critical,No
AST-1773,USR-1273,LAP-01773,Laptop,Lenovo ThinkPad T14 Gen 4,Dell,Windows 11,Sales,Gurugram,Active,2026-08-10,Unknown,Outdated,Compliant,Non-Compliant,Missing,Non-Compliant,Installed,Disconnected,Non-Compliant,Multiple Compliance Failures,Weekly,Critical,No
AST-1774,USR-1274,LAP-01774,Laptop,Dell Latitude 5450,Lenovo,Windows 11,Operations,Mumbai,Active,2026-03-23,Disabled,Up-to-Date,Missing,Missing,Compliant,Compliant,Not Installed,Connected,Non-Compliant,Multiple Compliance Failures,Weekly,Healthy,Yes
AST-1775,USR-1275,LAP-01775,Laptop,HP ProBook 440 G10,Lenovo,Windows 11,Support,Mumbai,Active,2026-07-11,Disabled,Disabled,Non-Compliant,Non-Compliant,Non-Compliant,Compliant,Installed,Connected,Non-Compliant,Multiple Compliance Failures,On-Demand,Warning,No
AST-1776,USR-1276,LAP-01776,Laptop,Dell Latitude 5450,HP,Windows 10,HR,Hyderabad,Active,2026-02-25,Disabled,Up-to-Date,Non-Compliant,Non-Compliant,Non-Compliant,Pending,N/A,Connected,Non-Compliant,Multiple Compliance Failures,Weekly,Warning,Yes
AST-1777,USR-1277,DEV-01777,Desktop,Lenovo ThinkPad E14 Gen 5,HP,Windows 11,Legal,Delhi,Active,2026-08-05,Enabled,Up-to-Date,Compliant,Compliant,Non-Compliant,Compliant,N/A,Intermittent,Partially Compliant,Antivirus Outdated,On-Demand,Warning,No
AST-1778,USR-1278,LAP-01778,Laptop,Lenovo ThinkPad E14 Gen 5,HP,Windows 11,Engineering,Mumbai,Active,2026-01-16,Disabled,Outdated,Non-Compliant,Compliant,Compliant,Compliant,Installed,Intermittent,Non-Compliant,Multiple Compliance Failures,Daily,Warning,No
AST-1779,USR-1279,DEV-01779,Workstation,Lenovo ThinkPad E14 Gen 5,HP,Windows 10,Marketing,Bengaluru,Exited,2026-01-25,Enabled,Disabled,Non-Compliant,Compliant,Compliant,Compliant,N/A,Intermittent,Non-Compliant,Asset Not Active,Weekly,Healthy,No
AST-1780,USR-1280,DEV-01780,Desktop,HP ProBook 440 G10,Dell,Windows 10,Sales,Mumbai,Active,2026-09-15,Enabled,Up-to-Date,Compliant,Compliant,Missing,Pending,Installed,Intermittent,Non-Compliant,Multiple Compliance Failures,On-Demand,Critical,Yes
AST-1781,USR-1281,LAP-01781,Laptop,HP ProBook 440 G10,Dell,Windows 11,Engineering,Bengaluru,Active,2026-02-09,Enabled,Outdated,Missing,Compliant,Non-Compliant,Compliant,Not Installed,Connected,Non-Compliant,Multiple Compliance Failures,Weekly,Critical,Yes
AST-1782,USR-1282,LAP-01782,Laptop,Dell Latitude 5450,Dell,Windows 11,Finance,Delhi,Inactive,2026-02-21,Enabled,Outdated,Missing,Compliant,Compliant,Non-Compliant,N/A,Disconnected,Non-Compliant,Multiple Compliance Failures,Weekly,Warning,No
AST-1783,USR-1283,LAP-01783,Laptop,HP ProBook 440 G10,HP,Windows 11,Support,Bengaluru,Active,2026-07-03,Disabled,Up-to-Date,Compliant,Compliant,Compliant,Compliant,Installed,Connected,Partially Compliant,DES Non-Compliant,Daily,Healthy,Yes
AST-1784,USR-1284,LAP-01784,Laptop,Dell Latitude 5440,Lenovo,Windows 11,Operations,Bengaluru,Active,2026-03-01,Disabled,Outdated,Non-Compliant,Compliant,Not Installed,Non-Compliant,Installed,Connected,Non-Compliant,Multiple Compliance Failures,Weekly,Healthy,No
AST-1785,USR-1285,DEV-01785,Desktop,Lenovo ThinkPad E14 Gen 5,Dell,Windows 11,Engineering,Chennai,Active,2026-04-20,Enabled,Outdated,Non-Compliant,Compliant,Missing,Compliant,N/A,Disconnected,Non-Compliant,Multiple Compliance Failures,Daily,Healthy,Yes
AST-1786,USR-1286,LAP-01786,Laptop,Dell Latitude 5450,Lenovo,Windows 10,Operations,Mumbai,Active,2026-02-07,Disabled,Up-to-Date,Compliant,Compliant,Missing,Compliant,Installed,Intermittent,Non-Compliant,Multiple Compliance Failures,Weekly,Healthy,No
AST-1787,USR-1287,LAP-01787,Laptop,Lenovo ThinkPad T14 Gen 4,HP,Windows 10,Support,Mumbai,Active,2026-03-07,Enabled,Up-to-Date,Compliant,Non-Compliant,Compliant,Compliant,Not Installed,Intermittent,Partially Compliant,Antivirus Outdated,On-Demand,Healthy,Yes
AST-1788,USR-1288,LAP-01788,Laptop,HP EliteBook 840 G10,HP,Windows 11,Engineering,Pune,Active,2026-05-23,Enabled,Up-to-Date,Compliant,Compliant,Missing,Compliant,Not Installed,Disconnected,Partially Compliant,DES Non-Compliant,On-Demand,Critical,No
AST-1789,USR-1289,LAP-01789,Laptop,Dell Latitude 5440,HP,Windows 10,Engineering,Pune,Decommissioned,2026-01-29,Enabled,Outdated,Missing,Non-Compliant,Compliant,Non-Compliant,Installed,Intermittent,Non-Compliant,Asset Not Active,On-Demand,Critical,Yes
AST-1790,USR-1290,LAP-01790,Laptop,Dell Precision 3580,Dell,Windows 11,Marketing,Kolkata,Active,2026-06-06,Enabled,Outdated,Compliant,Disabled,Missing,Non-Compliant,Installed,Intermittent,Non-Compliant,Multiple Compliance Failures,Weekly,Warning,No
AST-1791,USR-1291,LAP-01791,Laptop,Dell Precision 3580,Dell,Windows 10,Engineering,Kolkata,Active,2026-06-14,Disabled,Outdated,Non-Compliant,Non-Compliant,Compliant,Non-Compliant,Not Installed,Connected,Non-Compliant,Multiple Compliance Failures,Daily,Critical,No
AST-1792,USR-1292,DEV-01792,Desktop,HP EliteBook 840 G10,Lenovo,Windows 11,Finance,Hyderabad,Active,2026-08-24,Disabled,Up-to-Date,Non-Compliant,Compliant,Compliant,Compliant,N/A,Intermittent,Non-Compliant,Multiple Compliance Failures,Daily,Warning,Yes
AST-1793,USR-1293,DEV-01793,Workstation,HP ProBook 440 G10,Lenovo,Windows 10,Operations,Hyderabad,Exited,2026-02-08,Enabled,Up-to-Date,Not Installed,Missing,Compliant,Outdated,N/A,Connected,Non-Compliant,Asset Not Active,Weekly,Critical,No
AST-1794,USR-1294,LAP-01794,Laptop,Dell Latitude 5450,HP,Windows 11,HR,Mumbai,Active,2026-10-02,Enabled,Up-to-Date,Compliant,Non-Compliant,Compliant,Pending,Installed,Connected,Non-Compliant,Multiple Compliance Failures,Daily,Critical,Yes
AST-1795,USR-1295,LAP-01795,Laptop,Dell Latitude 5440,Dell,Windows 11,Support,Pune,Active,2026-05-02,Enabled,Up-to-Date,Compliant,Non-Compliant,Non-Compliant,Compliant,Installed,Connected,Non-Compliant,Multiple Compliance Failures,Daily,Warning,Yes
AST-1796,USR-1296,LAP-01796,Laptop,Lenovo ThinkPad T14 Gen 4,HP,Windows 11,Finance,Gurugram,Active,2026-05-04,Disabled,Outdated,Not Installed,Non-Compliant,Compliant,Compliant,Installed,Connected,Non-Compliant,Multiple Compliance Failures,Weekly,Healthy,Yes
AST-1797,USR-1297,LAP-01797,Laptop,Dell Precision 3580,Lenovo,Windows 11,Legal,Delhi,Active,2026-07-16,Disabled,Up-to-Date,Compliant,Compliant,Compliant,Non-Compliant,Installed,Intermittent,Non-Compliant,Multiple Compliance Failures,Weekly,Healthy,No
AST-1798,USR-1298,LAP-01798,Laptop,Dell Precision 3580,Dell,Windows 10,Legal,Bengaluru,Active,2026-07-13,Enabled,Outdated,Compliant,Compliant,Compliant,Compliant,Installed,Connected,Partially Compliant,Windows Patch Pending,Weekly,Warning,No
AST-1799,USR-1299,DEV-01799,Desktop,Lenovo ThinkPad T14 Gen 4,HP,Windows 10,Marketing,Pune,Active,2026-01-12,Enabled,Missing,Not Installed,Non-Compliant,Compliant,Non-Compliant,N/A,Disconnected,Non-Compliant,Multiple Compliance Failures,Daily,Warning,No
AST-1800,USR-1300,LAP-01800,Laptop,Lenovo ThinkPad T14 Gen 4,Lenovo,Windows 10,Operations,Delhi,Inactive,2026-09-22,Enabled,Up-to-Date,Compliant,Missing,Compliant,Compliant,N/A,Disconnected,Partially Compliant,Windows Patch Pending,Weekly,Healthy,Yes
AST-1801,USR-1301,LAP-01801,Laptop,Dell Latitude 5450,Dell,Windows 10,Legal,Hyderabad,Active,2026-05-23,Disabled,Up-to-Date,Compliant,Missing,Compliant,Compliant,N/A,Connected,Non-Compliant,Multiple Compliance Failures,On-Demand,Healthy,Yes
AST-1802,USR-1302,LAP-01802,Laptop,Dell Precision 3580,Dell,Windows 10,Operations,Noida,Decommissioned,2025-11-30,Disabled,Missing,Missing,Non-Compliant,Compliant,Compliant,Installed,Connected,Non-Compliant,Asset Not Active,Daily,Warning,Yes
AST-1803,USR-1303,LAP-01803,Laptop,Lenovo ThinkPad T14 Gen 4,Dell,Windows 10,Support,Delhi,Active,2026-09-20,Enabled,Up-to-Date,Compliant,Compliant,Non-Compliant,Compliant,Installed,Disconnected,Partially Compliant,DES Non-Compliant,Daily,Healthy,Yes
AST-1804,USR-1304,LAP-01804,Laptop,Lenovo ThinkPad T14 Gen 4,Lenovo,Windows 10,IT,Noida,Active,2026-03-24,Disabled,Up-to-Date,Non-Compliant,Compliant,Compliant,Non-Compliant,Not Installed,Disconnected,Non-Compliant,Multiple Compliance Failures,Daily,Healthy,No
AST-1805,USR-1305,LAP-01805,Laptop,Lenovo ThinkPad T14 Gen 4,HP,Windows 10,Legal,Gurugram,Active,2026-07-27,Enabled,Outdated,Compliant,Compliant,Not Installed,Outdated,Installed,Intermittent,Non-Compliant,Multiple Compliance Failures,Weekly,Healthy,Yes
AST-1806,USR-1306,LAP-01806,Laptop,Dell Precision 3580,HP,Windows 11,Finance,Chennai,Active,2026-04-21,Enabled,Outdated,Compliant,Compliant,Compliant,Compliant,Installed,Intermittent,Partially Compliant,Antivirus Outdated,On-Demand,Healthy,No
AST-1807,USR-1307,DEV-01807,Desktop,Dell Latitude 5450,Dell,Windows 11,HR,Hyderabad,Active,2026-01-27,Disabled,Up-to-Date,Compliant,Non-Compliant,Compliant,Compliant,N/A,Disconnected,Non-Compliant,Multiple Compliance Failures,Daily,Warning,No
AST-1808,USR-1308,DEV-01808,Desktop,Lenovo ThinkPad T14 Gen 4,HP,Windows 10,Finance,Delhi,Decommissioned,2025-11-19,Enabled,Up-to-Date,Missing,Compliant,Compliant,Outdated,Installed,Connected,Non-Compliant,Asset Not Active,Daily,Critical,No
AST-1809,USR-1309,LAP-01809,Laptop,Dell Precision 3580,HP,Windows 11,Engineering,Mumbai,Active,2026-03-05,Enabled,Up-to-Date,Compliant,Non-Compliant,Compliant,Compliant,Installed,Intermittent,Partially Compliant,Windows Patch Pending,Daily,Critical,Yes
AST-1810,USR-1310,DEV-01810,Desktop,Dell Latitude 5450,HP,Windows 11,IT,Delhi,Exited,2025-12-10,Enabled,Outdated,Non-Compliant,Non-Compliant,Compliant,Non-Compliant,N/A,Disconnected,Non-Compliant,Asset Not Active,Daily,Healthy,Yes
AST-1811,USR-1311,DEV-01811,Desktop,Lenovo ThinkPad E14 Gen 5,HP,Windows 11,Engineering,Noida,Active,2026-01-20,Disabled,Up-to-Date,Non-Compliant,Missing,Compliant,Outdated,N/A,Connected,Non-Compliant,Multiple Compliance Failures,Weekly,Healthy,No
AST-1812,USR-1312,DEV-01812,Desktop,Lenovo ThinkPad E14 Gen 5,Lenovo,Windows 10,Marketing,Kolkata,Active,2026-06-19,Enabled,Outdated,Compliant,Compliant,Not Installed,Non-Compliant,N/A,Connected,Non-Compliant,Multiple Compliance Failures,On-Demand,Critical,No
AST-1813,USR-1313,LAP-01813,Laptop,Dell Latitude 5440,HP,Windows 10,Finance,Kolkata,Decommissioned,2025-12-16,Disabled,Up-to-Date,Compliant,Missing,Compliant,Outdated,N/A,Connected,Non-Compliant,Asset Not Active,Daily,Healthy,No
AST-1814,USR-1314,LAP-01814,Laptop,HP ProBook 440 G10,Dell,Windows 10,Legal,Mumbai,Decommissioned,2025-12-20,Enabled,Up-to-Date,Compliant,Compliant,Compliant,Compliant,Not Installed,Connected,Non-Compliant,Asset Not Active,Weekly,Warning,Yes
AST-1815,USR-1315,LAP-01815,Laptop,Dell Precision 3580,Lenovo,Windows 11,Finance,Pune,Active,2026-05-05,Enabled,Disabled,Not Installed,Compliant,Compliant,Compliant,Installed,Connected,Non-Compliant,Multiple Compliance Failures,On-Demand,Warning,No
AST-1816,USR-1316,LAP-01816,Laptop,HP ProBook 440 G10,Dell,Windows 11,Finance,Delhi,Decommissioned,2025-10-14,Disabled,Up-to-Date,Compliant,Disabled,Not Installed,Pending,Not Installed,Connected,Non-Compliant,Asset Not Active,Weekly,Warning,No
AST-1817,USR-1317,LAP-01817,Laptop,Dell Latitude 5440,HP,Windows 11,Sales,Hyderabad,Active,2026-07-20,Enabled,Up-to-Date,Not Installed,Compliant,Compliant,Compliant,N/A,Intermittent,Partially Compliant,Antivirus Outdated,On-Demand,Healthy,No
AST-1818,USR-1318,DEV-01818,Desktop,HP ProBook 440 G10,Lenovo,Windows 11,Engineering,Pune,Active,2026-03-25,Enabled,Outdated,Compliant,Compliant,Compliant,Compliant,N/A,Intermittent,Partially Compliant,DES Non-Compliant,Weekly,Warning,No
AST-1819,USR-1319,DEV-01819,Desktop,Dell Latitude 5440,Dell,Windows 10,Engineering,Gurugram,Active,2026-03-02,Disabled,Outdated,Compliant,Compliant,Non-Compliant,Compliant,N/A,Connected,Non-Compliant,Multiple Compliance Failures,On-Demand,Healthy,No
AST-1820,USR-1320,LAP-01820,Laptop,Lenovo ThinkPad E14 Gen 5,HP,Windows 10,IT,Pune,Inactive,2026-04-18,Disabled,Up-to-Date,Compliant,Non-Compliant,Not Installed,Non-Compliant,Installed,Connected,Non-Compliant,Multiple Compliance Failures,Weekly,Healthy,No
AST-1821,USR-1321,DEV-01821,Desktop,Lenovo ThinkPad E14 Gen 5,HP,Windows 11,Legal,Pune,Active,2026-03-10,Enabled,Up-to-Date,Compliant,Non-Compliant,Compliant,Non-Compliant,N/A,Intermittent,Non-Compliant,Multiple Compliance Failures,On-Demand,Healthy,Yes
AST-1822,USR-1322,LAP-01822,Laptop,Dell Latitude 5450,Lenovo,Windows 11,Legal,Delhi,Decommissioned,2025-11-21,Enabled,Missing,Compliant,Compliant,Compliant,Compliant,Installed,Connected,Non-Compliant,Asset Not Active,On-Demand,Warning,No
AST-1823,USR-1323,LAP-01823,Laptop,HP ProBook 440 G10,Lenovo,Windows 11,Support,Bengaluru,Decommissioned,2025-12-10,Enabled,Missing,Compliant,Compliant,Compliant,Non-Compliant,Not Installed,Disconnected,Non-Compliant,Asset Not Active,On-Demand,Healthy,No
AST-1824,USR-1324,LAP-01824,Laptop,Lenovo ThinkPad T14 Gen 4,Lenovo,Windows 11,Operations,Pune,Exited,2026-01-27,Unknown,Outdated,Compliant,Compliant,Non-Compliant,Outdated,Installed,Intermittent,Non-Compliant,Asset Not Active,Daily,Warning,No
AST-1825,USR-1325,LAP-01825,Laptop,Dell Latitude 5440,HP,Windows 10,Legal,Delhi,Active,2026-05-03,Enabled,Disabled,Compliant,Compliant,Compliant,Compliant,N/A,Connected,Partially Compliant,DES Non-Compliant,Weekly,Critical,No
AST-1826,USR-1326,LAP-01826,Laptop,Dell Precision 3580,Dell,Windows 10,Operations,Mumbai,Active,2026-05-28,Disabled,Outdated,Non-Compliant,Non-Compliant,Compliant,Non-Compliant,Installed,Intermittent,Non-Compliant,Multiple Compliance Failures,On-Demand,Warning,Yes
AST-1827,USR-1327,LAP-01827,Laptop,HP EliteBook 840 G10,Lenovo,Windows 11,Legal,Gurugram,Active,2026-05-30,Enabled,Outdated,Not Installed,Compliant,Compliant,Non-Compliant,Installed,Disconnected,Non-Compliant,Multiple Compliance Failures,Daily,Critical,Yes
AST-1828,USR-1328,LAP-01828,Laptop,Dell Precision 3580,Dell,Windows 10,Sales,Gurugram,Active,2026-05-03,Unknown,Outdated,Non-Compliant,Compliant,Compliant,Compliant,N/A,Connected,Non-Compliant,Multiple Compliance Failures,Weekly,Warning,Yes
AST-1829,USR-1329,LAP-01829,Laptop,HP EliteBook 840 G10,Lenovo,Windows 10,IT,Noida,Active,2026-04-07,Enabled,Outdated,Non-Compliant,Non-Compliant,Compliant,Compliant,Installed,Connected,Non-Compliant,Multiple Compliance Failures,Daily,Healthy,No
AST-1830,USR-1330,LAP-01830,Laptop,Dell Latitude 5450,HP,Windows 10,Finance,Bengaluru,Active,2026-09-20,Enabled,Disabled,Non-Compliant,Compliant,Missing,Pending,Installed,Intermittent,Non-Compliant,Multiple Compliance Failures,On-Demand,Warning,Yes
AST-1831,USR-1331,DEV-01831,Desktop,HP EliteBook 840 G10,Lenovo,Windows 10,IT,Pune,Exited,2025-10-01,Disabled,Outdated,Non-Compliant,Compliant,Compliant,Compliant,Installed,Intermittent,Non-Compliant,Asset Not Active,Weekly,Warning,Yes
AST-1832,USR-1332,LAP-01832,Laptop,Dell Precision 3580,Lenovo,Windows 10,IT,Pune,Exited,2025-10-31,Disabled,Outdated,Non-Compliant,Compliant,Compliant,Compliant,N/A,Connected,Non-Compliant,Asset Not Active,Weekly,Critical,No
AST-1833,USR-1333,LAP-01833,Laptop,HP EliteBook 840 G10,Lenovo,Windows 10,HR,Chennai,Active,2026-02-08,Enabled,Disabled,Compliant,Compliant,Compliant,Compliant,Installed,Disconnected,Partially Compliant,DES Non-Compliant,On-Demand,Warning,No
AST-1834,USR-1334,LAP-01834,Laptop,HP EliteBook 840 G10,HP,Windows 10,HR,Gurugram,Active,2026-05-16,Disabled,Missing,Not Installed,Non-Compliant,Missing,Compliant,Installed,Intermittent,Non-Compliant,Multiple Compliance Failures,Daily,Critical,Yes
AST-1835,USR-1335,DEV-01835,Desktop,Lenovo ThinkPad E14 Gen 5,Lenovo,Windows 11,Sales,Noida,Active,2026-06-02,Disabled,Outdated,Missing,Non-Compliant,Compliant,Non-Compliant,N/A,Disconnected,Non-Compliant,Multiple Compliance Failures,Daily,Warning,No
AST-1836,USR-1336,LAP-01836,Laptop,Dell Latitude 5440,Lenovo,Windows 11,Sales,Gurugram,Active,2026-07-27,Enabled,Up-to-Date,Not Installed,Compliant,Missing,Compliant,Not Installed,Intermittent,Non-Compliant,Multiple Compliance Failures,On-Demand,Healthy,Yes
AST-1837,USR-1337,DEV-01837,Desktop,HP ProBook 440 G10,Dell,Windows 11,IT,Kolkata,Active,2026-09-18,Disabled,Up-to-Date,Non-Compliant,Compliant,Non-Compliant,Compliant,Not Installed,Disconnected,Non-Compliant,Multiple Compliance Failures,On-Demand,Critical,Yes
AST-1838,USR-1338,LAP-01838,Laptop,Dell Latitude 5450,HP,Windows 11,HR,Mumbai,Active,2026-05-28,Disabled,Up-to-Date,Missing,Compliant,Compliant,Outdated,Installed,Disconnected,Non-Compliant,Multiple Compliance Failures,On-Demand,Critical,No
AST-1839,USR-1339,LAP-01839,Laptop,Dell Latitude 5450,Dell,Windows 11,IT,Noida,Active,2026-01-21,Disabled,Outdated,Non-Compliant,Non-Compliant,Non-Compliant,Outdated,Installed,Intermittent,Non-Compliant,Multiple Compliance Failures,Weekly,Healthy,Yes
AST-1840,USR-1340,LAP-01840,Laptop,HP EliteBook 840 G10,HP,Windows 11,Legal,Mumbai,Active,2026-03-05,Enabled,Up-to-Date,Non-Compliant,Compliant,Compliant,Compliant,Installed,Intermittent,Partially Compliant,Windows Patch Pending,On-Demand,Critical,No
AST-1841,USR-1341,LAP-01841,Laptop,HP EliteBook 840 G10,Dell,Windows 11,IT,Mumbai,Active,2026-08-12,Enabled,Up-to-Date,Missing,Disabled,Non-Compliant,Compliant,N/A,Disconnected,Non-Compliant,Multiple Compliance Failures,Daily,Healthy,Yes
AST-1842,USR-1342,LAP-01842,Laptop,HP EliteBook 840 G10,HP,Windows 11,Operations,Chennai,Inactive,2026-08-21,Enabled,Up-to-Date,Compliant,Compliant,Non-Compliant,Compliant,Not Installed,Connected,Partially Compliant,Antivirus Outdated,On-Demand,Warning,No
AST-1843,USR-1343,LAP-01843,Laptop,Lenovo ThinkPad E14 Gen 5,HP,Windows 11,Marketing,Kolkata,Exited,2025-10-29,Enabled,Up-to-Date,Non-Compliant,Non-Compliant,Compliant,Outdated,Installed,Disconnected,Non-Compliant,Asset Not Active,On-Demand,Healthy,No
AST-1844,USR-1344,LAP-01844,Laptop,HP ProBook 440 G10,Lenovo,Windows 11,Support,Delhi,Decommissioned,2025-11-16,Enabled,Up-to-Date,Not Installed,Compliant,Missing,Compliant,Installed,Connected,Non-Compliant,Asset Not Active,Daily,Warning,No
AST-1845,USR-1345,LAP-01845,Laptop,HP ProBook 440 G10,Dell,Windows 11,Engineering,Bengaluru,Active,2026-07-02,Enabled,Up-to-Date,Non-Compliant,Compliant,Non-Compliant,Non-Compliant,Not Installed,Connected,Non-Compliant,Multiple Compliance Failures,Weekly,Healthy,No
AST-1846,USR-1346,LAP-01846,Laptop,HP ProBook 440 G10,Dell,Windows 10,Legal,Kolkata,Active,2026-01-23,Enabled,Up-to-Date,Non-Compliant,Non-Compliant,Compliant,Pending,Installed,Intermittent,Non-Compliant,Multiple Compliance Failures,Daily,Healthy,No
AST-1847,USR-1347,LAP-01847,Laptop,HP EliteBook 840 G10,Dell,Windows 11,Operations,Noida,Inactive,2026-04-18,Enabled,Up-to-Date,Compliant,Non-Compliant,Compliant,Compliant,Installed,Connected,Partially Compliant,DES Non-Compliant,Weekly,Critical,Yes
AST-1848,USR-1348,LAP-01848,Laptop,Dell Latitude 5440,Dell,Windows 10,Support,Bengaluru,Active,2026-06-19,Disabled,Outdated,Compliant,Disabled,Non-Compliant,Compliant,Installed,Intermittent,Non-Compliant,Multiple Compliance Failures,Weekly,Healthy,No
AST-1849,USR-1349,LAP-01849,Laptop,Lenovo ThinkPad E14 Gen 5,Dell,Windows 10,IT,Gurugram,Active,2026-03-22,Disabled,Up-to-Date,Non-Compliant,Missing,Non-Compliant,Non-Compliant,Installed,Connected,Non-Compliant,Multiple Compliance Failures,Daily,Healthy,Yes
AST-1850,USR-1350,LAP-01850,Laptop,Lenovo ThinkPad E14 Gen 5,Dell,Windows 11,HR,Gurugram,Active,2026-08-10,Disabled,Up-to-Date,Non-Compliant,Non-Compliant,Compliant,Non-Compliant,Not Installed,Disconnected,Non-Compliant,Multiple Compliance Failures,Weekly,Healthy,Yes
AST-1851,USR-1351,LAP-01851,Laptop,Lenovo ThinkPad E14 Gen 5,HP,Windows 11,Support,Kolkata,Active,2026-03-27,Disabled,Up-to-Date,Non-Compliant,Compliant,Compliant,Compliant,Installed,Intermittent,Non-Compliant,Multiple Compliance Failures,On-Demand,Critical,No
AST-1852,USR-1352,DEV-01852,Workstation,Dell Precision 3580,Lenovo,Windows 11,IT,Bengaluru,Decommissioned,2025-11-24,Enabled,Outdated,Not Installed,Compliant,Non-Compliant,Pending,N/A,Disconnected,Non-Compliant,Asset Not Active,Weekly,Warning,No
AST-1853,USR-1353,LAP-01853,Laptop,Dell Latitude 5450,Lenovo,Windows 10,Support,Bengaluru,Exited,2025-10-14,Disabled,Disabled,Compliant,Non-Compliant,Not Installed,Compliant,Installed,Connected,Non-Compliant,Asset Not Active,Daily,Healthy,Yes
AST-1854,USR-1354,LAP-01854,Laptop,Dell Precision 3580,Dell,Windows 11,Operations,Noida,Active,2026-04-16,Enabled,Up-to-Date,Compliant,Compliant,Compliant,Compliant,N/A,Intermittent,Compliant,No Issue,Daily,Critical,No
AST-1855,USR-1355,LAP-01855,Laptop,Lenovo ThinkPad E14 Gen 5,Lenovo,Windows 10,IT,Delhi,Active,2026-01-14,Disabled,Up-to-Date,Compliant,Compliant,Missing,Compliant,Not Installed,Connected,Non-Compliant,Multiple Compliance Failures,Weekly,Healthy,Yes
AST-1856,USR-1356,DEV-01856,Workstation,HP EliteBook 840 G10,HP,Windows 11,Legal,Noida,Active,2026-03-18,Enabled,Outdated,Compliant,Compliant,Non-Compliant,Non-Compliant,N/A,Intermittent,Non-Compliant,Multiple Compliance Failures,On-Demand,Warning,No
AST-1857,USR-1357,DEV-01857,Desktop,Lenovo ThinkPad T14 Gen 4,Lenovo,Windows 11,IT,Pune,Active,2026-05-28,Disabled,Outdated,Compliant,Compliant,Missing,Compliant,N/A,Disconnected,Non-Compliant,Multiple Compliance Failures,Weekly,Healthy,No
AST-1858,USR-1358,LAP-01858,Laptop,HP ProBook 440 G10,HP,Windows 11,HR,Bengaluru,Active,2026-03-18,Disabled,Missing,Compliant,Non-Compliant,Compliant,Non-Compliant,Installed,Disconnected,Non-Compliant,Multiple Compliance Failures,Daily,Warning,Yes
AST-1859,USR-1359,LAP-01859,Laptop,HP ProBook 440 G10,Dell,Windows 11,Support,Chennai,Exited,2025-11-23,Enabled,Up-to-Date,Non-Compliant,Non-Compliant,Compliant,Compliant,Installed,Intermittent,Non-Compliant,Asset Not Active,Weekly,Healthy,Yes
AST-1860,USR-1360,DEV-01860,Desktop,Dell Latitude 5450,Lenovo,Windows 11,Support,Chennai,Active,2026-05-13,Disabled,Missing,Compliant,Compliant,Missing,Outdated,Installed,Disconnected,Non-Compliant,Multiple Compliance Failures,Daily,Critical,Yes
AST-1861,USR-1361,LAP-01861,Laptop,Lenovo ThinkPad T14 Gen 4,Lenovo,Windows 10,Sales,Mumbai,Active,2026-03-29,Enabled,Up-to-Date,Compliant,Compliant,Non-Compliant,Non-Compliant,Installed,Disconnected,Non-Compliant,Multiple Compliance Failures,Daily,Healthy,Yes
AST-1862,USR-1362,LAP-01862,Laptop,Lenovo ThinkPad E14 Gen 5,HP,Windows 10,Legal,Gurugram,Decommissioned,2026-01-08,Disabled,Missing,Compliant,Compliant,Not Installed,Compliant,Installed,Disconnected,Non-Compliant,Asset Not Active,Weekly,Warning,Yes
AST-1863,USR-1363,LAP-01863,Laptop,HP EliteBook 840 G10,HP,Windows 10,Legal,Hyderabad,Active,2026-08-29,Enabled,Outdated,Compliant,Compliant,Missing,Non-Compliant,Not Installed,Disconnected,Non-Compliant,Multiple Compliance Failures,On-Demand,Critical,Yes
AST-1864,USR-1364,LAP-01864,Laptop,Lenovo ThinkPad E14 Gen 5,Lenovo,Windows 10,Marketing,Delhi,Inactive,2026-02-01,Disabled,Outdated,Compliant,Missing,Compliant,Outdated,Installed,Disconnected,Non-Compliant,Multiple Compliance Failures,On-Demand,Critical,Yes
AST-1865,USR-1365,LAP-01865,Laptop,Dell Latitude 5450,Lenovo,Windows 11,Finance,Noida,Exited,2026-01-10,Enabled,Disabled,Missing,Compliant,Compliant,Non-Compliant,N/A,Connected,Non-Compliant,Asset Not Active,Daily,Critical,No
AST-1866,USR-1366,DEV-01866,Desktop,HP EliteBook 840 G10,Lenovo,Windows 10,Operations,Delhi,Active,2026-07-27,Disabled,Outdated,Compliant,Non-Compliant,Non-Compliant,Compliant,N/A,Disconnected,Non-Compliant,Multiple Compliance Failures,Daily,Critical,Yes
AST-1867,USR-1367,LAP-01867,Laptop,Dell Latitude 5450,Dell,Windows 10,Operations,Delhi,Exited,2025-10-03,Enabled,Outdated,Compliant,Compliant,Compliant,Compliant,Installed,Connected,Non-Compliant,Asset Not Active,On-Demand,Healthy,No
AST-1868,USR-1368,LAP-01868,Laptop,Dell Latitude 5440,Lenovo,Windows 11,Legal,Delhi,Inactive,2026-05-26,Disabled,Disabled,Compliant,Compliant,Compliant,Non-Compliant,Installed,Intermittent,Non-Compliant,Multiple Compliance Failures,On-Demand,Healthy,No
AST-1869,USR-1369,LAP-01869,Laptop,Dell Latitude 5450,Dell,Windows 10,Legal,Kolkata,Active,2026-05-30,Enabled,Up-to-Date,Compliant,Compliant,Compliant,Non-Compliant,Installed,Disconnected,Partially Compliant,Windows Patch Pending,Weekly,Healthy,Yes
AST-1870,USR-1370,LAP-01870,Laptop,Dell Latitude 5440,Dell,Windows 11,Sales,Delhi,Inactive,2026-08-03,Disabled,Disabled,Non-Compliant,Compliant,Compliant,Compliant,Installed,Intermittent,Non-Compliant,Multiple Compliance Failures,On-Demand,Critical,No
AST-1871,USR-1371,DEV-01871,Desktop,Lenovo ThinkPad E14 Gen 5,Lenovo,Windows 11,HR,Noida,Active,2026-01-24,Enabled,Up-to-Date,Compliant,Non-Compliant,Compliant,Outdated,N/A,Intermittent,Non-Compliant,Multiple Compliance Failures,Daily,Warning,Yes
AST-1872,USR-1372,DEV-01872,Desktop,Lenovo ThinkPad E14 Gen 5,HP,Windows 10,Operations,Noida,Exited,2025-10-19,Enabled,Missing,Compliant,Compliant,Non-Compliant,Pending,Installed,Connected,Non-Compliant,Asset Not Active,Daily,Warning,No
AST-1873,USR-1373,LAP-01873,Laptop,Dell Precision 3580,Lenovo,Windows 10,Sales,Hyderabad,Active,2026-04-18,Enabled,Outdated,Compliant,Disabled,Compliant,Non-Compliant,N/A,Intermittent,Non-Compliant,Multiple Compliance Failures,Daily,Healthy,Yes
AST-1874,USR-1374,DEV-01874,Desktop,Dell Latitude 5450,Dell,Windows 11,Operations,Pune,Active,2026-07-28,Unknown,Outdated,Compliant,Compliant,Missing,Outdated,Installed,Intermittent,Non-Compliant,Multiple Compliance Failures,On-Demand,Healthy,Yes
AST-1875,USR-1375,LAP-01875,Laptop,Lenovo ThinkPad E14 Gen 5,Dell,Windows 11,Engineering,Hyderabad,Active,2026-04-04,Enabled,Missing,Compliant,Missing,Non-Compliant,Compliant,Installed,Intermittent,Non-Compliant,Multiple Compliance Failures,Daily,Warning,No
AST-1876,USR-1376,LAP-01876,Laptop,Lenovo ThinkPad T14 Gen 4,Dell,Windows 11,Sales,Gurugram,Inactive,2026-08-22,Disabled,Up-to-Date,Non-Compliant,Non-Compliant,Non-Compliant,Non-Compliant,Not Installed,Intermittent,Non-Compliant,Multiple Compliance Failures,Weekly,Critical,No
AST-1877,USR-1377,LAP-01877,Laptop,Dell Latitude 5440,Dell,Windows 11,Finance,Bengaluru,Active,2026-03-31,Disabled,Up-to-Date,Non-Compliant,Disabled,Compliant,Pending,N/A,Disconnected,Non-Compliant,Multiple Compliance Failures,Daily,Warning,No
AST-1878,USR-1378,LAP-01878,Laptop,HP ProBook 440 G10,Lenovo,Windows 10,Finance,Bengaluru,Active,2026-01-16,Disabled,Up-to-Date,Non-Compliant,Compliant,Non-Compliant,Compliant,Installed,Disconnected,Non-Compliant,Multiple Compliance Failures,On-Demand,Critical,Yes
AST-1879,USR-1379,LAP-01879,Laptop,HP EliteBook 840 G10,Dell,Windows 11,Legal,Noida,Active,2026-05-26,Disabled,Up-to-Date,Compliant,Missing,Compliant,Pending,Not Installed,Connected,Non-Compliant,Multiple Compliance Failures,On-Demand,Critical,No
AST-1880,USR-1380,DEV-01880,Desktop,HP ProBook 440 G10,HP,Windows 11,HR,Bengaluru,Active,2026-07-13,Enabled,Outdated,Compliant,Non-Compliant,Compliant,Compliant,Installed,Connected,Non-Compliant,Multiple Compliance Failures,On-Demand,Warning,No
AST-1881,USR-1381,DEV-01881,Desktop,Dell Latitude 5450,Lenovo,Windows 10,Operations,Hyderabad,Active,2026-07-24,Disabled,Outdated,Compliant,Compliant,Not Installed,Compliant,Not Installed,Intermittent,Non-Compliant,Multiple Compliance Failures,Weekly,Critical,Yes
AST-1882,USR-1382,LAP-01882,Laptop,Lenovo ThinkPad T14 Gen 4,HP,Windows 10,Operations,Noida,Decommissioned,2025-10-30,Disabled,Up-to-Date,Non-Compliant,Compliant,Non-Compliant,Outdated,Installed,Connected,Non-Compliant,Asset Not Active,On-Demand,Healthy,No
AST-1883,USR-1383,LAP-01883,Laptop,HP ProBook 440 G10,HP,Windows 10,Finance,Kolkata,Decommissioned,2025-10-14,Unknown,Up-to-Date,Compliant,Non-Compliant,Compliant,Non-Compliant,Installed,Connected,Non-Compliant,Asset Not Active,On-Demand,Warning,No
AST-1884,USR-1384,LAP-01884,Laptop,Lenovo ThinkPad E14 Gen 5,Dell,Windows 11,Legal,Mumbai,Active,2026-08-18,Disabled,Up-to-Date,Missing,Compliant,Non-Compliant,Compliant,Installed,Intermittent,Non-Compliant,Multiple Compliance Failures,Daily,Critical,Yes
AST-1885,USR-1385,LAP-01885,Laptop,Dell Latitude 5440,HP,Windows 11,Legal,Kolkata,Active,2026-02-04,Disabled,Outdated,Missing,Missing,Not Installed,Outdated,Installed,Intermittent,Non-Compliant,Multiple Compliance Failures,On-Demand,Warning,Yes
AST-1886,USR-1386,LAP-01886,Laptop,Lenovo ThinkPad T14 Gen 4,HP,Windows 11,HR,Chennai,Exited,2025-10-28,Enabled,Up-to-Date,Not Installed,Compliant,Not Installed,Compliant,N/A,Connected,Non-Compliant,Asset Not Active,Daily,Healthy,Yes
AST-1887,USR-1387,LAP-01887,Laptop,Dell Latitude 5440,HP,Windows 11,Operations,Bengaluru,Active,2026-06-26,Enabled,Up-to-Date,Missing,Missing,Compliant,Compliant,Installed,Disconnected,Non-Compliant,Multiple Compliance Failures,Daily,Critical,No
AST-1888,USR-1388,LAP-01888,Laptop,HP EliteBook 840 G10,HP,Windows 11,IT,Bengaluru,Active,2026-08-09,Enabled,Outdated,Compliant,Disabled,Compliant,Compliant,Not Installed,Disconnected,Non-Compliant,Multiple Compliance Failures,Daily,Critical,No
AST-1889,USR-1389,LAP-01889,Laptop,Dell Precision 3580,HP,Windows 11,Support,Gurugram,Decommissioned,2025-10-24,Disabled,Disabled,Non-Compliant,Compliant,Compliant,Outdated,Installed,Connected,Non-Compliant,Asset Not Active,On-Demand,Healthy,No
AST-1890,USR-1390,LAP-01890,Laptop,Dell Latitude 5450,Lenovo,Windows 10,HR,Kolkata,Active,2026-04-29,Disabled,Outdated,Compliant,Non-Compliant,Non-Compliant,Compliant,Installed,Connected,Non-Compliant,Multiple Compliance Failures,On-Demand,Critical,No
AST-1891,USR-1391,LAP-01891,Laptop,HP ProBook 440 G10,HP,Windows 11,IT,Mumbai,Active,2026-03-02,Enabled,Outdated,Compliant,Non-Compliant,Compliant,Non-Compliant,Installed,Disconnected,Non-Compliant,Multiple Compliance Failures,Daily,Warning,Yes
AST-1892,USR-1392,LAP-01892,Laptop,Dell Precision 3580,Lenovo,Windows 11,Marketing,Delhi,Decommissioned,2026-01-09,Enabled,Up-to-Date,Non-Compliant,Compliant,Compliant,Compliant,Not Installed,Disconnected,Non-Compliant,Asset Not Active,On-Demand,Warning,Yes
AST-1893,USR-1393,LAP-01893,Laptop,Dell Latitude 5440,Lenovo,Windows 11,Support,Kolkata,Active,2026-08-22,Enabled,Outdated,Not Installed,Compliant,Non-Compliant,Compliant,Installed,Intermittent,Non-Compliant,Multiple Compliance Failures,Weekly,Healthy,No
AST-1894,USR-1394,DEV-01894,Desktop,Dell Precision 3580,Lenovo,Windows 11,Support,Mumbai,Active,2026-04-28,Disabled,Disabled,Compliant,Disabled,Missing,Pending,Not Installed,Intermittent,Non-Compliant,Multiple Compliance Failures,On-Demand,Critical,No
AST-1895,USR-1395,LAP-01895,Laptop,Lenovo ThinkPad T14 Gen 4,Lenovo,Windows 11,Support,Chennai,Active,2026-08-20,Disabled,Up-to-Date,Non-Compliant,Compliant,Non-Compliant,Non-Compliant,Installed,Connected,Non-Compliant,Multiple Compliance Failures,On-Demand,Critical,No
AST-1896,USR-1396,LAP-01896,Laptop,HP ProBook 440 G10,HP,Windows 10,HR,Noida,Active,2026-08-20,Disabled,Up-to-Date,Compliant,Compliant,Not Installed,Compliant,N/A,Intermittent,Non-Compliant,Multiple Compliance Failures,On-Demand,Critical,No
AST-1897,USR-1397,LAP-01897,Laptop,Lenovo ThinkPad T14 Gen 4,Lenovo,Windows 11,Operations,Chennai,Active,2026-06-13,Enabled,Outdated,Missing,Compliant,Non-Compliant,Compliant,Not Installed,Intermittent,Non-Compliant,Multiple Compliance Failures,Daily,Critical,No
AST-1898,USR-1398,LAP-01898,Laptop,Lenovo ThinkPad E14 Gen 5,HP,Windows 11,Marketing,Chennai,Active,2026-07-19,Disabled,Outdated,Compliant,Non-Compliant,Missing,Non-Compliant,N/A,Intermittent,Non-Compliant,Multiple Compliance Failures,Daily,Healthy,Yes
AST-1899,USR-1399,LAP-01899,Laptop,Dell Precision 3580,HP,Windows 10,Sales,Gurugram,Active,2026-03-13,Disabled,Missing,Compliant,Compliant,Compliant,Compliant,Installed,Intermittent,Non-Compliant,Multiple Compliance Failures,Daily,Critical,Yes
AST-1900,USR-1400,DEV-01900,Desktop,HP ProBook 440 G10,HP,Windows 10,Finance,Hyderabad,Active,2026-02-22,Disabled,Missing,Compliant,Missing,Compliant,Outdated,N/A,Connected,Non-Compliant,Multiple Compliance Failures,On-Demand,Critical,No
AST-1901,USR-1401,LAP-01901,Laptop,Dell Latitude 5450,Lenovo,Windows 10,Marketing,Kolkata,Active,2026-04-24,Disabled,Up-to-Date,Not Installed,Compliant,Not Installed,Compliant,N/A,Intermittent,Non-Compliant,Multiple Compliance Failures,On-Demand,Warning,Yes
AST-1902,USR-1402,LAP-01902,Laptop,Lenovo ThinkPad T14 Gen 4,Dell,Windows 10,Marketing,Chennai,Active,2026-06-16,Disabled,Up-to-Date,Compliant,Missing,Compliant,Compliant,Installed,Intermittent,Non-Compliant,Multiple Compliance Failures,Weekly,Warning,Yes
AST-1903,USR-1403,LAP-01903,Laptop,Dell Latitude 5450,Dell,Windows 11,Support,Pune,Active,2026-03-26,Disabled,Missing,Missing,Compliant,Missing,Outdated,Installed,Intermittent,Non-Compliant,Multiple Compliance Failures,Daily,Warning,Yes
AST-1904,USR-1404,LAP-01904,Laptop,HP ProBook 440 G10,HP,Windows 11,Support,Noida,Active,2026-04-20,Enabled,Up-to-Date,Compliant,Non-Compliant,Compliant,Compliant,Installed,Connected,Partially Compliant,Windows Patch Pending,Weekly,Warning,No
AST-1905,USR-1405,LAP-01905,Laptop,HP ProBook 440 G10,Dell,Windows 10,Legal,Kolkata,Active,2026-07-01,Disabled,Outdated,Non-Compliant,Compliant,Not Installed,Pending,Installed,Connected,Non-Compliant,Multiple Compliance Failures,On-Demand,Critical,No
AST-1906,USR-1406,DEV-01906,Desktop,Lenovo ThinkPad T14 Gen 4,HP,Windows 11,Legal,Mumbai,Active,2026-03-12,Disabled,Up-to-Date,Compliant,Compliant,Compliant,Non-Compliant,Installed,Connected,Non-Compliant,Multiple Compliance Failures,Weekly,Critical,No
AST-1907,USR-1407,LAP-01907,Laptop,HP EliteBook 840 G10,HP,Windows 11,Marketing,Hyderabad,Decommissioned,2026-02-28,Enabled,Up-to-Date,Compliant,Compliant,Compliant,Non-Compliant,Not Installed,Connected,Non-Compliant,Asset Not Active,On-Demand,Healthy,No
AST-1908,USR-1408,DEV-01908,Workstation,Dell Latitude 5450,Lenovo,Windows 10,Operations,Noida,Exited,2026-01-04,Disabled,Up-to-Date,Compliant,Compliant,Missing,Pending,N/A,Connected,Non-Compliant,Asset Not Active,Daily,Critical,Yes
AST-1909,USR-1409,LAP-01909,Laptop,HP EliteBook 840 G10,HP,Windows 10,Support,Kolkata,Decommissioned,2025-12-12,Enabled,Up-to-Date,Compliant,Compliant,Non-Compliant,Non-Compliant,Installed,Intermittent,Non-Compliant,Asset Not Active,Weekly,Warning,No
AST-1910,USR-1410,LAP-01910,Laptop,HP EliteBook 840 G10,Dell,Windows 10,Support,Gurugram,Active,2026-01-04,Disabled,Up-to-Date,Missing,Non-Compliant,Non-Compliant,Compliant,Installed,Disconnected,Non-Compliant,Multiple Compliance Failures,Weekly,Healthy,Yes
AST-1911,USR-1411,LAP-01911,Laptop,HP EliteBook 840 G10,Lenovo,Windows 10,HR,Delhi,Active,2026-01-04,Disabled,Missing,Non-Compliant,Compliant,Compliant,Compliant,Installed,Disconnected,Non-Compliant,Multiple Compliance Failures,On-Demand,Healthy,Yes
AST-1912,USR-1412,LAP-01912,Laptop,Dell Precision 3580,Dell,Windows 11,Finance,Pune,Active,2026-08-22,Enabled,Outdated,Compliant,Compliant,Non-Compliant,Compliant,Not Installed,Disconnected,Non-Compliant,Multiple Compliance Failures,Weekly,Warning,No
AST-1913,USR-1413,LAP-01913,Laptop,Lenovo ThinkPad E14 Gen 5,HP,Windows 11,Support,Bengaluru,Inactive,2026-08-21,Enabled,Up-to-Date,Missing,Missing,Compliant,Non-Compliant,Installed,Intermittent,Non-Compliant,Multiple Compliance Failures,Daily,Warning,Yes
AST-1914,USR-1414,LAP-01914,Laptop,HP EliteBook 840 G10,Dell,Windows 11,Finance,Gurugram,Active,2026-04-06,Enabled,Outdated,Compliant,Non-Compliant,Compliant,Pending,Not Installed,Connected,Non-Compliant,Multiple Compliance Failures,On-Demand,Critical,Yes
AST-1915,USR-1415,DEV-01915,Workstation,HP EliteBook 840 G10,Dell,Windows 10,Marketing,Bengaluru,Inactive,2026-05-02,Disabled,Outdated,Non-Compliant,Non-Compliant,Non-Compliant,Compliant,N/A,Intermittent,Non-Compliant,Multiple Compliance Failures,On-Demand,Healthy,No
AST-1916,USR-1416,LAP-01916,Laptop,HP EliteBook 840 G10,Lenovo,Windows 11,Sales,Hyderabad,Active,2026-01-11,Enabled,Outdated,Non-Compliant,Disabled,Compliant,Pending,Installed,Intermittent,Non-Compliant,Multiple Compliance Failures,Weekly,Critical,Yes
AST-1917,USR-1417,DEV-01917,Desktop,HP ProBook 440 G10,Lenovo,Windows 11,HR,Bengaluru,Active,2026-08-28,Disabled,Up-to-Date,Compliant,Compliant,Compliant,Compliant,N/A,Disconnected,Partially Compliant,Windows Patch Pending,On-Demand,Warning,Yes
AST-1918,USR-1418,DEV-01918,Desktop,Dell Latitude 5450,Lenovo,Windows 11,Finance,Delhi,Active,2026-01-28,Enabled,Up-to-Date,Non-Compliant,Non-Compliant,Compliant,Pending,N/A,Connected,Non-Compliant,Multiple Compliance Failures,Weekly,Critical,No
AST-1919,USR-1419,DEV-01919,Desktop,Dell Latitude 5450,HP,Windows 10,Operations,Kolkata,Active,2026-09-21,Enabled,Outdated,Non-Compliant,Compliant,Compliant,Non-Compliant,Installed,Disconnected,Non-Compliant,Multiple Compliance Failures,Daily,Healthy,Yes
AST-1920,USR-1420,LAP-01920,Laptop,Dell Precision 3580,Dell,Windows 10,HR,Delhi,Active,2026-03-25,Enabled,Up-to-Date,Non-Compliant,Non-Compliant,Compliant,Compliant,Installed,Connected,Non-Compliant,Multiple Compliance Failures,On-Demand,Critical,Yes
AST-1921,USR-1421,LAP-01921,Laptop,Lenovo ThinkPad T14 Gen 4,Dell,Windows 10,Legal,Chennai,Inactive,2026-04-11,Enabled,Up-to-Date,Compliant,Compliant,Non-Compliant,Non-Compliant,Installed,Connected,Non-Compliant,Multiple Compliance Failures,Daily,Critical,No
AST-1922,USR-1422,LAP-01922,Laptop,Dell Precision 3580,HP,Windows 10,Finance,Delhi,Active,2026-07-29,Enabled,Up-to-Date,Compliant,Compliant,Compliant,Non-Compliant,Not Installed,Connected,Partially Compliant,DES Non-Compliant,On-Demand,Critical,Yes
AST-1923,USR-1423,LAP-01923,Laptop,Dell Latitude 5450,HP,Windows 11,Operations,Bengaluru,Active,2026-09-28,Disabled,Up-to-Date,Non-Compliant,Compliant,Compliant,Compliant,Not Installed,Connected,Non-Compliant,Multiple Compliance Failures,Weekly,Critical,Yes
AST-1924,USR-1424,LAP-01924,Laptop,Dell Latitude 5440,Dell,Windows 11,HR,Hyderabad,Active,2026-05-25,Disabled,Outdated,Missing,Non-Compliant,Non-Compliant,Compliant,Not Installed,Connected,Non-Compliant,Multiple Compliance Failures,On-Demand,Critical,No
AST-1925,USR-1425,LAP-01925,Laptop,Dell Precision 3580,Lenovo,Windows 11,Marketing,Pune,Active,2026-04-10,Enabled,Outdated,Not Installed,Compliant,Compliant,Compliant,Not Installed,Intermittent,Non-Compliant,Multiple Compliance Failures,Weekly,Healthy,Yes
AST-1926,USR-1426,LAP-01926,Laptop,Dell Latitude 5450,HP,Windows 11,Legal,Pune,Decommissioned,2025-11-06,Disabled,Up-to-Date,Non-Compliant,Compliant,Compliant,Compliant,N/A,Intermittent,Non-Compliant,Asset Not Active,Weekly,Critical,No
AST-1927,USR-1427,LAP-01927,Laptop,Dell Latitude 5440,HP,Windows 10,Marketing,Gurugram,Active,2026-01-28,Disabled,Up-to-Date,Compliant,Non-Compliant,Compliant,Compliant,Installed,Disconnected,Non-Compliant,Multiple Compliance Failures,Daily,Critical,No
AST-1928,USR-1428,LAP-01928,Laptop,Lenovo ThinkPad E14 Gen 5,Lenovo,Windows 11,HR,Pune,Active,2026-05-25,Enabled,Outdated,Compliant,Compliant,Non-Compliant,Compliant,Installed,Disconnected,Non-Compliant,Multiple Compliance Failures,Weekly,Healthy,Yes
AST-1929,USR-1429,LAP-01929,Laptop,HP ProBook 440 G10,HP,Windows 10,Sales,Noida,Active,2026-08-20,Enabled,Up-to-Date,Non-Compliant,Disabled,Compliant,Compliant,N/A,Disconnected,Non-Compliant,Multiple Compliance Failures,Weekly,Critical,No
AST-1930,USR-1430,LAP-01930,Laptop,Dell Precision 3580,Dell,Windows 11,Support,Noida,Active,2026-01-31,Enabled,Outdated,Compliant,Disabled,Compliant,Compliant,Installed,Connected,Non-Compliant,Multiple Compliance Failures,Daily,Healthy,No
AST-1931,USR-1431,LAP-01931,Laptop,Dell Latitude 5440,HP,Windows 11,Finance,Delhi,Active,2026-07-07,Disabled,Up-to-Date,Compliant,Compliant,Compliant,Compliant,Not Installed,Intermittent,Partially Compliant,Windows Patch Pending,Daily,Warning,Yes
AST-1932,USR-1432,LAP-01932,Laptop,HP EliteBook 840 G10,Lenovo,Windows 11,Engineering,Hyderabad,Active,2026-07-04,Enabled,Up-to-Date,Compliant,Compliant,Compliant,Compliant,N/A,Connected,Compliant,No Issue,Weekly,Healthy,Yes
AST-1933,USR-1433,LAP-01933,Laptop,Lenovo ThinkPad T14 Gen 4,Dell,Windows 11,IT,Pune,Active,2026-04-15,Enabled,Outdated,Compliant,Compliant,Compliant,Compliant,Installed,Connected,Partially Compliant,Antivirus Outdated,On-Demand,Healthy,No
AST-1934,USR-1434,DEV-01934,Desktop,Lenovo ThinkPad E14 Gen 5,Dell,Windows 10,Engineering,Delhi,Active,2026-05-04,Disabled,Missing,Missing,Compliant,Compliant,Compliant,N/A,Connected,Non-Compliant,Multiple Compliance Failures,Daily,Warning,No
AST-1935,USR-1435,DEV-01935,Workstation,Lenovo ThinkPad E14 Gen 5,Dell,Windows 11,Sales,Bengaluru,Active,2026-01-20,Disabled,Up-to-Date,Compliant,Compliant,Compliant,Compliant,N/A,Intermittent,Partially Compliant,DES Non-Compliant,On-Demand,Healthy,No
AST-1936,USR-1436,LAP-01936,Laptop,Dell Precision 3580,HP,Windows 11,Support,Chennai,Active,2026-09-12,Disabled,Up-to-Date,Compliant,Compliant,Non-Compliant,Compliant,Installed,Intermittent,Non-Compliant,Multiple Compliance Failures,Daily,Critical,Yes
AST-1937,USR-1437,LAP-01937,Laptop,HP EliteBook 840 G10,HP,Windows 11,IT,Chennai,Active,2026-04-21,Disabled,Up-to-Date,Non-Compliant,Compliant,Compliant,Compliant,Installed,Disconnected,Non-Compliant,Multiple Compliance Failures,On-Demand,Warning,Yes
AST-1938,USR-1438,LAP-01938,Laptop,Dell Latitude 5440,Dell,Windows 11,Sales,Gurugram,Active,2026-08-17,Enabled,Outdated,Not Installed,Non-Compliant,Non-Compliant,Non-Compliant,N/A,Disconnected,Non-Compliant,Multiple Compliance Failures,On-Demand,Healthy,Yes
AST-1939,USR-1439,LAP-01939,Laptop,Dell Precision 3580,Dell,Windows 11,Support,Noida,Active,2026-05-13,Disabled,Missing,Compliant,Compliant,Missing,Non-Compliant,Not Installed,Connected,Non-Compliant,Multiple Compliance Failures,Weekly,Critical,No
AST-1940,USR-1440,LAP-01940,Laptop,HP ProBook 440 G10,Lenovo,Windows 10,Sales,Hyderabad,Decommissioned,2025-10-19,Enabled,Up-to-Date,Missing,Compliant,Non-Compliant,Compliant,Not Installed,Intermittent,Non-Compliant,Asset Not Active,Daily,Healthy,Yes
AST-1941,USR-1441,LAP-01941,Laptop,Dell Precision 3580,Dell,Windows 10,IT,Hyderabad,Active,2026-03-30,Enabled,Disabled,Non-Compliant,Compliant,Compliant,Compliant,Installed,Intermittent,Non-Compliant,Multiple Compliance Failures,Daily,Warning,No
AST-1942,USR-1442,DEV-01942,Desktop,HP ProBook 440 G10,Lenovo,Windows 10,Sales,Gurugram,Active,2026-03-22,Enabled,Up-to-Date,Non-Compliant,Compliant,Compliant,Non-Compliant,N/A,Intermittent,Non-Compliant,Multiple Compliance Failures,On-Demand,Warning,Yes
AST-1943,USR-1443,LAP-01943,Laptop,Dell Precision 3580,HP,Windows 10,HR,Mumbai,Active,2026-03-02,Unknown,Disabled,Compliant,Non-Compliant,Compliant,Non-Compliant,Installed,Connected,Non-Compliant,Multiple Compliance Failures,Weekly,Warning,Yes
AST-1944,USR-1444,LAP-01944,Laptop,Dell Precision 3580,Lenovo,Windows 11,Legal,Gurugram,Active,2026-08-24,Enabled,Outdated,Non-Compliant,Compliant,Compliant,Non-Compliant,Installed,Disconnected,Non-Compliant,Multiple Compliance Failures,On-Demand,Healthy,No
AST-1945,USR-1445,LAP-01945,Laptop,Dell Latitude 5450,Dell,Windows 11,Support,Pune,Active,2026-08-16,Enabled,Up-to-Date,Compliant,Non-Compliant,Compliant,Compliant,Installed,Connected,Partially Compliant,Antivirus Outdated,Weekly,Healthy,Yes
AST-1946,USR-1446,LAP-01946,Laptop,HP ProBook 440 G10,Lenovo,Windows 11,Support,Kolkata,Exited,2025-12-08,Disabled,Up-to-Date,Compliant,Compliant,Compliant,Non-Compliant,Not Installed,Connected,Non-Compliant,Asset Not Active,On-Demand,Healthy,No
AST-1947,USR-1447,LAP-01947,Laptop,Dell Latitude 5450,Dell,Windows 11,HR,Bengaluru,Active,2026-06-03,Unknown,Outdated,Compliant,Compliant,Compliant,Non-Compliant,Installed,Disconnected,Non-Compliant,Multiple Compliance Failures,On-Demand,Critical,Yes
AST-1948,USR-1448,LAP-01948,Laptop,Lenovo ThinkPad T14 Gen 4,Lenovo,Windows 10,HR,Mumbai,Exited,2025-12-22,Enabled,Up-to-Date,Non-Compliant,Disabled,Compliant,Outdated,Installed,Disconnected,Non-Compliant,Asset Not Active,On-Demand,Healthy,Yes
AST-1949,USR-1449,LAP-01949,Laptop,Dell Precision 3580,Dell,Windows 10,Legal,Mumbai,Active,2026-05-21,Enabled,Up-to-Date,Non-Compliant,Compliant,Non-Compliant,Pending,Not Installed,Connected,Non-Compliant,Multiple Compliance Failures,Weekly,Critical,No
AST-1950,USR-1450,LAP-01950,Laptop,Dell Precision 3580,HP,Windows 10,Support,Gurugram,Decommissioned,2026-01-11,Enabled,Outdated,Non-Compliant,Compliant,Compliant,Compliant,Installed,Connected,Non-Compliant,Asset Not Active,Weekly,Healthy,No
AST-1951,USR-1451,DEV-01951,Workstation,Dell Precision 3580,Lenovo,Windows 11,Operations,Mumbai,Active,2026-10-03,Disabled,Missing,Non-Compliant,Disabled,Non-Compliant,Outdated,N/A,Intermittent,Non-Compliant,Multiple Compliance Failures,On-Demand,Critical,No
AST-1952,USR-1452,LAP-01952,Laptop,Dell Latitude 5450,Lenovo,Windows 11,Finance,Delhi,Active,2026-03-05,Disabled,Missing,Compliant,Non-Compliant,Not Installed,Pending,Installed,Intermittent,Non-Compliant,Multiple Compliance Failures,Weekly,Warning,Yes
AST-1953,USR-1453,LAP-01953,Laptop,HP ProBook 440 G10,Dell,Windows 11,Marketing,Bengaluru,Active,2026-07-22,Enabled,Up-to-Date,Compliant,Non-Compliant,Compliant,Pending,Installed,Disconnected,Non-Compliant,Multiple Compliance Failures,On-Demand,Critical,Yes
AST-1954,USR-1454,LAP-01954,Laptop,Lenovo ThinkPad T14 Gen 4,Lenovo,Windows 11,Sales,Gurugram,Active,2026-06-02,Disabled,Up-to-Date,Compliant,Compliant,Non-Compliant,Non-Compliant,Not Installed,Connected,Non-Compliant,Multiple Compliance Failures,Weekly,Warning,No
AST-1955,USR-1455,DEV-01955,Desktop,HP ProBook 440 G10,HP,Windows 11,Marketing,Chennai,Active,2026-06-09,Disabled,Outdated,Compliant,Compliant,Compliant,Compliant,N/A,Disconnected,Non-Compliant,Multiple Compliance Failures,Weekly,Critical,Yes
AST-1956,USR-1456,LAP-01956,Laptop,Dell Precision 3580,HP,Windows 10,Legal,Mumbai,Active,2026-07-09,Enabled,Up-to-Date,Non-Compliant,Non-Compliant,Compliant,Compliant,N/A,Connected,Non-Compliant,Multiple Compliance Failures,On-Demand,Healthy,No
AST-1957,USR-1457,LAP-01957,Laptop,Dell Latitude 5450,Dell,Windows 11,Finance,Hyderabad,Active,2026-04-06,Disabled,Outdated,Compliant,Missing,Compliant,Outdated,Installed,Connected,Non-Compliant,Multiple Compliance Failures,Weekly,Warning,No
AST-1958,USR-1458,LAP-01958,Laptop,Dell Precision 3580,Lenovo,Windows 11,Sales,Kolkata,Active,2026-07-10,Disabled,Outdated,Compliant,Compliant,Compliant,Non-Compliant,Installed,Intermittent,Non-Compliant,Multiple Compliance Failures,On-Demand,Warning,Yes
AST-1959,USR-1459,LAP-01959,Laptop,Lenovo ThinkPad T14 Gen 4,Dell,Windows 10,Marketing,Chennai,Active,2026-02-10,Enabled,Outdated,Not Installed,Compliant,Compliant,Non-Compliant,Installed,Connected,Non-Compliant,Multiple Compliance Failures,Weekly,Warning,Yes
AST-1960,USR-1460,LAP-01960,Laptop,Dell Latitude 5450,HP,Windows 11,Legal,Pune,Exited,2026-01-31,Enabled,Missing,Compliant,Non-Compliant,Missing,Compliant,Installed,Intermittent,Non-Compliant,Asset Not Active,On-Demand,Critical,No
AST-1961,USR-1461,LAP-01961,Laptop,HP EliteBook 840 G10,HP,Windows 11,Marketing,Hyderabad,Decommissioned,2026-02-06,Enabled,Missing,Compliant,Missing,Not Installed,Compliant,Installed,Connected,Non-Compliant,Asset Not Active,Daily,Critical,No
AST-1962,USR-1462,LAP-01962,Laptop,Dell Precision 3580,HP,Windows 10,Support,Chennai,Active,2026-08-18,Enabled,Outdated,Missing,Disabled,Compliant,Compliant,Installed,Intermittent,Non-Compliant,Multiple Compliance Failures,On-Demand,Critical,Yes
AST-1963,USR-1463,LAP-01963,Laptop,Lenovo ThinkPad E14 Gen 5,HP,Windows 10,Finance,Noida,Active,2026-10-03,Enabled,Outdated,Non-Compliant,Non-Compliant,Compliant,Compliant,Installed,Disconnected,Non-Compliant,Multiple Compliance Failures,Weekly,Critical,Yes
AST-1964,USR-1464,DEV-01964,Desktop,Lenovo ThinkPad E14 Gen 5,HP,Windows 11,Support,Kolkata,Active,2026-04-28,Disabled,Up-to-Date,Compliant,Compliant,Compliant,Non-Compliant,N/A,Connected,Non-Compliant,Multiple Compliance Failures,Weekly,Critical,Yes
AST-1965,USR-1465,LAP-01965,Laptop,Lenovo ThinkPad T14 Gen 4,HP,Windows 11,Sales,Kolkata,Active,2026-08-14,Enabled,Disabled,Non-Compliant,Non-Compliant,Compliant,Compliant,N/A,Connected,Non-Compliant,Multiple Compliance Failures,Weekly,Warning,Yes
AST-1966,USR-1466,LAP-01966,Laptop,Lenovo ThinkPad T14 Gen 4,Lenovo,Windows 11,Operations,Chennai,Active,2026-09-01,Enabled,Up-to-Date,Compliant,Compliant,Non-Compliant,Pending,Not Installed,Intermittent,Non-Compliant,Multiple Compliance Failures,On-Demand,Healthy,Yes
AST-1967,USR-1467,DEV-01967,Desktop,Lenovo ThinkPad E14 Gen 5,Lenovo,Windows 10,Legal,Mumbai,Active,2026-05-11,Disabled,Up-to-Date,Non-Compliant,Compliant,Compliant,Outdated,N/A,Intermittent,Non-Compliant,Multiple Compliance Failures,On-Demand,Critical,Yes
AST-1968,USR-1468,LAP-01968,Laptop,Dell Latitude 5450,HP,Windows 10,IT,Noida,Decommissioned,2025-12-04,Enabled,Disabled,Compliant,Non-Compliant,Missing,Compliant,Not Installed,Intermittent,Non-Compliant,Asset Not Active,On-Demand,Critical,No
AST-1969,USR-1469,LAP-01969,Laptop,Lenovo ThinkPad E14 Gen 5,Lenovo,Windows 11,Support,Chennai,Inactive,2026-02-27,Enabled,Outdated,Compliant,Compliant,Compliant,Compliant,Not Installed,Connected,Partially Compliant,Antivirus Outdated,Weekly,Healthy,Yes
AST-1970,USR-1470,LAP-01970,Laptop,Dell Latitude 5440,Dell,Windows 11,HR,Kolkata,Exited,2025-11-14,Enabled,Outdated,Not Installed,Compliant,Compliant,Pending,Installed,Disconnected,Non-Compliant,Asset Not Active,Weekly,Warning,No
AST-1971,USR-1471,LAP-01971,Laptop,Dell Latitude 5450,HP,Windows 10,Marketing,Mumbai,Active,2026-02-12,Disabled,Outdated,Non-Compliant,Non-Compliant,Compliant,Compliant,Installed,Connected,Non-Compliant,Multiple Compliance Failures,Weekly,Healthy,Yes
AST-1972,USR-1472,LAP-01972,Laptop,HP EliteBook 840 G10,HP,Windows 11,Legal,Pune,Decommissioned,2025-11-19,Enabled,Disabled,Non-Compliant,Non-Compliant,Non-Compliant,Compliant,Not Installed,Intermittent,Non-Compliant,Asset Not Active,Daily,Healthy,Yes
AST-1973,USR-1473,LAP-01973,Laptop,Dell Precision 3580,HP,Windows 10,HR,Pune,Active,2026-07-14,Disabled,Up-to-Date,Compliant,Compliant,Non-Compliant,Outdated,N/A,Connected,Non-Compliant,Multiple Compliance Failures,On-Demand,Healthy,No
AST-1974,USR-1474,LAP-01974,Laptop,Dell Latitude 5440,HP,Windows 10,Engineering,Kolkata,Active,2026-04-26,Enabled,Up-to-Date,Missing,Compliant,Compliant,Pending,Not Installed,Disconnected,Non-Compliant,Multiple Compliance Failures,Daily,Warning,No
AST-1975,USR-1475,LAP-01975,Laptop,Lenovo ThinkPad T14 Gen 4,Lenovo,Windows 11,Legal,Gurugram,Inactive,2026-10-01,Enabled,Outdated,Non-Compliant,Compliant,Compliant,Compliant,Installed,Disconnected,Non-Compliant,Multiple Compliance Failures,On-Demand,Warning,Yes
AST-1976,USR-1476,LAP-01976,Laptop,Dell Latitude 5440,HP,Windows 11,Marketing,Mumbai,Active,2026-02-07,Enabled,Outdated,Compliant,Compliant,Non-Compliant,Non-Compliant,Not Installed,Connected,Non-Compliant,Multiple Compliance Failures,Weekly,Warning,Yes
AST-1977,USR-1477,LAP-01977,Laptop,Lenovo ThinkPad T14 Gen 4,Lenovo,Windows 10,Finance,Mumbai,Active,2026-09-25,Disabled,Up-to-Date,Not Installed,Compliant,Missing,Non-Compliant,Installed,Connected,Non-Compliant,Multiple Compliance Failures,Weekly,Healthy,Yes
AST-1978,USR-1478,LAP-01978,Laptop,HP EliteBook 840 G10,HP,Windows 10,HR,Gurugram,Inactive,2026-09-07,Disabled,Disabled,Non-Compliant,Compliant,Compliant,Outdated,Installed,Disconnected,Non-Compliant,Multiple Compliance Failures,Weekly,Warning,Yes
AST-1979,USR-1479,LAP-01979,Laptop,Dell Latitude 5450,Dell,Windows 11,Engineering,Pune,Inactive,2026-04-01,Disabled,Outdated,Compliant,Non-Compliant,Non-Compliant,Outdated,Installed,Intermittent,Non-Compliant,Multiple Compliance Failures,On-Demand,Healthy,No
AST-1980,USR-1480,DEV-01980,Workstation,Dell Precision 3580,HP,Windows 10,IT,Pune,Active,2026-07-10,Disabled,Outdated,Compliant,Disabled,Compliant,Non-Compliant,N/A,Disconnected,Non-Compliant,Multiple Compliance Failures,On-Demand,Healthy,Yes
AST-1981,USR-1481,DEV-01981,Desktop,Dell Latitude 5440,HP,Windows 11,Engineering,Gurugram,Decommissioned,2026-01-13,Enabled,Missing,Non-Compliant,Compliant,Non-Compliant,Compliant,N/A,Connected,Non-Compliant,Asset Not Active,Daily,Warning,No
AST-1982,USR-1482,DEV-01982,Desktop,Lenovo ThinkPad E14 Gen 5,Dell,Windows 11,Sales,Chennai,Exited,2025-11-16,Disabled,Missing,Missing,Compliant,Compliant,Compliant,N/A,Connected,Non-Compliant,Asset Not Active,Daily,Healthy,No
AST-1983,USR-1483,LAP-01983,Laptop,Dell Latitude 5440,Dell,Windows 10,Marketing,Delhi,Active,2026-01-31,Disabled,Outdated,Compliant,Compliant,Non-Compliant,Outdated,Not Installed,Intermittent,Non-Compliant,Multiple Compliance Failures,Daily,Warning,Yes
AST-1984,USR-1484,LAP-01984,Laptop,Dell Latitude 5440,Dell,Windows 10,Engineering,Noida,Exited,2025-11-21,Enabled,Outdated,Compliant,Compliant,Not Installed,Pending,Installed,Disconnected,Non-Compliant,Asset Not Active,On-Demand,Warning,Yes
AST-1985,USR-1485,DEV-01985,Desktop,Dell Latitude 5450,Lenovo,Windows 11,Support,Chennai,Active,2026-04-27,Disabled,Outdated,Missing,Compliant,Compliant,Non-Compliant,N/A,Disconnected,Non-Compliant,Multiple Compliance Failures,On-Demand,Critical,Yes
AST-1986,USR-1486,LAP-01986,Laptop,Dell Latitude 5450,HP,Windows 11,Sales,Kolkata,Decommissioned,2025-11-06,Enabled,Disabled,Non-Compliant,Compliant,Non-Compliant,Outdated,Not Installed,Connected,Non-Compliant,Asset Not Active,Daily,Critical,Yes
AST-1987,USR-1487,LAP-01987,Laptop,HP EliteBook 840 G10,HP,Windows 11,Support,Bengaluru,Active,2026-07-04,Disabled,Outdated,Compliant,Non-Compliant,Compliant,Pending,Installed,Disconnected,Non-Compliant,Multiple Compliance Failures,Daily,Warning,Yes
AST-1988,USR-1488,LAP-01988,Laptop,Lenovo ThinkPad T14 Gen 4,Dell,Windows 11,Sales,Gurugram,Active,2026-09-15,Enabled,Up-to-Date,Compliant,Compliant,Not Installed,Outdated,N/A,Disconnected,Non-Compliant,Multiple Compliance Failures,Daily,Warning,No
AST-1989,USR-1489,LAP-01989,Laptop,HP EliteBook 840 G10,Dell,Windows 11,Legal,Gurugram,Active,2026-06-30,Enabled,Up-to-Date,Compliant,Compliant,Compliant,Compliant,Not Installed,Connected,Compliant,No Issue,On-Demand,Healthy,Yes
AST-1990,USR-1490,LAP-01990,Laptop,Dell Latitude 5440,Dell,Windows 11,HR,Chennai,Active,2026-04-30,Disabled,Up-to-Date,Compliant,Non-Compliant,Non-Compliant,Non-Compliant,Not Installed,Intermittent,Non-Compliant,Multiple Compliance Failures,Weekly,Healthy,Yes
AST-1991,USR-1491,LAP-01991,Laptop,Dell Precision 3580,HP,Windows 10,Sales,Noida,Active,2026-04-30,Enabled,Up-to-Date,Non-Compliant,Compliant,Non-Compliant,Compliant,Not Installed,Intermittent,Non-Compliant,Multiple Compliance Failures,Daily,Healthy,Yes
AST-1992,USR-1492,DEV-01992,Desktop,HP EliteBook 840 G10,Dell,Windows 11,HR,Pune,Active,2026-01-26,Disabled,Disabled,Compliant,Missing,Compliant,Pending,Not Installed,Connected,Non-Compliant,Multiple Compliance Failures,On-Demand,Healthy,No
AST-1993,USR-1493,LAP-01993,Laptop,HP ProBook 440 G10,Dell,Windows 10,Support,Delhi,Exited,2025-11-18,Enabled,Outdated,Non-Compliant,Compliant,Compliant,Outdated,Installed,Disconnected,Non-Compliant,Asset Not Active,On-Demand,Critical,No
AST-1994,USR-1494,LAP-01994,Laptop,Lenovo ThinkPad E14 Gen 5,Dell,Windows 10,HR,Delhi,Active,2026-01-07,Disabled,Up-to-Date,Not Installed,Compliant,Non-Compliant,Compliant,Installed,Disconnected,Non-Compliant,Multiple Compliance Failures,Weekly,Healthy,Yes
AST-1995,USR-1495,LAP-01995,Laptop,HP EliteBook 840 G10,Lenovo,Windows 11,Marketing,Bengaluru,Decommissioned,2025-11-14,Disabled,Outdated,Compliant,Compliant,Non-Compliant,Outdated,N/A,Disconnected,Non-Compliant,Asset Not Active,On-Demand,Critical,No
AST-1996,USR-1496,LAP-01996,Laptop,Lenovo ThinkPad T14 Gen 4,Dell,Windows 11,Legal,Chennai,Active,2026-01-31,Enabled,Disabled,Non-Compliant,Compliant,Non-Compliant,Compliant,Installed,Disconnected,Non-Compliant,Multiple Compliance Failures,Weekly,Healthy,Yes
AST-1997,USR-1497,LAP-01997,Laptop,Dell Latitude 5440,Dell,Windows 11,Legal,Chennai,Exited,2025-11-27,Enabled,Missing,Compliant,Compliant,Missing,Compliant,Not Installed,Disconnected,Non-Compliant,Asset Not Active,Weekly,Healthy,No
AST-1998,USR-1498,LAP-01998,Laptop,Lenovo ThinkPad T14 Gen 4,HP,Windows 11,Sales,Gurugram,Active,2026-02-24,Disabled,Up-to-Date,Compliant,Compliant,Compliant,Pending,Installed,Intermittent,Non-Compliant,Multiple Compliance Failures,Daily,Critical,Yes
AST-1999,USR-1499,LAP-01999,Laptop,Dell Latitude 5440,Lenovo,Windows 11,Marketing,Bengaluru,Active,2026-08-04,Enabled,Up-to-Date,Compliant,Compliant,Compliant,Pending,Installed,Connected,Partially Compliant,Windows Patch Pending,On-Demand,Critical,No
AST-2000,USR-1500,LAP-02000,Laptop,HP EliteBook 840 G10,HP,Windows 11,Support,Kolkata,Active,2026-06-21,Disabled,Up-to-Date,Compliant,Compliant,Compliant,Outdated,Installed,Disconnected,Non-Compliant,Multiple Compliance Failures,Weekly,Critical,Yes
AST-2001,USR-1501,LAP-02001,Laptop,Dell Latitude 5450,Lenovo,Windows 11,Engineering,Pune,Active,2026-01-05,Enabled,Up-to-Date,Compliant,Missing,Compliant,Non-Compliant,N/A,Disconnected,Non-Compliant,Multiple Compliance Failures,On-Demand,Healthy,Yes
AST-2002,USR-1502,DEV-02002,Desktop,Dell Latitude 5450,Dell,Windows 10,Legal,Gurugram,Active,2026-01-04,Disabled,Up-to-Date,Missing,Compliant,Non-Compliant,Pending,N/A,Connected,Non-Compliant,Multiple Compliance Failures,On-Demand,Critical,Yes
AST-2003,USR-1503,LAP-02003,Laptop,Dell Latitude 5450,HP,Windows 10,Support,Pune,Active,2026-09-15,Enabled,Outdated,Compliant,Compliant,Compliant,Compliant,Installed,Disconnected,Partially Compliant,Antivirus Outdated,On-Demand,Critical,Yes
AST-2004,USR-1504,LAP-02004,Laptop,HP ProBook 440 G10,Dell,Windows 10,Support,Bengaluru,Inactive,2026-06-23,Enabled,Disabled,Compliant,Non-Compliant,Compliant,Compliant,Not Installed,Connected,Non-Compliant,Multiple Compliance Failures,On-Demand,Warning,Yes
AST-2005,USR-1505,DEV-02005,Desktop,Dell Precision 3580,Lenovo,Windows 11,Engineering,Gurugram,Active,2026-03-28,Disabled,Up-to-Date,Not Installed,Compliant,Compliant,Compliant,N/A,Connected,Non-Compliant,Multiple Compliance Failures,Daily,Healthy,Yes
AST-2006,USR-1506,LAP-02006,Laptop,Dell Latitude 5450,Lenovo,Windows 11,Finance,Kolkata,Active,2026-05-23,Disabled,Up-to-Date,Non-Compliant,Compliant,Compliant,Compliant,Installed,Intermittent,Non-Compliant,Multiple Compliance Failures,Daily,Healthy,No
AST-2007,USR-1507,LAP-02007,Laptop,Lenovo ThinkPad E14 Gen 5,Lenovo,Windows 10,Finance,Bengaluru,Exited,2025-12-10,Disabled,Outdated,Non-Compliant,Non-Compliant,Non-Compliant,Compliant,Not Installed,Connected,Non-Compliant,Asset Not Active,Daily,Critical,No
AST-2008,USR-1508,LAP-02008,Laptop,HP ProBook 440 G10,Dell,Windows 10,Sales,Mumbai,Active,2026-06-21,Disabled,Up-to-Date,Non-Compliant,Compliant,Non-Compliant,Compliant,Installed,Connected,Non-Compliant,Multiple Compliance Failures,Daily,Critical,Yes
AST-2009,USR-1509,LAP-02009,Laptop,Dell Latitude 5440,Lenovo,Windows 10,Finance,Noida,Active,2026-02-06,Disabled,Outdated,Compliant,Disabled,Compliant,Non-Compliant,Installed,Disconnected,Non-Compliant,Multiple Compliance Failures,On-Demand,Critical,Yes
AST-2010,USR-1510,LAP-02010,Laptop,Lenovo ThinkPad T14 Gen 4,Dell,Windows 11,Legal,Mumbai,Active,2026-05-22,Disabled,Up-to-Date,Non-Compliant,Compliant,Compliant,Pending,Installed,Connected,Non-Compliant,Multiple Compliance Failures,Daily,Critical,Yes
AST-2011,USR-1511,LAP-02011,Laptop,HP ProBook 440 G10,Dell,Windows 11,Operations,Mumbai,Decommissioned,2026-01-26,Enabled,Outdated,Compliant,Compliant,Compliant,Pending,Not Installed,Connected,Non-Compliant,Asset Not Active,Daily,Critical,No
AST-2012,USR-1512,LAP-02012,Laptop,Dell Precision 3580,Lenovo,Windows 11,Operations,Bengaluru,Active,2026-06-06,Disabled,Outdated,Compliant,Compliant,Not Installed,Compliant,Installed,Intermittent,Non-Compliant,Multiple Compliance Failures,Weekly,Warning,Yes
AST-2013,USR-1513,LAP-02013,Laptop,Dell Precision 3580,Dell,Windows 11,Legal,Gurugram,Active,2026-05-11,Enabled,Missing,Compliant,Compliant,Missing,Compliant,N/A,Intermittent,Non-Compliant,Multiple Compliance Failures,Weekly,Critical,No
AST-2014,USR-1514,LAP-02014,Laptop,Lenovo ThinkPad T14 Gen 4,Lenovo,Windows 11,Legal,Gurugram,Active,2026-02-20,Disabled,Outdated,Not Installed,Compliant,Compliant,Outdated,N/A,Intermittent,Non-Compliant,Multiple Compliance Failures,Daily,Critical,No
AST-2015,USR-1515,LAP-02015,Laptop,HP EliteBook 840 G10,Dell,Windows 10,IT,Pune,Decommissioned,2026-01-26,Disabled,Up-to-Date,Compliant,Compliant,Non-Compliant,Pending,Not Installed,Intermittent,Non-Compliant,Asset Not Active,Daily,Healthy,Yes
AST-2016,USR-1516,DEV-02016,Desktop,HP EliteBook 840 G10,Lenovo,Windows 11,Marketing,Chennai,Active,2026-07-11,Disabled,Up-to-Date,Compliant,Disabled,Missing,Non-Compliant,N/A,Intermittent,Non-Compliant,Multiple Compliance Failures,Weekly,Critical,No
AST-2017,USR-1517,LAP-02017,Laptop,Dell Latitude 5450,HP,Windows 10,Legal,Pune,Active,2026-04-13,Disabled,Outdated,Not Installed,Non-Compliant,Not Installed,Outdated,Installed,Intermittent,Non-Compliant,Multiple Compliance Failures,Weekly,Warning,No
AST-2018,USR-1518,LAP-02018,Laptop,Lenovo ThinkPad E14 Gen 5,Lenovo,Windows 10,IT,Pune,Active,2026-01-12,Enabled,Outdated,Compliant,Disabled,Compliant,Compliant,Installed,Intermittent,Non-Compliant,Multiple Compliance Failures,Weekly,Critical,Yes
AST-2019,USR-1519,LAP-02019,Laptop,Dell Precision 3580,HP,Windows 11,Sales,Gurugram,Decommissioned,2025-10-04,Enabled,Outdated,Compliant,Compliant,Compliant,Compliant,Installed,Connected,Non-Compliant,Asset Not Active,Weekly,Critical,Yes
AST-2020,USR-1520,DEV-02020,Desktop,Dell Precision 3580,HP,Windows 11,Marketing,Hyderabad,Active,2026-03-01,Enabled,Disabled,Not Installed,Non-Compliant,Non-Compliant,Compliant,N/A,Connected,Non-Compliant,Multiple Compliance Failures,On-Demand,Healthy,No
