asset_id,employee_id,user_id,employee_email,employee_name,department,location,device_type,device_model,os_version,employee_status,asset_status,assignment_date,return_date,exit_date,asset_notes
AST-1001,EMP-07001,USR-5001,employee1@example.com,Employee 1,Finance,Pune,Laptop,Dell Latitude 5430,Windows 10,Active,Assigned,2025-03-01,,,
AST-1002,EMP-07002,USR-5002,employee2@example.com,Employee 2,Customer Support,Delhi,Laptop,Lenovo ThinkPad T14,Windows 10,Active,Assigned,2025-03-01,,,
AST-1003,EMP-07003,USR-5003,employee3@example.com,Employee 3,Procurement,Pune,Laptop,Dell Latitude 5430,Windows 10,Active,Assigned,2025-03-01,,,
AST-1004,EMP-07004,USR-5004,employee4@example.com,Employee 4,Customer Support,Gurugram,Laptop,HP ProBook 440 G9,Windows 10,Active,Assigned,2025-03-01,,,
AST-1005,EMP-07005,USR-5005,employee5@example.com,Employee 5,Sales,Gurugram,Laptop,Dell Latitude 5430,Windows 10,Active,Assigned,2025-03-01,,,
AST-1006,EMP-07006,USR-5006,employee6@example.com,Employee 6,IT,Bengaluru,Laptop,Dell Latitude 5430,Windows 11,Active,Assigned,2025-03-01,,,
AST-1007,EMP-07007,USR-5007,employee7@example.com,Employee 7,Finance,Mumbai,Laptop,HP ProBook 440 G9,Windows 11,Active,Assigned,2025-03-01,,,
AST-1008,EMP-07008,USR-5008,employee8@example.com,Employee 8,IT,Bengaluru,Laptop,Lenovo ThinkPad E14,Windows 11,Active,Assigned,2025-03-01,,,
AST-1009,EMP-07009,USR-5009,employee9@example.com,Employee 9,Finance,Gurugram,Laptop,Dell Latitude 5430,Windows 10,Active,Assigned,2025-03-01,,,
AST-1010,EMP-07010,USR-5010,employee10@example.com,Employee 10,HR,Pune,Laptop,Lenovo ThinkPad E14,Windows 11,Active,Assigned,2025-03-01,,,
AST-1011,EMP-07011,USR-5011,employee11@example.com,Employee 11,HR,Pune,Laptop,Lenovo ThinkPad E14,Windows 10,Active,Assigned,2025-03-01,,,
AST-1012,EMP-07012,USR-5012,employee12@example.com,Employee 12,HR,Mumbai,Laptop,HP EliteBook 840 G8,Windows 10,Exited,Assigned,2025-03-01,,2026-04-05,Employee exited; asset return pending
AST-1013,EMP-07013,USR-5013,employee13@example.com,Employee 13,Engineering,Noida,Laptop,HP EliteBook 840 G8,Windows 11,Active,Assigned,2025-03-01,,,
AST-1014,EMP-07014,USR-5014,employee14@example.com,Employee 14,Engineering,Chennai,Laptop,Dell Latitude 5420,Windows 10,Active,Assigned,2025-03-01,,,
AST-1015,EMP-07015,USR-5015,employee15@example.com,Employee 15,Finance,Mumbai,Laptop,Dell Latitude 5420,Windows 10,Active,Assigned,2025-03-01,,,
AST-1016,EMP-07016,USR-5016,employee16@example.com,Employee 16,Legal,Bengaluru,Laptop,Dell Latitude 5420,Windows 10,Active,Assigned,2025-03-01,,,
AST-1017,EMP-07017,USR-5017,employee17@example.com,Employee 17,Procurement,Gurugram,Laptop,Dell Latitude 5430,Windows 10,Active,Assigned,2025-03-01,,,
AST-1018,EMP-07018,USR-5018,employee18@example.com,Employee 18,Customer Support,Gurugram,Laptop,Dell Latitude 5420,Windows 10,Active,Assigned,2025-03-01,,,
AST-1019,EMP-07019,USR-5019,employee19@example.com,Employee 19,IT,Hyderabad,Laptop,Dell Latitude 5420,Windows 11,Active,Assigned,2025-03-01,,,
AST-1020,EMP-07020,USR-5020,employee20@example.com,Employee 20,Engineering,Noida,Laptop,Dell Latitude 5430,Windows 11,Active,Assigned,2025-03-01,,,
AST-1021,EMP-07021,USR-5021,employee21@example.com,Employee 21,Customer Support,Noida,Laptop,Dell Latitude 5420,Windows 10,Active,Assigned,2025-03-01,,,
AST-1022,EMP-07022,USR-5022,employee22@example.com,Employee 22,Finance,Gurugram,Laptop,HP ProBook 440 G9,Windows 11,Active,Assigned,2025-03-01,,,
AST-1023,EMP-07023,USR-5023,employee23@example.com,Employee 23,HR,Delhi,Laptop,HP ProBook 440 G9,Windows 10,Active,Assigned,2025-03-01,,,
AST-1024,EMP-07024,USR-5024,employee24@example.com,Employee 24,Engineering,Pune,Laptop,Lenovo ThinkPad T14,Windows 10,Active,Assigned,2025-03-01,,,
AST-1025,EMP-07025,USR-5025,employee25@example.com,Employee 25,Sales,Pune,Laptop,Lenovo ThinkPad T14,Windows 10,Exited,Returned,2025-03-01,2026-06-25,2026-06-09,Laptop returned; stale compliance record
AST-1026,EMP-07026,USR-5026,employee26@example.com,Employee 26,Legal,Pune,Laptop,Dell Latitude 5420,Windows 10,Active,Assigned,2025-03-01,,,
AST-1027,EMP-07027,USR-5027,employee27@example.com,Employee 27,IT,Delhi,Laptop,HP EliteBook 840 G8,Windows 10,Active,Assigned,2025-03-01,,,
AST-1028,EMP-07028,USR-5028,employee28@example.com,Employee 28,Operations,Gurugram,Laptop,HP EliteBook 840 G8,Windows 11,Active,Assigned,2025-03-01,,,
AST-1029,EMP-07029,USR-5029,employee29@example.com,Employee 29,Finance,Noida,Laptop,Lenovo ThinkPad E14,Windows 11,Active,Assigned,2025-03-01,,,
AST-1030,EMP-07030,USR-5030,employee30@example.com,Employee 30,Finance,Chennai,Laptop,Dell Latitude 5430,Windows 10,Active,Assigned,2025-03-01,,,
AST-1031,EMP-07031,USR-5031,employee31@example.com,Employee 31,Sales,Gurugram,Laptop,HP EliteBook 840 G8,Windows 11,Active,Assigned,2025-03-01,,,
AST-1032,EMP-07032,USR-5032,employee32@example.com,Employee 32,Sales,Delhi,Laptop,Dell Latitude 5420,Windows 11,Active,Assigned,2025-03-01,,,
AST-1033,EMP-07033,USR-5033,employee33@example.com,Employee 33,Legal,Delhi,Laptop,Lenovo ThinkPad T14,Windows 10,Active,Assigned,2025-03-01,,,
AST-1034,EMP-07034,USR-5034,employee34@example.com,Employee 34,Legal,Mumbai,Laptop,HP ProBook 440 G9,Windows 11,Active,Assigned,2025-03-01,,,
AST-1035,EMP-07035,USR-5035,employee35@example.com,Employee 35,Finance,Pune,Laptop,HP EliteBook 840 G8,Windows 10,Active,Assigned,2025-03-01,,,
AST-1036,EMP-07036,USR-5036,employee36@example.com,Employee 36,IT,Gurugram,Laptop,HP EliteBook 840 G8,Windows 11,Active,Assigned,2025-03-01,,,
AST-1037,EMP-07037,USR-5037,employee37@example.com,Employee 37,Operations,Chennai,Laptop,Lenovo ThinkPad T14,Windows 10,Active,Decommissioned,2025-03-01,,,Decommissioned; no active remediation
AST-1038,EMP-07038,USR-5038,employee38@example.com,Employee 38,Finance,Gurugram,Laptop,HP ProBook 440 G9,Windows 10,Active,Assigned,2025-03-01,,,
AST-1039,EMP-07039,USR-5039,employee39@example.com,Employee 39,Engineering,Mumbai,Laptop,HP ProBook 440 G9,Windows 11,Active,Assigned,2025-03-01,,,
AST-1040,EMP-07040,USR-5040,employee40@example.com,Employee 40,Sales,Chennai,Laptop,Lenovo ThinkPad E14,Windows 10,Active,Assigned,2025-03-01,,,
AST-1041,EMP-07041,USR-5041,employee41@example.com,Employee 41,Operations,Hyderabad,Laptop,Lenovo ThinkPad E14,Windows 10,Active,Assigned,2025-03-01,,,
AST-1042,EMP-07042,USR-5042,employee42@example.com,Employee 42,Finance,Hyderabad,Laptop,HP ProBook 440 G9,Windows 10,Active,Assigned,2025-03-01,,,
AST-1043,EMP-07043,USR-5043,employee43@example.com,Employee 43,Operations,Chennai,Laptop,Dell Latitude 5430,Windows 11,Active,Assigned,2025-03-01,,,
AST-1044,EMP-07044,USR-5044,employee44@example.com,Employee 44,IT,Delhi,Laptop,HP ProBook 440 G9,Windows 10,Active,Assigned,2025-03-01,,,
AST-1045,EMP-07045,USR-5045,employee45@example.com,Employee 45,Legal,Pune,Laptop,HP ProBook 440 G9,Windows 11,Active,Assigned,2025-03-01,,,
AST-1046,EMP-07046,USR-5046,employee46@example.com,Employee 46,Finance,Delhi,Laptop,Dell Latitude 5430,Windows 10,Active,Assigned,2025-03-01,,,
AST-1047,EMP-07047,USR-5047,employee47@example.com,Employee 47,Procurement,Noida,Laptop,Lenovo ThinkPad T14,Windows 10,Active,Assigned,2025-03-01,,,
AST-1048,EMP-07048,USR-5048,employee48@example.com,Employee 48,Operations,Gurugram,Laptop,Lenovo ThinkPad T14,Windows 10,Active,Assigned,2025-03-01,,,
AST-1049,EMP-07049,USR-5049,employee49@example.com,Employee 49,Legal,Mumbai,Laptop,Dell Latitude 5420,Windows 11,Active,Assigned,2025-03-01,,,
AST-1050,EMP-07050,USR-5050,employee50@example.com,Employee 50,IT,Hyderabad,Laptop,Dell Latitude 5430,Windows 11,Active,Assigned,2025-03-01,,,
AST-1051,EMP-07051,USR-5051,employee51@example.com,Employee 51,Operations,Gurugram,Laptop,HP EliteBook 840 G8,Windows 11,Active,Assigned,2025-03-01,,,Potential source mapping mismatch
AST-1052,EMP-07052,USR-5052,employee52@example.com,Employee 52,Procurement,Pune,Laptop,HP EliteBook 840 G8,Windows 11,Active,Assigned,2025-03-01,,,
AST-1053,EMP-07053,USR-5053,employee53@example.com,Employee 53,Customer Support,Bengaluru,Laptop,Lenovo ThinkPad E14,Windows 11,Active,Assigned,2025-03-01,,,
AST-1054,EMP-07054,USR-5054,employee54@example.com,Employee 54,Procurement,Chennai,Laptop,Lenovo ThinkPad T14,Windows 11,Active,Assigned,2025-03-01,,,
AST-1055,EMP-07055,USR-5055,employee55@example.com,Employee 55,Procurement,Gurugram,Laptop,Lenovo ThinkPad E14,Windows 10,Active,Assigned,2025-03-01,,,
AST-1056,EMP-07056,USR-5056,employee56@example.com,Employee 56,Sales,Bengaluru,Laptop,HP EliteBook 840 G8,Windows 10,Active,Assigned,2025-03-01,,,
AST-1057,EMP-07057,USR-5057,employee57@example.com,Employee 57,Engineering,Gurugram,Laptop,Dell Latitude 5420,Windows 11,Active,Assigned,2025-03-01,,,
AST-1058,EMP-07058,USR-5058,employee58@example.com,Employee 58,HR,Delhi,Laptop,Dell Latitude 5430,Windows 10,Active,Assigned,2025-03-01,,,
AST-1059,EMP-07059,USR-5059,employee59@example.com,Employee 59,Legal,Chennai,Laptop,HP ProBook 440 G9,Windows 11,Active,Assigned,2025-03-01,,,
AST-1060,EMP-07060,USR-5060,employee60@example.com,Employee 60,Sales,Gurugram,Laptop,Dell Latitude 5430,Windows 10,Active,Assigned,2025-03-01,,,
AST-1061,EMP-07061,USR-5061,employee61@example.com,Employee 61,Sales,Chennai,Laptop,Dell Latitude 5420,Windows 10,Active,Assigned,2025-03-01,,,
AST-1062,EMP-07062,USR-5062,employee62@example.com,Employee 62,Sales,Noida,Laptop,Dell Latitude 5420,Windows 10,Active,Assigned,2025-03-01,,,
AST-1063,EMP-07063,USR-5063,employee63@example.com,Employee 63,Sales,Chennai,Laptop,HP ProBook 440 G9,Windows 10,Active,Assigned,2025-03-01,,,
AST-1064,EMP-07064,USR-5064,employee64@example.com,Employee 64,Sales,Delhi,Laptop,Dell Latitude 5430,Windows 11,Active,Assigned,2025-03-01,,,
AST-1065,EMP-07065,USR-5065,employee65@example.com,Employee 65,Legal,Mumbai,Laptop,HP EliteBook 840 G8,Windows 10,Active,Assigned,2025-03-01,,,
AST-1066,EMP-07066,USR-5066,employee66@example.com,Employee 66,HR,Mumbai,Laptop,HP EliteBook 840 G8,Windows 11,On Leave,Assigned,2025-03-01,,,
AST-1067,EMP-07067,USR-5067,employee67@example.com,Employee 67,Operations,Mumbai,Laptop,Lenovo ThinkPad T14,Windows 11,Active,Assigned,2025-03-01,,,
AST-1068,EMP-07068,USR-5068,employee68@example.com,Employee 68,Operations,Noida,Laptop,HP EliteBook 840 G8,Windows 10,Active,Assigned,2025-03-01,,,
AST-1069,EMP-07069,USR-5069,employee69@example.com,Employee 69,Sales,Pune,Laptop,HP ProBook 440 G9,Windows 11,Active,Assigned,2025-03-01,,,
AST-1070,EMP-07070,USR-5070,employee70@example.com,Employee 70,Sales,Hyderabad,Laptop,HP EliteBook 840 G8,Windows 11,Active,Assigned,2025-03-01,,,
AST-1071,EMP-07071,USR-5071,employee71@example.com,Employee 71,Engineering,Mumbai,Laptop,HP EliteBook 840 G8,Windows 11,Active,Assigned,2025-03-01,,,
AST-1072,EMP-07072,USR-5072,employee72@example.com,Employee 72,Finance,Mumbai,Laptop,Lenovo ThinkPad E14,Windows 11,Active,Assigned,2025-03-01,,,
AST-1073,EMP-07073,USR-5073,employee73@example.com,Employee 73,Customer Support,Mumbai,Laptop,Dell Latitude 5420,Windows 11,Exited,Assigned,2025-03-01,,2026-01-09,Employee exited; asset return pending
AST-1074,EMP-07074,USR-5074,employee74@example.com,Employee 74,Sales,Mumbai,Laptop,Lenovo ThinkPad T14,Windows 11,Active,Assigned,2025-03-01,,,
AST-1075,EMP-07075,USR-5075,employee75@example.com,Employee 75,Engineering,Delhi,Laptop,Lenovo ThinkPad T14,Windows 10,Active,Assigned,2025-03-01,,,
AST-1076,EMP-07076,USR-5076,employee76@example.com,Employee 76,Sales,Delhi,Laptop,Dell Latitude 5420,Windows 11,Active,Assigned,2025-03-01,,,
AST-1077,EMP-07077,USR-5077,employee77@example.com,Employee 77,HR,Hyderabad,Laptop,Lenovo ThinkPad T14,Windows 10,Active,Assigned,2025-03-01,,,
AST-1078,EMP-07078,USR-5078,employee78@example.com,Employee 78,Engineering,Pune,Laptop,Lenovo ThinkPad E14,Windows 10,Active,Assigned,2025-03-01,,,
AST-1079,EMP-07079,USR-5079,employee79@example.com,Employee 79,Operations,Hyderabad,Laptop,HP ProBook 440 G9,Windows 10,Active,Assigned,2025-03-01,,,
AST-1080,EMP-07080,USR-5080,employee80@example.com,Employee 80,Finance,Chennai,Laptop,HP EliteBook 840 G8,Windows 10,Active,Assigned,2025-03-01,,,
AST-1081,EMP-07081,USR-5081,employee81@example.com,Employee 81,Finance,Pune,Laptop,HP ProBook 440 G9,Windows 10,Active,Assigned,2025-03-01,,,
AST-1082,EMP-07082,USR-5082,employee82@example.com,Employee 82,Procurement,Pune,Laptop,Dell Latitude 5430,Windows 11,Active,Assigned,2025-03-01,,,
AST-1083,EMP-07083,USR-5083,employee83@example.com,Employee 83,IT,Bengaluru,Laptop,Lenovo ThinkPad E14,Windows 11,Active,Assigned,2025-03-01,,,
AST-1084,EMP-07084,USR-5084,employee84@example.com,Employee 84,Sales,Hyderabad,Laptop,Lenovo ThinkPad E14,Windows 11,Active,Assigned,2025-03-01,,,
AST-1085,EMP-07085,USR-5085,employee85@example.com,Employee 85,Engineering,Pune,Laptop,Lenovo ThinkPad E14,Windows 11,Active,Assigned,2025-03-01,,,
AST-1086,EMP-07086,USR-5086,employee86@example.com,Employee 86,Procurement,Hyderabad,Laptop,Lenovo ThinkPad T14,Windows 10,Active,Assigned,2025-03-01,,,
AST-1087,EMP-07087,USR-5087,employee87@example.com,Employee 87,Engineering,Bengaluru,Laptop,HP EliteBook 840 G8,Windows 10,Active,Assigned,2025-03-01,,,
AST-1088,EMP-07088,USR-5088,employee88@example.com,Employee 88,Engineering,Gurugram,Laptop,Lenovo ThinkPad E14,Windows 10,Active,Assigned,2025-03-01,,,
AST-1089,EMP-07089,USR-5089,employee89@example.com,Employee 89,Customer Support,Bengaluru,Laptop,Lenovo ThinkPad T14,Windows 10,Active,Assigned,2025-03-01,,,
AST-1090,EMP-07090,USR-5090,employee90@example.com,Employee 90,Customer Support,Pune,Laptop,Dell Latitude 5430,Windows 10,Active,Assigned,2025-03-01,,,
AST-1091,EMP-07091,USR-5091,employee91@example.com,Employee 91,IT,Hyderabad,Laptop,Lenovo ThinkPad T14,Windows 10,Exited,Returned,2025-03-01,2026-06-25,2026-03-06,Laptop returned; stale compliance record
AST-1092,EMP-07092,USR-5092,employee92@example.com,Employee 92,Customer Support,Pune,Laptop,HP ProBook 440 G9,Windows 10,Active,Assigned,2025-03-01,,,
AST-1093,EMP-07093,USR-5093,employee93@example.com,Employee 93,HR,Mumbai,Laptop,Lenovo ThinkPad T14,Windows 10,Active,Assigned,2025-03-01,,,
AST-1094,EMP-07094,USR-5094,employee94@example.com,Employee 94,Legal,Gurugram,Laptop,Lenovo ThinkPad E14,Windows 10,Active,Assigned,2025-03-01,,,
AST-1095,EMP-07095,USR-5095,employee95@example.com,Employee 95,Engineering,Hyderabad,Laptop,HP ProBook 440 G9,Windows 10,Active,Assigned,2025-03-01,,,
AST-1096,EMP-07096,USR-5096,employee96@example.com,Employee 96,HR,Hyderabad,Laptop,Dell Latitude 5420,Windows 11,Active,Assigned,2025-03-01,,,
AST-1097,EMP-07097,USR-5097,employee97@example.com,Employee 97,Legal,Delhi,Laptop,HP EliteBook 840 G8,Windows 11,Active,Assigned,2025-03-01,,,
AST-1098,EMP-07098,USR-5098,employee98@example.com,Employee 98,Procurement,Gurugram,Laptop,HP EliteBook 840 G8,Windows 10,Active,Assigned,2025-03-01,,,
AST-1099,EMP-07099,USR-5099,employee99@example.com,Employee 99,Sales,Delhi,Laptop,Dell Latitude 5430,Windows 11,Active,Assigned,2025-03-01,,,
AST-1100,EMP-07100,USR-5100,employee100@example.com,Employee 100,Finance,Gurugram,Laptop,Lenovo ThinkPad E14,Windows 10,Active,Assigned,2025-03-01,,,
AST-1101,EMP-07101,USR-5101,employee101@example.com,Employee 101,IT,Noida,Laptop,Lenovo ThinkPad T14,Windows 10,Active,Assigned,2025-03-01,,,
AST-1102,EMP-07102,USR-5102,employee102@example.com,Employee 102,HR,Pune,Laptop,Lenovo ThinkPad E14,Windows 11,Active,Assigned,2025-03-01,,,
AST-1103,EMP-07103,USR-5103,employee103@example.com,Employee 103,Sales,Pune,Laptop,HP EliteBook 840 G8,Windows 10,Active,Assigned,2025-03-01,,,
AST-1104,EMP-07104,USR-5104,employee104@example.com,Employee 104,Finance,Hyderabad,Laptop,Dell Latitude 5420,Windows 11,Active,Assigned,2025-03-01,,,
AST-1105,EMP-07105,USR-5105,employee105@example.com,Employee 105,Procurement,Noida,Laptop,Lenovo ThinkPad T14,Windows 11,Active,Assigned,2025-03-01,,,
AST-1106,EMP-07106,USR-5106,employee106@example.com,Employee 106,Sales,Mumbai,Laptop,Dell Latitude 5430,Windows 11,Active,Assigned,2025-03-01,,,
AST-1107,EMP-07107,USR-5107,employee107@example.com,Employee 107,IT,Bengaluru,Laptop,Dell Latitude 5420,Windows 10,Active,Assigned,2025-03-01,,,
AST-1108,EMP-07108,USR-5108,employee108@example.com,Employee 108,Engineering,Mumbai,Laptop,Lenovo ThinkPad E14,Windows 11,Active,Assigned,2025-03-01,,,
AST-1109,EMP-07109,USR-5109,employee109@example.com,Employee 109,Sales,Chennai,Laptop,HP ProBook 440 G9,Windows 10,Active,Assigned,2025-03-01,,,
AST-1110,EMP-07110,USR-5110,employee110@example.com,Employee 110,Customer Support,Delhi,Laptop,HP ProBook 440 G9,Windows 10,Active,Assigned,2025-03-01,,,
AST-1111,EMP-07111,USR-5111,employee111@example.com,Employee 111,HR,Noida,Laptop,Dell Latitude 5420,Windows 10,Active,Assigned,2025-03-01,,,
AST-1112,EMP-07112,USR-5112,employee112@example.com,Employee 112,Procurement,Delhi,Laptop,Lenovo ThinkPad E14,Windows 11,Active,Assigned,2025-03-01,,,
AST-1113,EMP-07113,USR-5113,employee113@example.com,Employee 113,IT,Mumbai,Laptop,HP EliteBook 840 G8,Windows 11,Active,Assigned,2025-03-01,,,
AST-1114,EMP-07114,USR-5114,employee114@example.com,Employee 114,Customer Support,Gurugram,Laptop,Lenovo ThinkPad E14,Windows 11,Active,Assigned,2025-03-01,,,
AST-1115,EMP-07115,USR-5115,employee115@example.com,Employee 115,IT,Noida,Laptop,Dell Latitude 5420,Windows 11,Active,Assigned,2025-03-01,,,
AST-1116,EMP-07116,USR-5116,employee116@example.com,Employee 116,IT,Hyderabad,Laptop,Dell Latitude 5430,Windows 10,Active,Assigned,2025-03-01,,,
AST-1117,EMP-07117,USR-5117,employee117@example.com,Employee 117,Operations,Chennai,Laptop,Lenovo ThinkPad T14,Windows 11,Active,Assigned,2025-03-01,,,
AST-1118,EMP-07118,USR-5118,employee118@example.com,Employee 118,Engineering,Chennai,Laptop,HP EliteBook 840 G8,Windows 11,Active,Assigned,2025-03-01,,,
AST-1119,EMP-07119,USR-5119,employee119@example.com,Employee 119,Engineering,Mumbai,Laptop,Lenovo ThinkPad T14,Windows 10,On Leave,Assigned,2025-03-01,,,
AST-1120,EMP-07120,USR-5120,employee120@example.com,Employee 120,HR,Bengaluru,Laptop,HP ProBook 440 G9,Windows 11,Active,Assigned,2025-03-01,,,
AST-1121,EMP-07121,USR-5121,employee121@example.com,Employee 121,HR,Mumbai,Laptop,Dell Latitude 5430,Windows 10,On Leave,Assigned,2025-03-01,,,
AST-1122,EMP-07122,USR-5122,employee122@example.com,Employee 122,HR,Delhi,Laptop,HP EliteBook 840 G8,Windows 10,On Leave,Assigned,2025-03-01,,,
AST-1123,EMP-07123,USR-5123,employee123@example.com,Employee 123,Operations,Hyderabad,Laptop,Lenovo ThinkPad E14,Windows 11,Active,Assigned,2025-03-01,,,
AST-1124,EMP-07124,USR-5124,employee124@example.com,Employee 124,Finance,Mumbai,Laptop,Dell Latitude 5430,Windows 11,Active,Assigned,2025-03-01,,,
AST-1125,EMP-07125,USR-5125,employee125@example.com,Employee 125,Engineering,Delhi,Laptop,Lenovo ThinkPad E14,Windows 11,Active,Assigned,2025-03-01,,,
AST-1126,EMP-07126,USR-5126,employee126@example.com,Employee 126,Procurement,Noida,Laptop,Dell Latitude 5420,Windows 11,Active,Assigned,2025-03-01,,,
AST-1127,EMP-07127,USR-5127,employee127@example.com,Employee 127,HR,Chennai,Laptop,Dell Latitude 5420,Windows 11,Active,Assigned,2025-03-01,,,
AST-1128,EMP-07128,USR-5128,employee128@example.com,Employee 128,Operations,Pune,Laptop,HP EliteBook 840 G8,Windows 10,Active,Assigned,2025-03-01,,,
AST-1129,EMP-07129,USR-5129,employee129@example.com,Employee 129,IT,Chennai,Laptop,Lenovo ThinkPad E14,Windows 11,Active,Assigned,2025-03-01,,,
AST-1130,EMP-07130,USR-5130,employee130@example.com,Employee 130,Procurement,Gurugram,Laptop,Dell Latitude 5420,Windows 11,Active,Assigned,2025-03-01,,,
AST-1131,EMP-07131,USR-5131,employee131@example.com,Employee 131,Procurement,Hyderabad,Laptop,HP EliteBook 840 G8,Windows 10,Active,Assigned,2025-03-01,,,
AST-1132,EMP-07132,USR-5132,employee132@example.com,Employee 132,Engineering,Delhi,Laptop,Dell Latitude 5430,Windows 10,Active,Assigned,2025-03-01,,,
AST-1133,EMP-07133,USR-5133,employee133@example.com,Employee 133,Procurement,Chennai,Laptop,Dell Latitude 5420,Windows 10,Active,Assigned,2025-03-01,,,
AST-1134,EMP-07134,USR-5134,employee134@example.com,Employee 134,Customer Support,Gurugram,Laptop,HP EliteBook 840 G8,Windows 11,Active,Assigned,2025-03-01,,,
AST-1135,EMP-07135,USR-5135,employee135@example.com,Employee 135,Engineering,Noida,Laptop,Lenovo ThinkPad E14,Windows 11,Active,Assigned,2025-03-01,,,
AST-1136,EMP-07136,USR-5136,employee136@example.com,Employee 136,IT,Noida,Laptop,HP EliteBook 840 G8,Windows 10,Active,Assigned,2025-03-01,,,
AST-1137,EMP-07137,USR-5137,employee137@example.com,Employee 137,Customer Support,Noida,Laptop,Lenovo ThinkPad T14,Windows 10,Active,Assigned,2025-03-01,,,
AST-1138,EMP-07138,USR-5138,employee138@example.com,Employee 138,Procurement,Gurugram,Laptop,HP ProBook 440 G9,Windows 11,Active,Assigned,2025-03-01,,,
AST-1139,EMP-07139,USR-5139,employee139@example.com,Employee 139,Finance,Gurugram,Laptop,Lenovo ThinkPad T14,Windows 10,Active,Assigned,2025-03-01,,,
AST-1140,EMP-07140,USR-5140,employee140@example.com,Employee 140,Sales,Bengaluru,Laptop,Lenovo ThinkPad E14,Windows 11,Active,Assigned,2025-03-01,,,
AST-1141,EMP-07141,USR-5141,employee141@example.com,Employee 141,Procurement,Delhi,Laptop,Dell Latitude 5420,Windows 10,Active,Assigned,2025-03-01,,,
AST-1142,EMP-07142,USR-5142,employee142@example.com,Employee 142,Customer Support,Pune,Laptop,Lenovo ThinkPad E14,Windows 11,Active,Assigned,2025-03-01,,,
AST-1143,EMP-07143,USR-5143,employee143@example.com,Employee 143,Engineering,Bengaluru,Laptop,HP EliteBook 840 G8,Windows 10,Active,Assigned,2025-03-01,,,
AST-1144,EMP-07144,USR-5144,employee144@example.com,Employee 144,HR,Mumbai,Laptop,Dell Latitude 5430,Windows 11,Active,Assigned,2025-03-01,,,
AST-1145,EMP-07145,USR-5145,employee145@example.com,Employee 145,Operations,Noida,Laptop,HP EliteBook 840 G8,Windows 11,Active,Decommissioned,2025-03-01,,,Decommissioned; no active remediation
AST-1146,EMP-07146,USR-5146,employee146@example.com,Employee 146,Customer Support,Chennai,Laptop,Dell Latitude 5430,Windows 10,Active,Assigned,2025-03-01,,,
AST-1147,EMP-07147,USR-5147,employee147@example.com,Employee 147,HR,Hyderabad,Laptop,Dell Latitude 5430,Windows 11,Active,Assigned,2025-03-01,,,
AST-1148,EMP-07148,USR-5148,employee148@example.com,Employee 148,Customer Support,Chennai,Laptop,Lenovo ThinkPad T14,Windows 11,Active,Assigned,2025-03-01,,,
AST-1149,EMP-07149,USR-5149,employee149@example.com,Employee 149,Procurement,Noida,Laptop,Dell Latitude 5430,Windows 11,Active,Assigned,2025-03-01,,,
AST-1150,EMP-07150,USR-5150,employee150@example.com,Employee 150,Customer Support,Noida,Laptop,HP EliteBook 840 G8,Windows 11,Active,Assigned,2025-03-01,,,
AST-1151,EMP-07151,USR-5151,employee151@example.com,Employee 151,Sales,Chennai,Laptop,Dell Latitude 5420,Windows 11,Active,Assigned,2025-03-01,,,
AST-1152,EMP-07152,USR-5152,employee152@example.com,Employee 152,Sales,Bengaluru,Laptop,Lenovo ThinkPad E14,Windows 10,Active,Assigned,2025-03-01,,,
AST-1153,EMP-07153,USR-5153,employee153@example.com,Employee 153,HR,Bengaluru,Laptop,Dell Latitude 5420,Windows 11,On Leave,Assigned,2025-03-01,,,
AST-1154,EMP-07154,USR-5154,employee154@example.com,Employee 154,IT,Bengaluru,Laptop,Lenovo ThinkPad T14,Windows 11,Active,Assigned,2025-03-01,,,
AST-1155,EMP-07155,USR-5155,employee155@example.com,Employee 155,Sales,Chennai,Laptop,Dell Latitude 5430,Windows 10,Active,Assigned,2025-03-01,,,
AST-1156,EMP-07156,USR-5156,employee156@example.com,Employee 156,Procurement,Chennai,Laptop,HP EliteBook 840 G8,Windows 11,Active,Assigned,2025-03-01,,,
AST-1157,EMP-07157,USR-5157,employee157@example.com,Employee 157,Sales,Gurugram,Laptop,HP EliteBook 840 G8,Windows 11,Active,Assigned,2025-03-01,,,
AST-1158,EMP-07158,USR-5158,employee158@example.com,Employee 158,Operations,Bengaluru,Laptop,Dell Latitude 5420,Windows 10,Active,Assigned,2025-03-01,,,
AST-1159,EMP-07159,USR-5159,employee159@example.com,Employee 159,Customer Support,Noida,Laptop,HP ProBook 440 G9,Windows 11,On Leave,Assigned,2025-03-01,,,
AST-1160,EMP-07160,USR-5160,employee160@example.com,Employee 160,Operations,Delhi,Laptop,Dell Latitude 5430,Windows 11,Active,Assigned,2025-03-01,,,
AST-1161,EMP-07161,USR-5161,employee161@example.com,Employee 161,Sales,Delhi,Laptop,Dell Latitude 5420,Windows 11,Active,Assigned,2025-03-01,,,
AST-1162,EMP-07162,USR-5162,employee162@example.com,Employee 162,IT,Chennai,Laptop,HP EliteBook 840 G8,Windows 10,Active,Assigned,2025-03-01,,,
AST-1163,EMP-07163,USR-5163,employee163@example.com,Employee 163,Operations,Noida,Laptop,Lenovo ThinkPad T14,Windows 11,Active,Assigned,2025-03-01,,,
AST-1164,EMP-07164,USR-5164,employee164@example.com,Employee 164,Finance,Pune,Laptop,HP ProBook 440 G9,Windows 10,Active,Assigned,2025-03-01,,,
AST-1165,EMP-07165,USR-5165,employee165@example.com,Employee 165,Operations,Delhi,Laptop,Lenovo ThinkPad E14,Windows 10,Active,Assigned,2025-03-01,,,
AST-1166,EMP-07166,USR-5166,employee166@example.com,Employee 166,Sales,Mumbai,Laptop,Lenovo ThinkPad T14,Windows 10,Active,Assigned,2025-03-01,,,
AST-1167,EMP-07167,USR-5167,employee167@example.com,Employee 167,Operations,Bengaluru,Laptop,Lenovo ThinkPad E14,Windows 10,Active,Assigned,2025-03-01,,,
AST-1168,EMP-07168,USR-5168,employee168@example.com,Employee 168,IT,Noida,Laptop,HP EliteBook 840 G8,Windows 11,Active,Assigned,2025-03-01,,,
AST-1169,EMP-07169,USR-5169,employee169@example.com,Employee 169,Legal,Chennai,Laptop,Lenovo ThinkPad T14,Windows 10,Active,Assigned,2025-03-01,,,
AST-1170,EMP-07170,USR-5170,employee170@example.com,Employee 170,Finance,Hyderabad,Laptop,HP EliteBook 840 G8,Windows 10,Active,Assigned,2025-03-01,,,
AST-1171,EMP-07171,USR-5171,employee171@example.com,Employee 171,Legal,Mumbai,Laptop,HP ProBook 440 G9,Windows 11,Active,Assigned,2025-03-01,,,
AST-1172,EMP-07172,USR-5172,employee172@example.com,Employee 172,Customer Support,Hyderabad,Laptop,Lenovo ThinkPad T14,Windows 10,Active,Assigned,2025-03-01,,,
AST-1173,EMP-07173,USR-5173,employee173@example.com,Employee 173,Operations,Bengaluru,Laptop,HP ProBook 440 G9,Windows 11,Active,Assigned,2025-03-01,,,
AST-1174,EMP-07174,USR-5174,employee174@example.com,Employee 174,HR,Gurugram,Laptop,Lenovo ThinkPad T14,Windows 10,Active,Assigned,2025-03-01,,,
AST-1175,EMP-07175,USR-5175,employee175@example.com,Employee 175,Finance,Noida,Laptop,Lenovo ThinkPad T14,Windows 11,Active,Assigned,2025-03-01,,,
AST-1176,EMP-07176,USR-5176,employee176@example.com,Employee 176,IT,Bengaluru,Laptop,HP ProBook 440 G9,Windows 11,Active,Assigned,2025-03-01,,,
AST-1177,EMP-07177,USR-5177,employee177@example.com,Employee 177,Finance,Mumbai,Laptop,Lenovo ThinkPad E14,Windows 11,Active,Assigned,2025-03-01,,,Potential source mapping mismatch
AST-1178,EMP-07178,USR-5178,employee178@example.com,Employee 178,Operations,Pune,Laptop,Lenovo ThinkPad E14,Windows 10,Active,Assigned,2025-03-01,,,
AST-1179,EMP-07179,USR-5179,employee179@example.com,Employee 179,Procurement,Gurugram,Laptop,HP ProBook 440 G9,Windows 11,Active,Assigned,2025-03-01,,,
AST-1180,EMP-07180,USR-5180,employee180@example.com,Employee 180,Customer Support,Bengaluru,Laptop,HP ProBook 440 G9,Windows 10,Active,Assigned,2025-03-01,,,
AST-1181,EMP-07181,USR-5181,employee181@example.com,Employee 181,Engineering,Bengaluru,Laptop,Lenovo ThinkPad E14,Windows 10,Active,Assigned,2025-03-01,,,
AST-1182,EMP-07182,USR-5182,employee182@example.com,Employee 182,Procurement,Chennai,Laptop,HP ProBook 440 G9,Windows 10,Active,Assigned,2025-03-01,,,
AST-1183,EMP-07183,USR-5183,employee183@example.com,Employee 183,Operations,Noida,Laptop,Dell Latitude 5420,Windows 11,Active,Assigned,2025-03-01,,,
AST-1184,EMP-07184,USR-5184,employee184@example.com,Employee 184,Procurement,Pune,Laptop,HP ProBook 440 G9,Windows 11,Active,Assigned,2025-03-01,,,
AST-1185,EMP-07185,USR-5185,employee185@example.com,Employee 185,HR,Delhi,Laptop,Dell Latitude 5420,Windows 11,Active,Assigned,2025-03-01,,,
AST-1186,EMP-07186,USR-5186,employee186@example.com,Employee 186,Engineering,Chennai,Laptop,Dell Latitude 5420,Windows 10,Active,Assigned,2025-03-01,,,
AST-1187,EMP-07187,USR-5187,employee187@example.com,Employee 187,IT,Gurugram,Laptop,Dell Latitude 5420,Windows 10,Active,Assigned,2025-03-01,,,
AST-1188,EMP-07188,USR-5188,employee188@example.com,Employee 188,Operations,Bengaluru,Laptop,HP EliteBook 840 G8,Windows 10,Active,Assigned,2025-03-01,,,
AST-1189,EMP-07189,USR-5189,employee189@example.com,Employee 189,IT,Gurugram,Laptop,HP ProBook 440 G9,Windows 11,Active,Assigned,2025-03-01,,,
AST-1190,EMP-07190,USR-5190,employee190@example.com,Employee 190,Engineering,Pune,Laptop,Dell Latitude 5420,Windows 10,Active,Assigned,2025-03-01,,,
AST-1191,EMP-07191,USR-5191,employee191@example.com,Employee 191,IT,Hyderabad,Laptop,Dell Latitude 5420,Windows 11,Active,Assigned,2025-03-01,,,
AST-1192,EMP-07192,USR-5192,employee192@example.com,Employee 192,HR,Mumbai,Laptop,Dell Latitude 5420,Windows 10,Active,Assigned,2025-03-01,,,
AST-1193,EMP-07193,USR-5193,employee193@example.com,Employee 193,Sales,Chennai,Laptop,HP ProBook 440 G9,Windows 10,On Leave,Assigned,2025-03-01,,,
AST-1194,EMP-07194,USR-5194,employee194@example.com,Employee 194,HR,Gurugram,Laptop,HP EliteBook 840 G8,Windows 10,Active,Assigned,2025-03-01,,,
AST-1195,EMP-07195,USR-5195,employee195@example.com,Employee 195,Sales,Gurugram,Laptop,Dell Latitude 5430,Windows 10,Active,Assigned,2025-03-01,,,
AST-1196,EMP-07196,USR-5196,employee196@example.com,Employee 196,Procurement,Hyderabad,Laptop,Dell Latitude 5420,Windows 11,Active,Assigned,2025-03-01,,,
AST-1197,EMP-07197,USR-5197,employee197@example.com,Employee 197,Legal,Noida,Laptop,Dell Latitude 5430,Windows 11,Active,Assigned,2025-03-01,,,
AST-1198,EMP-07198,USR-5198,employee198@example.com,Employee 198,Sales,Bengaluru,Laptop,Lenovo ThinkPad E14,Windows 11,Active,Assigned,2025-03-01,,,
AST-1199,EMP-07199,USR-5199,employee199@example.com,Employee 199,Procurement,Chennai,Laptop,HP EliteBook 840 G8,Windows 11,Active,Assigned,2025-03-01,,,
AST-1200,EMP-07200,USR-5200,employee200@example.com,Employee 200,IT,Hyderabad,Laptop,HP EliteBook 840 G8,Windows 11,Active,Assigned,2025-03-01,,,
AST-1201,EMP-07201,USR-5201,employee201@example.com,Employee 201,Operations,Noida,Laptop,Lenovo ThinkPad E14,Windows 10,Active,Assigned,2025-03-01,,,
AST-1202,EMP-07202,USR-5202,employee202@example.com,Employee 202,IT,Pune,Laptop,Dell Latitude 5430,Windows 11,Active,Assigned,2025-03-01,,,
AST-1203,EMP-07203,USR-5203,employee203@example.com,Employee 203,Legal,Delhi,Laptop,HP EliteBook 840 G8,Windows 10,Active,Assigned,2025-03-01,,,
AST-1204,EMP-07204,USR-5204,employee204@example.com,Employee 204,Procurement,Hyderabad,Laptop,Dell Latitude 5420,Windows 10,Active,Assigned,2025-03-01,,,
AST-1205,EMP-07205,USR-5205,employee205@example.com,Employee 205,Customer Support,Noida,Laptop,HP EliteBook 840 G8,Windows 10,Exited,Returned,2025-03-01,2026-06-25,2026-04-19,Laptop returned; stale compliance record
AST-1206,EMP-07206,USR-5206,employee206@example.com,Employee 206,Engineering,Bengaluru,Laptop,Lenovo ThinkPad T14,Windows 11,Active,Assigned,2025-03-01,,,
AST-1207,EMP-07207,USR-5207,employee207@example.com,Employee 207,Procurement,Gurugram,Laptop,Lenovo ThinkPad E14,Windows 10,On Leave,Assigned,2025-03-01,,,
AST-1208,EMP-07208,USR-5208,employee208@example.com,Employee 208,Legal,Noida,Laptop,Dell Latitude 5430,Windows 11,Active,Assigned,2025-03-01,,,
AST-1209,EMP-07209,USR-5209,employee209@example.com,Employee 209,HR,Gurugram,Laptop,Lenovo ThinkPad T14,Windows 10,Active,Assigned,2025-03-01,,,
AST-1210,EMP-07210,USR-5210,employee210@example.com,Employee 210,Legal,Gurugram,Laptop,HP EliteBook 840 G8,Windows 11,Active,Assigned,2025-03-01,,,
AST-1211,EMP-07211,USR-5211,employee211@example.com,Employee 211,Procurement,Gurugram,Laptop,Dell Latitude 5430,Windows 11,Active,Assigned,2025-03-01,,,
AST-1212,EMP-07212,USR-5212,employee212@example.com,Employee 212,Engineering,Noida,Laptop,Lenovo ThinkPad T14,Windows 10,Active,Assigned,2025-03-01,,,
AST-1213,EMP-07213,USR-5213,employee213@example.com,Employee 213,IT,Bengaluru,Laptop,HP ProBook 440 G9,Windows 11,On Leave,Assigned,2025-03-01,,,
AST-1214,EMP-07214,USR-5214,employee214@example.com,Employee 214,Sales,Bengaluru,Laptop,Lenovo ThinkPad T14,Windows 11,Active,Assigned,2025-03-01,,,
AST-1215,EMP-07215,USR-5215,employee215@example.com,Employee 215,Customer Support,Mumbai,Laptop,Lenovo ThinkPad T14,Windows 10,Active,Assigned,2025-03-01,,,
AST-1216,EMP-07216,USR-5216,employee216@example.com,Employee 216,Finance,Chennai,Laptop,HP EliteBook 840 G8,Windows 11,Active,Assigned,2025-03-01,,,
AST-1217,EMP-07217,USR-5217,employee217@example.com,Employee 217,Procurement,Hyderabad,Laptop,Dell Latitude 5430,Windows 10,Active,Assigned,2025-03-01,,,
AST-1218,EMP-07218,USR-5218,employee218@example.com,Employee 218,Sales,Pune,Laptop,Lenovo ThinkPad T14,Windows 11,Active,Assigned,2025-03-01,,,
AST-1219,EMP-07219,USR-5219,employee219@example.com,Employee 219,Sales,Noida,Laptop,Lenovo ThinkPad E14,Windows 10,Active,Assigned,2025-03-01,,,
AST-1220,EMP-07220,USR-5220,employee220@example.com,Employee 220,Legal,Hyderabad,Laptop,HP ProBook 440 G9,Windows 10,Active,Assigned,2025-03-01,,,
AST-1221,EMP-07221,USR-5221,employee221@example.com,Employee 221,Engineering,Mumbai,Laptop,Lenovo ThinkPad T14,Windows 10,Active,Assigned,2025-03-01,,,
AST-1222,EMP-07222,USR-5222,employee222@example.com,Employee 222,Legal,Bengaluru,Laptop,HP ProBook 440 G9,Windows 10,Active,Assigned,2025-03-01,,,
AST-1223,EMP-07223,USR-5223,employee223@example.com,Employee 223,Finance,Delhi,Laptop,Dell Latitude 5420,Windows 11,Active,Assigned,2025-03-01,,,
AST-1224,EMP-07224,USR-5224,employee224@example.com,Employee 224,Sales,Noida,Laptop,HP EliteBook 840 G8,Windows 10,Active,Assigned,2025-03-01,,,
AST-1225,EMP-07225,USR-5225,employee225@example.com,Employee 225,Operations,Hyderabad,Laptop,Lenovo ThinkPad E14,Windows 10,Active,Assigned,2025-03-01,,,
AST-1226,EMP-07226,USR-5226,employee226@example.com,Employee 226,Procurement,Gurugram,Laptop,HP ProBook 440 G9,Windows 10,On Leave,Assigned,2025-03-01,,,
AST-1227,EMP-07227,USR-5227,employee227@example.com,Employee 227,IT,Noida,Laptop,Dell Latitude 5420,Windows 10,Active,Assigned,2025-03-01,,,
AST-1228,EMP-07228,USR-5228,employee228@example.com,Employee 228,HR,Gurugram,Laptop,Dell Latitude 5430,Windows 10,Active,Assigned,2025-03-01,,,
AST-1229,EMP-07229,USR-5229,employee229@example.com,Employee 229,Sales,Delhi,Laptop,Lenovo ThinkPad E14,Windows 11,Active,Assigned,2025-03-01,,,
AST-1230,EMP-07230,USR-5230,employee230@example.com,Employee 230,Operations,Chennai,Laptop,HP ProBook 440 G9,Windows 10,Active,Assigned,2025-03-01,,,
AST-1231,EMP-07231,USR-5231,employee231@example.com,Employee 231,Legal,Mumbai,Laptop,Lenovo ThinkPad T14,Windows 10,Active,Assigned,2025-03-01,,,
AST-1232,EMP-07232,USR-5232,employee232@example.com,Employee 232,Legal,Pune,Laptop,Lenovo ThinkPad E14,Windows 11,Active,Assigned,2025-03-01,,,
AST-1233,EMP-07233,USR-5233,employee233@example.com,Employee 233,Operations,Noida,Laptop,Lenovo ThinkPad T14,Windows 11,Active,Assigned,2025-03-01,,,
AST-1234,EMP-07234,USR-5234,employee234@example.com,Employee 234,HR,Hyderabad,Laptop,Dell Latitude 5420,Windows 11,On Leave,Assigned,2025-03-01,,,
AST-1235,EMP-07235,USR-5235,employee235@example.com,Employee 235,IT,Chennai,Laptop,HP EliteBook 840 G8,Windows 11,Active,Assigned,2025-03-01,,,
AST-1236,EMP-07236,USR-5236,employee236@example.com,Employee 236,Legal,Pune,Laptop,Lenovo ThinkPad T14,Windows 10,Active,Assigned,2025-03-01,,,
AST-1237,EMP-07237,USR-5237,employee237@example.com,Employee 237,Sales,Gurugram,Laptop,Lenovo ThinkPad T14,Windows 10,Active,Assigned,2025-03-01,,,
AST-1238,EMP-07238,USR-5238,employee238@example.com,Employee 238,IT,Delhi,Laptop,Lenovo ThinkPad T14,Windows 11,Active,Assigned,2025-03-01,,,
AST-1239,EMP-07239,USR-5239,employee239@example.com,Employee 239,Finance,Noida,Laptop,Dell Latitude 5430,Windows 10,Active,Assigned,2025-03-01,,,
AST-1240,EMP-07240,USR-5240,employee240@example.com,Employee 240,Operations,Pune,Laptop,Lenovo ThinkPad T14,Windows 11,On Leave,Assigned,2025-03-01,,,
AST-1241,EMP-07241,USR-5241,employee241@example.com,Employee 241,Operations,Noida,Laptop,Dell Latitude 5420,Windows 11,Active,Assigned,2025-03-01,,,
AST-1242,EMP-07242,USR-5242,employee242@example.com,Employee 242,Sales,Gurugram,Laptop,Dell Latitude 5430,Windows 10,Active,Assigned,2025-03-01,,,
AST-1243,EMP-07243,USR-5243,employee243@example.com,Employee 243,Customer Support,Hyderabad,Laptop,Lenovo ThinkPad E14,Windows 11,Active,Assigned,2025-03-01,,,
AST-1244,EMP-07244,USR-5244,employee244@example.com,Employee 244,IT,Bengaluru,Laptop,HP EliteBook 840 G8,Windows 11,Active,Assigned,2025-03-01,,,
AST-1245,EMP-07245,USR-5245,employee245@example.com,Employee 245,Operations,Noida,Laptop,Lenovo ThinkPad T14,Windows 10,Active,Assigned,2025-03-01,,,
AST-1246,EMP-07246,USR-5246,employee246@example.com,Employee 246,Engineering,Pune,Laptop,Dell Latitude 5420,Windows 10,Active,Assigned,2025-03-01,,,
AST-1247,EMP-07247,USR-5247,employee247@example.com,Employee 247,Operations,Mumbai,Laptop,HP ProBook 440 G9,Windows 10,Active,Assigned,2025-03-01,,,
AST-1248,EMP-07248,USR-5248,employee248@example.com,Employee 248,HR,Noida,Laptop,Dell Latitude 5420,Windows 10,Active,Assigned,2025-03-01,,,
AST-1249,EMP-07249,USR-5249,employee249@example.com,Employee 249,Sales,Gurugram,Laptop,Dell Latitude 5420,Windows 10,Active,Assigned,2025-03-01,,,
AST-1250,EMP-07250,USR-5250,employee250@example.com,Employee 250,Engineering,Delhi,Laptop,Dell Latitude 5430,Windows 11,On Leave,Assigned,2025-03-01,,,
AST-1251,EMP-07251,USR-5251,employee251@example.com,Employee 251,Engineering,Noida,Laptop,Dell Latitude 5420,Windows 10,Active,Assigned,2025-03-01,,,
AST-1252,EMP-07252,USR-5252,employee252@example.com,Employee 252,Customer Support,Bengaluru,Laptop,Lenovo ThinkPad E14,Windows 10,Active,Assigned,2025-03-01,,,
AST-1253,EMP-07253,USR-5253,employee253@example.com,Employee 253,Sales,Noida,Laptop,Dell Latitude 5420,Windows 11,Active,Assigned,2025-03-01,,,
AST-1254,EMP-07254,USR-5254,employee254@example.com,Employee 254,Operations,Noida,Laptop,Dell Latitude 5420,Windows 10,Active,Assigned,2025-03-01,,,
AST-1255,EMP-07255,USR-5255,employee255@example.com,Employee 255,Legal,Mumbai,Laptop,Dell Latitude 5430,Windows 10,Active,Assigned,2025-03-01,,,
AST-1256,EMP-07256,USR-5256,employee256@example.com,Employee 256,IT,Bengaluru,Laptop,HP ProBook 440 G9,Windows 11,Active,Assigned,2025-03-01,,,
AST-1257,EMP-07257,USR-5257,employee257@example.com,Employee 257,Operations,Noida,Laptop,HP EliteBook 840 G8,Windows 10,Active,Assigned,2025-03-01,,,
AST-1258,EMP-07258,USR-5258,employee258@example.com,Employee 258,Procurement,Gurugram,Laptop,HP EliteBook 840 G8,Windows 11,Active,Assigned,2025-03-01,,,
AST-1259,EMP-07259,USR-5259,employee259@example.com,Employee 259,IT,Mumbai,Laptop,Dell Latitude 5430,Windows 10,Active,Assigned,2025-03-01,,,
AST-1260,EMP-07260,USR-5260,employee260@example.com,Employee 260,Finance,Noida,Laptop,Lenovo ThinkPad T14,Windows 11,Active,Assigned,2025-03-01,,,
AST-1261,EMP-07261,USR-5261,employee261@example.com,Employee 261,Procurement,Mumbai,Laptop,Dell Latitude 5430,Windows 10,Active,Assigned,2025-03-01,,,
AST-1262,EMP-07262,USR-5262,employee262@example.com,Employee 262,Sales,Gurugram,Laptop,Lenovo ThinkPad E14,Windows 10,Active,Assigned,2025-03-01,,,
AST-1263,EMP-07263,USR-5263,employee263@example.com,Employee 263,Legal,Gurugram,Laptop,HP ProBook 440 G9,Windows 10,Active,Assigned,2025-03-01,,,
AST-1264,EMP-07264,USR-5264,employee264@example.com,Employee 264,Legal,Noida,Laptop,Lenovo ThinkPad E14,Windows 10,Active,Assigned,2025-03-01,,,
AST-1265,EMP-07265,USR-5265,employee265@example.com,Employee 265,IT,Hyderabad,Laptop,Dell Latitude 5430,Windows 10,Active,Assigned,2025-03-01,,,
AST-1266,EMP-07266,USR-5266,employee266@example.com,Employee 266,Sales,Pune,Laptop,Dell Latitude 5430,Windows 10,Active,Assigned,2025-03-01,,,
AST-1267,EMP-07267,USR-5267,employee267@example.com,Employee 267,Engineering,Bengaluru,Laptop,Dell Latitude 5420,Windows 10,Active,Assigned,2025-03-01,,,
AST-1268,EMP-07268,USR-5268,employee268@example.com,Employee 268,Sales,Gurugram,Laptop,Lenovo ThinkPad E14,Windows 11,Active,Assigned,2025-03-01,,,
AST-1269,EMP-07269,USR-5269,employee269@example.com,Employee 269,Finance,Noida,Laptop,Lenovo ThinkPad E14,Windows 10,Active,Assigned,2025-03-01,,,
AST-1270,EMP-07270,USR-5270,employee270@example.com,Employee 270,Legal,Chennai,Laptop,Lenovo ThinkPad T14,Windows 10,Active,Assigned,2025-03-01,,,
AST-1271,EMP-07271,USR-5271,employee271@example.com,Employee 271,Engineering,Noida,Laptop,Dell Latitude 5430,Windows 10,Active,Assigned,2025-03-01,,,
AST-1272,EMP-07272,USR-5272,employee272@example.com,Employee 272,Sales,Mumbai,Laptop,Lenovo ThinkPad E14,Windows 10,Active,Assigned,2025-03-01,,,
AST-1273,EMP-07273,USR-5273,employee273@example.com,Employee 273,Customer Support,Hyderabad,Laptop,Dell Latitude 5420,Windows 11,Active,Assigned,2025-03-01,,,
AST-1274,EMP-07274,USR-5274,employee274@example.com,Employee 274,Customer Support,Mumbai,Laptop,HP ProBook 440 G9,Windows 11,Active,Assigned,2025-03-01,,,
AST-1275,EMP-07275,USR-5275,employee275@example.com,Employee 275,Procurement,Bengaluru,Laptop,Dell Latitude 5420,Windows 11,On Leave,Assigned,2025-03-01,,,
AST-1276,EMP-07276,USR-5276,employee276@example.com,Employee 276,HR,Bengaluru,Laptop,Dell Latitude 5430,Windows 11,Active,Assigned,2025-03-01,,,
AST-1277,EMP-07277,USR-5277,employee277@example.com,Employee 277,Legal,Chennai,Laptop,Lenovo ThinkPad T14,Windows 11,Active,Assigned,2025-03-01,,,
AST-1278,EMP-07278,USR-5278,employee278@example.com,Employee 278,Operations,Delhi,Laptop,Dell Latitude 5430,Windows 10,Active,Assigned,2025-03-01,,,
AST-1279,EMP-07279,USR-5279,employee279@example.com,Employee 279,Finance,Bengaluru,Laptop,HP EliteBook 840 G8,Windows 11,Active,Assigned,2025-03-01,,,
AST-1280,EMP-07280,USR-5280,employee280@example.com,Employee 280,HR,Pune,Laptop,Dell Latitude 5420,Windows 11,Active,Assigned,2025-03-01,,,
AST-1281,EMP-07281,USR-5281,employee281@example.com,Employee 281,Legal,Delhi,Laptop,Lenovo ThinkPad E14,Windows 10,Active,Assigned,2025-03-01,,,
AST-1282,EMP-07282,USR-5282,employee282@example.com,Employee 282,Sales,Hyderabad,Laptop,HP ProBook 440 G9,Windows 11,Active,Assigned,2025-03-01,,,
AST-1283,EMP-07283,USR-5283,employee283@example.com,Employee 283,Procurement,Pune,Laptop,HP EliteBook 840 G8,Windows 10,On Leave,Assigned,2025-03-01,,,
AST-1284,EMP-07284,USR-5284,employee284@example.com,Employee 284,Sales,Bengaluru,Laptop,Dell Latitude 5430,Windows 10,Active,Assigned,2025-03-01,,,
AST-1285,EMP-07285,USR-5285,employee285@example.com,Employee 285,Engineering,Pune,Laptop,HP EliteBook 840 G8,Windows 11,On Leave,Assigned,2025-03-01,,,
AST-1286,EMP-07286,USR-5286,employee286@example.com,Employee 286,Engineering,Mumbai,Laptop,Lenovo ThinkPad T14,Windows 11,Active,Assigned,2025-03-01,,,
AST-1287,EMP-07287,USR-5287,employee287@example.com,Employee 287,Customer Support,Noida,Laptop,Lenovo ThinkPad E14,Windows 11,Active,Assigned,2025-03-01,,,
AST-1288,EMP-07288,USR-5288,employee288@example.com,Employee 288,Sales,Chennai,Laptop,Dell Latitude 5420,Windows 11,Active,Assigned,2025-03-01,,,
AST-1289,EMP-07289,USR-5289,employee289@example.com,Employee 289,Legal,Pune,Laptop,HP ProBook 440 G9,Windows 10,Active,Assigned,2025-03-01,,,
AST-1290,EMP-07290,USR-5290,employee290@example.com,Employee 290,IT,Gurugram,Laptop,HP ProBook 440 G9,Windows 11,Active,Assigned,2025-03-01,,,
AST-1291,EMP-07291,USR-5291,employee291@example.com,Employee 291,IT,Chennai,Laptop,Dell Latitude 5420,Windows 10,Active,Assigned,2025-03-01,,,
AST-1292,EMP-07292,USR-5292,employee292@example.com,Employee 292,Finance,Mumbai,Laptop,Lenovo ThinkPad T14,Windows 10,Active,Assigned,2025-03-01,,,
AST-1293,EMP-07293,USR-5293,employee293@example.com,Employee 293,Sales,Noida,Laptop,Dell Latitude 5420,Windows 10,Active,Assigned,2025-03-01,,,
AST-1294,EMP-07294,USR-5294,employee294@example.com,Employee 294,Engineering,Mumbai,Laptop,Dell Latitude 5430,Windows 10,Active,Assigned,2025-03-01,,,
AST-1295,EMP-07295,USR-5295,employee295@example.com,Employee 295,IT,Gurugram,Laptop,HP EliteBook 840 G8,Windows 10,Active,Assigned,2025-03-01,,,
AST-1296,EMP-07296,USR-5296,employee296@example.com,Employee 296,Finance,Delhi,Laptop,Lenovo ThinkPad E14,Windows 10,Active,Assigned,2025-03-01,,,
AST-1297,EMP-07297,USR-5297,employee297@example.com,Employee 297,Sales,Hyderabad,Laptop,Lenovo ThinkPad E14,Windows 10,Active,Assigned,2025-03-01,,,
AST-1298,EMP-07298,USR-5298,employee298@example.com,Employee 298,HR,Chennai,Laptop,Dell Latitude 5430,Windows 10,Active,Assigned,2025-03-01,,,
AST-1299,EMP-07299,USR-5299,employee299@example.com,Employee 299,Operations,Chennai,Laptop,HP EliteBook 840 G8,Windows 10,Active,Assigned,2025-03-01,,,
AST-1300,EMP-07300,USR-5300,employee300@example.com,Employee 300,HR,Gurugram,Laptop,HP EliteBook 840 G8,Windows 10,Active,Assigned,2025-03-01,,,
AST-1301,EMP-07301,USR-5301,employee301@example.com,Employee 301,Procurement,Hyderabad,Laptop,Lenovo ThinkPad E14,Windows 10,Active,Assigned,2025-03-01,,,
AST-1302,EMP-07302,USR-5302,employee302@example.com,Employee 302,Sales,Gurugram,Laptop,HP EliteBook 840 G8,Windows 11,Active,Assigned,2025-03-01,,,
AST-1303,EMP-07303,USR-5303,employee303@example.com,Employee 303,IT,Gurugram,Laptop,Dell Latitude 5430,Windows 10,Active,Assigned,2025-03-01,,,
AST-1304,EMP-07304,USR-5304,employee304@example.com,Employee 304,Legal,Mumbai,Laptop,Lenovo ThinkPad T14,Windows 10,Active,Assigned,2025-03-01,,,
AST-1305,EMP-07305,USR-5305,employee305@example.com,Employee 305,HR,Pune,Laptop,Lenovo ThinkPad E14,Windows 11,Active,Assigned,2025-03-01,,,
AST-1306,EMP-07306,USR-5306,employee306@example.com,Employee 306,HR,Hyderabad,Laptop,Lenovo ThinkPad E14,Windows 10,Active,Assigned,2025-03-01,,,
AST-1307,EMP-07307,USR-5307,employee307@example.com,Employee 307,IT,Chennai,Laptop,HP ProBook 440 G9,Windows 10,On Leave,Assigned,2025-03-01,,,
AST-1308,EMP-07308,USR-5308,employee308@example.com,Employee 308,Operations,Gurugram,Laptop,HP ProBook 440 G9,Windows 11,Active,Assigned,2025-03-01,,,
AST-1309,EMP-07309,USR-5309,employee309@example.com,Employee 309,Legal,Delhi,Laptop,Lenovo ThinkPad T14,Windows 10,Active,Assigned,2025-03-01,,,
AST-1310,EMP-07310,USR-5310,employee310@example.com,Employee 310,Procurement,Delhi,Laptop,Dell Latitude 5430,Windows 11,Active,Assigned,2025-03-01,,,
AST-1311,EMP-07311,USR-5311,employee311@example.com,Employee 311,Operations,Delhi,Laptop,HP EliteBook 840 G8,Windows 11,Active,Assigned,2025-03-01,,,
AST-1312,EMP-07312,USR-5312,employee312@example.com,Employee 312,Legal,Gurugram,Laptop,HP EliteBook 840 G8,Windows 10,Active,Assigned,2025-03-01,,,
AST-1313,EMP-07313,USR-5313,employee313@example.com,Employee 313,Finance,Gurugram,Laptop,HP ProBook 440 G9,Windows 11,Active,Assigned,2025-03-01,,,
AST-1314,EMP-07314,USR-5314,employee314@example.com,Employee 314,Engineering,Noida,Laptop,Lenovo ThinkPad E14,Windows 10,Active,Assigned,2025-03-01,,,
AST-1315,EMP-07315,USR-5315,employee315@example.com,Employee 315,Operations,Pune,Laptop,HP ProBook 440 G9,Windows 11,Active,Assigned,2025-03-01,,,
AST-1316,EMP-07316,USR-5316,employee316@example.com,Employee 316,Customer Support,Mumbai,Laptop,Lenovo ThinkPad E14,Windows 10,Active,Assigned,2025-03-01,,,
AST-1317,EMP-07317,USR-5317,employee317@example.com,Employee 317,Procurement,Gurugram,Laptop,HP EliteBook 840 G8,Windows 11,Active,Assigned,2025-03-01,,,
AST-1318,EMP-07318,USR-5318,employee318@example.com,Employee 318,Customer Support,Gurugram,Laptop,Dell Latitude 5420,Windows 11,Active,Assigned,2025-03-01,,,
AST-1319,EMP-07319,USR-5319,employee319@example.com,Employee 319,Finance,Pune,Laptop,Dell Latitude 5430,Windows 10,Active,Assigned,2025-03-01,,,
AST-1320,EMP-07320,USR-5320,employee320@example.com,Employee 320,Sales,Delhi,Laptop,HP ProBook 440 G9,Windows 11,Active,Assigned,2025-03-01,,,
AST-1321,EMP-07321,USR-5321,employee321@example.com,Employee 321,Engineering,Bengaluru,Laptop,Lenovo ThinkPad E14,Windows 11,Active,Assigned,2025-03-01,,,
AST-1322,EMP-07322,USR-5322,employee322@example.com,Employee 322,HR,Noida,Laptop,Dell Latitude 5430,Windows 10,Active,Assigned,2025-03-01,,,
AST-1323,EMP-07323,USR-5323,employee323@example.com,Employee 323,IT,Delhi,Laptop,Dell Latitude 5430,Windows 11,Active,Assigned,2025-03-01,,,
AST-1324,EMP-07324,USR-5324,employee324@example.com,Employee 324,Procurement,Bengaluru,Laptop,Dell Latitude 5430,Windows 10,Active,Assigned,2025-03-01,,,
AST-1325,EMP-07325,USR-5325,employee325@example.com,Employee 325,Sales,Bengaluru,Laptop,Lenovo ThinkPad T14,Windows 11,Active,Assigned,2025-03-01,,,
AST-1326,EMP-07326,USR-5326,employee326@example.com,Employee 326,Operations,Delhi,Laptop,Lenovo ThinkPad E14,Windows 11,Active,Assigned,2025-03-01,,,
AST-1327,EMP-07327,USR-5327,employee327@example.com,Employee 327,Customer Support,Chennai,Laptop,HP ProBook 440 G9,Windows 10,Active,Assigned,2025-03-01,,,
AST-1328,EMP-07328,USR-5328,employee328@example.com,Employee 328,Operations,Bengaluru,Laptop,Lenovo ThinkPad E14,Windows 11,Active,Assigned,2025-03-01,,,
AST-1329,EMP-07329,USR-5329,employee329@example.com,Employee 329,IT,Delhi,Laptop,HP ProBook 440 G9,Windows 11,Active,Assigned,2025-03-01,,,
AST-1330,EMP-07330,USR-5330,employee330@example.com,Employee 330,Legal,Hyderabad,Laptop,HP ProBook 440 G9,Windows 11,Active,Assigned,2025-03-01,,,
AST-1331,EMP-07331,USR-5331,employee331@example.com,Employee 331,HR,Mumbai,Laptop,Lenovo ThinkPad T14,Windows 10,Active,Assigned,2025-03-01,,,
AST-1332,EMP-07332,USR-5332,employee332@example.com,Employee 332,IT,Bengaluru,Laptop,Dell Latitude 5430,Windows 11,On Leave,Assigned,2025-03-01,,,
AST-1333,EMP-07333,USR-5333,employee333@example.com,Employee 333,Finance,Noida,Laptop,Dell Latitude 5420,Windows 10,Active,Assigned,2025-03-01,,,
AST-1334,EMP-07334,USR-5334,employee334@example.com,Employee 334,Customer Support,Noida,Laptop,Dell Latitude 5430,Windows 10,Active,Assigned,2025-03-01,,,
AST-1335,EMP-07335,USR-5335,employee335@example.com,Employee 335,HR,Pune,Laptop,Lenovo ThinkPad E14,Windows 10,Active,Assigned,2025-03-01,,,
AST-1336,EMP-07336,USR-5336,employee336@example.com,Employee 336,HR,Bengaluru,Laptop,HP EliteBook 840 G8,Windows 11,Active,Assigned,2025-03-01,,,
AST-1337,EMP-07337,USR-5337,employee337@example.com,Employee 337,Legal,Noida,Laptop,Dell Latitude 5420,Windows 11,Active,Assigned,2025-03-01,,,
AST-1338,EMP-07338,USR-5338,employee338@example.com,Employee 338,Engineering,Chennai,Laptop,HP EliteBook 840 G8,Windows 11,Active,Assigned,2025-03-01,,,
AST-1339,EMP-07339,USR-5339,employee339@example.com,Employee 339,HR,Gurugram,Laptop,Dell Latitude 5420,Windows 10,Active,Assigned,2025-03-01,,,
AST-1340,EMP-07340,USR-5340,employee340@example.com,Employee 340,IT,Mumbai,Laptop,HP ProBook 440 G9,Windows 10,Active,Assigned,2025-03-01,,,
AST-1341,EMP-07341,USR-5341,employee341@example.com,Employee 341,Operations,Noida,Laptop,Lenovo ThinkPad T14,Windows 10,Active,Assigned,2025-03-01,,,
AST-1342,EMP-07342,USR-5342,employee342@example.com,Employee 342,Finance,Bengaluru,Laptop,HP ProBook 440 G9,Windows 10,Active,Assigned,2025-03-01,,,
AST-1343,EMP-07343,USR-5343,employee343@example.com,Employee 343,Finance,Delhi,Laptop,Lenovo ThinkPad E14,Windows 11,Active,Assigned,2025-03-01,,,
AST-1344,EMP-07344,USR-5344,employee344@example.com,Employee 344,Legal,Mumbai,Laptop,Lenovo ThinkPad T14,Windows 10,Active,Assigned,2025-03-01,,,
AST-1345,EMP-07345,USR-5345,employee345@example.com,Employee 345,Finance,Noida,Laptop,HP ProBook 440 G9,Windows 10,Active,Assigned,2025-03-01,,,
AST-1346,EMP-07346,USR-5346,employee346@example.com,Employee 346,Operations,Hyderabad,Laptop,HP EliteBook 840 G8,Windows 10,Active,Assigned,2025-03-01,,,
AST-1347,EMP-07347,USR-5347,employee347@example.com,Employee 347,IT,Noida,Laptop,Lenovo ThinkPad E14,Windows 10,Active,Assigned,2025-03-01,,,
AST-1348,EMP-07348,USR-5348,employee348@example.com,Employee 348,Sales,Gurugram,Laptop,Dell Latitude 5430,Windows 11,Active,Assigned,2025-03-01,,,
AST-1349,EMP-07349,USR-5349,employee349@example.com,Employee 349,IT,Pune,Laptop,Dell Latitude 5430,Windows 11,Active,Assigned,2025-03-01,,,
AST-1350,EMP-07350,USR-5350,employee350@example.com,Employee 350,HR,Noida,Laptop,HP ProBook 440 G9,Windows 10,Active,Assigned,2025-03-01,,,
AST-1351,EMP-07351,USR-5351,employee351@example.com,Employee 351,Legal,Hyderabad,Laptop,HP EliteBook 840 G8,Windows 10,Active,Assigned,2025-03-01,,,
AST-1352,EMP-07352,USR-5352,employee352@example.com,Employee 352,HR,Hyderabad,Laptop,Dell Latitude 5430,Windows 11,Active,Assigned,2025-03-01,,,
AST-1353,EMP-07353,USR-5353,employee353@example.com,Employee 353,Finance,Gurugram,Laptop,Lenovo ThinkPad T14,Windows 10,On Leave,Assigned,2025-03-01,,,
AST-1354,EMP-07354,USR-5354,employee354@example.com,Employee 354,Customer Support,Hyderabad,Laptop,Lenovo ThinkPad T14,Windows 11,Active,Assigned,2025-03-01,,,
AST-1355,EMP-07355,USR-5355,employee355@example.com,Employee 355,Customer Support,Chennai,Laptop,HP EliteBook 840 G8,Windows 11,Active,Assigned,2025-03-01,,,
AST-1356,EMP-07356,USR-5356,employee356@example.com,Employee 356,IT,Gurugram,Laptop,Dell Latitude 5430,Windows 11,Active,Assigned,2025-03-01,,,
AST-1357,EMP-07357,USR-5357,employee357@example.com,Employee 357,HR,Noida,Laptop,HP ProBook 440 G9,Windows 11,On Leave,Assigned,2025-03-01,,,
AST-1358,EMP-07358,USR-5358,employee358@example.com,Employee 358,Customer Support,Pune,Laptop,Lenovo ThinkPad E14,Windows 10,Active,Assigned,2025-03-01,,,
AST-1359,EMP-07359,USR-5359,employee359@example.com,Employee 359,Finance,Bengaluru,Laptop,Lenovo ThinkPad T14,Windows 10,Active,Assigned,2025-03-01,,,
AST-1360,EMP-07360,USR-5360,employee360@example.com,Employee 360,Legal,Hyderabad,Laptop,Lenovo ThinkPad T14,Windows 10,Active,Assigned,2025-03-01,,,
AST-1361,EMP-07361,USR-5361,employee361@example.com,Employee 361,Sales,Bengaluru,Laptop,Lenovo ThinkPad T14,Windows 10,Active,Assigned,2025-03-01,,,
AST-1362,EMP-07362,USR-5362,employee362@example.com,Employee 362,Procurement,Gurugram,Laptop,Lenovo ThinkPad T14,Windows 11,Active,Assigned,2025-03-01,,,
AST-1363,EMP-07363,USR-5363,employee363@example.com,Employee 363,Engineering,Chennai,Laptop,Lenovo ThinkPad T14,Windows 10,Active,Assigned,2025-03-01,,,
AST-1364,EMP-07364,USR-5364,employee364@example.com,Employee 364,Procurement,Delhi,Laptop,Lenovo ThinkPad E14,Windows 11,Active,Assigned,2025-03-01,,,
AST-1365,EMP-07365,USR-5365,employee365@example.com,Employee 365,Operations,Pune,Laptop,Dell Latitude 5430,Windows 10,Active,Assigned,2025-03-01,,,
AST-1366,EMP-07366,USR-5366,employee366@example.com,Employee 366,Procurement,Noida,Laptop,Dell Latitude 5420,Windows 10,Active,Assigned,2025-03-01,,,
AST-1367,EMP-07367,USR-5367,employee367@example.com,Employee 367,Procurement,Mumbai,Laptop,HP ProBook 440 G9,Windows 11,Active,Assigned,2025-03-01,,,
AST-1368,EMP-07368,USR-5368,employee368@example.com,Employee 368,Legal,Chennai,Laptop,Lenovo ThinkPad T14,Windows 10,Active,Assigned,2025-03-01,,,
AST-1369,EMP-07369,USR-5369,employee369@example.com,Employee 369,Finance,Delhi,Laptop,Lenovo ThinkPad E14,Windows 10,Active,Assigned,2025-03-01,,,
AST-1370,EMP-07370,USR-5370,employee370@example.com,Employee 370,Procurement,Mumbai,Laptop,Dell Latitude 5430,Windows 11,Active,Assigned,2025-03-01,,,
AST-1371,EMP-07371,USR-5371,employee371@example.com,Employee 371,Operations,Gurugram,Laptop,Lenovo ThinkPad E14,Windows 11,Active,Assigned,2025-03-01,,,
AST-1372,EMP-07372,USR-5372,employee372@example.com,Employee 372,IT,Hyderabad,Laptop,HP ProBook 440 G9,Windows 10,Active,Assigned,2025-03-01,,,
AST-1373,EMP-07373,USR-5373,employee373@example.com,Employee 373,IT,Delhi,Laptop,Dell Latitude 5430,Windows 11,Active,Assigned,2025-03-01,,,
AST-1374,EMP-07374,USR-5374,employee374@example.com,Employee 374,Legal,Gurugram,Laptop,HP EliteBook 840 G8,Windows 10,Active,Assigned,2025-03-01,,,
AST-1375,EMP-07375,USR-5375,employee375@example.com,Employee 375,Engineering,Gurugram,Laptop,HP ProBook 440 G9,Windows 11,Active,Assigned,2025-03-01,,,
AST-1376,EMP-07376,USR-5376,employee376@example.com,Employee 376,HR,Gurugram,Laptop,Dell Latitude 5430,Windows 11,Active,Assigned,2025-03-01,,,
AST-1377,EMP-07377,USR-5377,employee377@example.com,Employee 377,Procurement,Chennai,Laptop,HP ProBook 440 G9,Windows 10,Active,Assigned,2025-03-01,,,
AST-1378,EMP-07378,USR-5378,employee378@example.com,Employee 378,Legal,Gurugram,Laptop,Dell Latitude 5420,Windows 10,Active,Assigned,2025-03-01,,,
AST-1379,EMP-07379,USR-5379,employee379@example.com,Employee 379,IT,Gurugram,Laptop,Lenovo ThinkPad E14,Windows 11,Active,Assigned,2025-03-01,,,
AST-1380,EMP-07380,USR-5380,employee380@example.com,Employee 380,Procurement,Mumbai,Laptop,HP ProBook 440 G9,Windows 11,On Leave,Assigned,2025-03-01,,,
AST-1381,EMP-07381,USR-5381,employee381@example.com,Employee 381,Engineering,Hyderabad,Laptop,Lenovo ThinkPad T14,Windows 11,Active,Assigned,2025-03-01,,,
AST-1382,EMP-07382,USR-5382,employee382@example.com,Employee 382,Finance,Noida,Laptop,HP EliteBook 840 G8,Windows 11,Active,Assigned,2025-03-01,,,
AST-1383,EMP-07383,USR-5383,employee383@example.com,Employee 383,Operations,Delhi,Laptop,Lenovo ThinkPad T14,Windows 11,Active,Assigned,2025-03-01,,,
AST-1384,EMP-07384,USR-5384,employee384@example.com,Employee 384,HR,Hyderabad,Laptop,Lenovo ThinkPad E14,Windows 10,Active,Assigned,2025-03-01,,,
AST-1385,EMP-07385,USR-5385,employee385@example.com,Employee 385,HR,Noida,Laptop,Dell Latitude 5430,Windows 11,Active,Assigned,2025-03-01,,,
AST-1386,EMP-07386,USR-5386,employee386@example.com,Employee 386,Customer Support,Delhi,Laptop,Dell Latitude 5430,Windows 10,Active,Assigned,2025-03-01,,,
AST-1387,EMP-07387,USR-5387,employee387@example.com,Employee 387,Legal,Pune,Laptop,HP ProBook 440 G9,Windows 11,Active,Assigned,2025-03-01,,,
AST-1388,EMP-07388,USR-5388,employee388@example.com,Employee 388,Engineering,Noida,Laptop,Dell Latitude 5430,Windows 11,Active,Assigned,2025-03-01,,,
AST-1389,EMP-07389,USR-5389,employee389@example.com,Employee 389,Finance,Bengaluru,Laptop,HP ProBook 440 G9,Windows 10,Active,Assigned,2025-03-01,,,
AST-1390,EMP-07390,USR-5390,employee390@example.com,Employee 390,Customer Support,Gurugram,Laptop,HP EliteBook 840 G8,Windows 11,Active,Assigned,2025-03-01,,,
AST-1391,EMP-07391,USR-5391,employee391@example.com,Employee 391,IT,Pune,Laptop,Lenovo ThinkPad T14,Windows 10,Active,Assigned,2025-03-01,,,
AST-1392,EMP-07392,USR-5392,employee392@example.com,Employee 392,HR,Bengaluru,Laptop,Dell Latitude 5430,Windows 11,Active,Assigned,2025-03-01,,,
AST-1393,EMP-07393,USR-5393,employee393@example.com,Employee 393,HR,Noida,Laptop,HP ProBook 440 G9,Windows 10,Active,Assigned,2025-03-01,,,
AST-1394,EMP-07394,USR-5394,employee394@example.com,Employee 394,Procurement,Noida,Laptop,HP EliteBook 840 G8,Windows 10,Active,Assigned,2025-03-01,,,
AST-1395,EMP-07395,USR-5395,employee395@example.com,Employee 395,Engineering,Pune,Laptop,Lenovo ThinkPad T14,Windows 10,Active,Assigned,2025-03-01,,,
AST-1396,EMP-07396,USR-5396,employee396@example.com,Employee 396,Legal,Noida,Laptop,Dell Latitude 5420,Windows 11,Active,Assigned,2025-03-01,,,
AST-1397,EMP-07397,USR-5397,employee397@example.com,Employee 397,IT,Pune,Laptop,HP EliteBook 840 G8,Windows 11,Active,Assigned,2025-03-01,,,
AST-1398,EMP-07398,USR-5398,employee398@example.com,Employee 398,Engineering,Bengaluru,Laptop,Dell Latitude 5420,Windows 10,Active,Assigned,2025-03-01,,,
AST-1399,EMP-07399,USR-5399,employee399@example.com,Employee 399,HR,Delhi,Laptop,Dell Latitude 5430,Windows 11,Active,Assigned,2025-03-01,,,
AST-1400,EMP-07400,USR-5400,employee400@example.com,Employee 400,Finance,Pune,Laptop,Lenovo ThinkPad T14,Windows 10,Active,Assigned,2025-03-01,,,
AST-1401,EMP-07401,USR-5401,employee401@example.com,Employee 401,Operations,Bengaluru,Laptop,Lenovo ThinkPad T14,Windows 10,Active,Assigned,2025-03-01,,,
AST-1402,EMP-07402,USR-5402,employee402@example.com,Employee 402,Legal,Gurugram,Laptop,Dell Latitude 5430,Windows 10,Active,Assigned,2025-03-01,,,
AST-1403,EMP-07403,USR-5403,employee403@example.com,Employee 403,Procurement,Mumbai,Laptop,HP ProBook 440 G9,Windows 11,Active,Assigned,2025-03-01,,,
AST-1404,EMP-07404,USR-5404,employee404@example.com,Employee 404,Engineering,Chennai,Laptop,HP ProBook 440 G9,Windows 10,Active,Assigned,2025-03-01,,,
AST-1405,EMP-07405,USR-5405,employee405@example.com,Employee 405,Operations,Mumbai,Laptop,Dell Latitude 5420,Windows 11,Active,Assigned,2025-03-01,,,
AST-1406,EMP-07406,USR-5406,employee406@example.com,Employee 406,Procurement,Bengaluru,Laptop,Dell Latitude 5430,Windows 11,Active,Assigned,2025-03-01,,,
AST-1407,EMP-07407,USR-5407,employee407@example.com,Employee 407,HR,Pune,Laptop,Dell Latitude 5420,Windows 11,Active,Assigned,2025-03-01,,,
AST-1408,EMP-07408,USR-5408,employee408@example.com,Employee 408,Operations,Delhi,Laptop,Lenovo ThinkPad E14,Windows 11,Active,Assigned,2025-03-01,,,
AST-1409,EMP-07409,USR-5409,employee409@example.com,Employee 409,Legal,Chennai,Laptop,Lenovo ThinkPad T14,Windows 10,Active,Assigned,2025-03-01,,,
AST-1410,EMP-07410,USR-5410,employee410@example.com,Employee 410,Legal,Pune,Laptop,Dell Latitude 5420,Windows 11,On Leave,Assigned,2025-03-01,,,
AST-1411,EMP-07411,USR-5411,employee411@example.com,Employee 411,Customer Support,Bengaluru,Laptop,Dell Latitude 5430,Windows 10,Active,Assigned,2025-03-01,,,
AST-1412,EMP-07412,USR-5412,employee412@example.com,Employee 412,Procurement,Mumbai,Laptop,Lenovo ThinkPad T14,Windows 10,Active,Assigned,2025-03-01,,,
AST-1413,EMP-07413,USR-5413,employee413@example.com,Employee 413,Operations,Bengaluru,Laptop,Lenovo ThinkPad E14,Windows 11,On Leave,Assigned,2025-03-01,,,
AST-1414,EMP-07414,USR-5414,employee414@example.com,Employee 414,Sales,Delhi,Laptop,HP EliteBook 840 G8,Windows 10,Active,Assigned,2025-03-01,,,
AST-1415,EMP-07415,USR-5415,employee415@example.com,Employee 415,IT,Delhi,Laptop,HP ProBook 440 G9,Windows 10,Active,Assigned,2025-03-01,,,
AST-1416,EMP-07416,USR-5416,employee416@example.com,Employee 416,HR,Hyderabad,Laptop,Lenovo ThinkPad E14,Windows 11,Active,Assigned,2025-03-01,,,
AST-1417,EMP-07417,USR-5417,employee417@example.com,Employee 417,Legal,Gurugram,Laptop,HP EliteBook 840 G8,Windows 11,Active,Assigned,2025-03-01,,,
AST-1418,EMP-07418,USR-5418,employee418@example.com,Employee 418,Customer Support,Pune,Laptop,HP EliteBook 840 G8,Windows 11,On Leave,Assigned,2025-03-01,,,
AST-1419,EMP-07419,USR-5419,employee419@example.com,Employee 419,Customer Support,Pune,Laptop,Dell Latitude 5420,Windows 11,Active,Assigned,2025-03-01,,,
AST-1420,EMP-07420,USR-5420,employee420@example.com,Employee 420,Legal,Noida,Laptop,Dell Latitude 5420,Windows 11,Active,Assigned,2025-03-01,,,
AST-1421,EMP-07421,USR-5421,employee421@example.com,Employee 421,Procurement,Chennai,Laptop,Lenovo ThinkPad T14,Windows 10,Active,Assigned,2025-03-01,,,
AST-1422,EMP-07422,USR-5422,employee422@example.com,Employee 422,IT,Noida,Laptop,HP EliteBook 840 G8,Windows 10,Active,Assigned,2025-03-01,,,
AST-1423,EMP-07423,USR-5423,employee423@example.com,Employee 423,Legal,Hyderabad,Laptop,HP EliteBook 840 G8,Windows 11,Active,Assigned,2025-03-01,,,
AST-1424,EMP-07424,USR-5424,employee424@example.com,Employee 424,Sales,Bengaluru,Laptop,Lenovo ThinkPad T14,Windows 10,Active,Assigned,2025-03-01,,,
AST-1425,EMP-07425,USR-5425,employee425@example.com,Employee 425,Procurement,Noida,Laptop,HP ProBook 440 G9,Windows 11,Active,Assigned,2025-03-01,,,
AST-1426,EMP-07426,USR-5426,employee426@example.com,Employee 426,Operations,Bengaluru,Laptop,Dell Latitude 5420,Windows 10,Active,Assigned,2025-03-01,,,
AST-1427,EMP-07427,USR-5427,employee427@example.com,Employee 427,Finance,Hyderabad,Laptop,Lenovo ThinkPad E14,Windows 11,Active,Assigned,2025-03-01,,,
AST-1428,EMP-07428,USR-5428,employee428@example.com,Employee 428,Engineering,Chennai,Laptop,Dell Latitude 5420,Windows 10,Active,Assigned,2025-03-01,,,
AST-1429,EMP-07429,USR-5429,employee429@example.com,Employee 429,Engineering,Hyderabad,Laptop,HP EliteBook 840 G8,Windows 11,Active,Assigned,2025-03-01,,,
AST-1430,EMP-07430,USR-5430,employee430@example.com,Employee 430,Customer Support,Gurugram,Laptop,Dell Latitude 5430,Windows 10,Active,Assigned,2025-03-01,,,
AST-1431,EMP-07431,USR-5431,employee431@example.com,Employee 431,Procurement,Noida,Laptop,Lenovo ThinkPad E14,Windows 10,Active,Assigned,2025-03-01,,,
AST-1432,EMP-07432,USR-5432,employee432@example.com,Employee 432,Legal,Delhi,Laptop,Dell Latitude 5430,Windows 11,Active,Assigned,2025-03-01,,,
AST-1433,EMP-07433,USR-5433,employee433@example.com,Employee 433,Engineering,Pune,Laptop,Lenovo ThinkPad E14,Windows 10,Active,Assigned,2025-03-01,,,
AST-1434,EMP-07434,USR-5434,employee434@example.com,Employee 434,Customer Support,Delhi,Laptop,Lenovo ThinkPad T14,Windows 11,Active,Assigned,2025-03-01,,,
AST-1435,EMP-07435,USR-5435,employee435@example.com,Employee 435,Customer Support,Pune,Laptop,Lenovo ThinkPad T14,Windows 10,Active,Assigned,2025-03-01,,,
AST-1436,EMP-07436,USR-5436,employee436@example.com,Employee 436,HR,Delhi,Laptop,Dell Latitude 5420,Windows 11,Active,Assigned,2025-03-01,,,
AST-1437,EMP-07437,USR-5437,employee437@example.com,Employee 437,Procurement,Delhi,Laptop,Dell Latitude 5420,Windows 11,Active,Assigned,2025-03-01,,,
AST-1438,EMP-07438,USR-5438,employee438@example.com,Employee 438,Sales,Mumbai,Laptop,Lenovo ThinkPad T14,Windows 11,Active,Assigned,2025-03-01,,,
AST-1439,EMP-07439,USR-5439,employee439@example.com,Employee 439,Sales,Hyderabad,Laptop,Lenovo ThinkPad T14,Windows 11,Active,Assigned,2025-03-01,,,
AST-1440,EMP-07440,USR-5440,employee440@example.com,Employee 440,IT,Bengaluru,Laptop,Lenovo ThinkPad E14,Windows 11,Active,Assigned,2025-03-01,,,
AST-1441,EMP-07441,USR-5441,employee441@example.com,Employee 441,Procurement,Mumbai,Laptop,Lenovo ThinkPad T14,Windows 10,Active,Assigned,2025-03-01,,,
AST-1442,EMP-07442,USR-5442,employee442@example.com,Employee 442,HR,Mumbai,Laptop,HP EliteBook 840 G8,Windows 11,Active,Assigned,2025-03-01,,,
AST-1443,EMP-07443,USR-5443,employee443@example.com,Employee 443,Finance,Noida,Laptop,HP ProBook 440 G9,Windows 10,Active,Assigned,2025-03-01,,,
AST-1444,EMP-07444,USR-5444,employee444@example.com,Employee 444,Sales,Mumbai,Laptop,Lenovo ThinkPad T14,Windows 10,Active,Assigned,2025-03-01,,,
AST-1445,EMP-07445,USR-5445,employee445@example.com,Employee 445,Procurement,Hyderabad,Laptop,Lenovo ThinkPad E14,Windows 10,Active,Assigned,2025-03-01,,,
AST-1446,EMP-07446,USR-5446,employee446@example.com,Employee 446,Sales,Hyderabad,Laptop,Dell Latitude 5420,Windows 11,Active,Assigned,2025-03-01,,,
AST-1447,EMP-07447,USR-5447,employee447@example.com,Employee 447,Operations,Gurugram,Laptop,HP ProBook 440 G9,Windows 10,Active,Assigned,2025-03-01,,,
AST-1448,EMP-07448,USR-5448,employee448@example.com,Employee 448,IT,Gurugram,Laptop,Lenovo ThinkPad T14,Windows 10,Active,Assigned,2025-03-01,,,
AST-1449,EMP-07449,USR-5449,employee449@example.com,Employee 449,HR,Mumbai,Laptop,HP ProBook 440 G9,Windows 10,Active,Assigned,2025-03-01,,,
AST-1450,EMP-07450,USR-5450,employee450@example.com,Employee 450,Operations,Pune,Laptop,HP EliteBook 840 G8,Windows 11,Active,Assigned,2025-03-01,,,
AST-1451,EMP-07451,USR-5451,employee451@example.com,Employee 451,Operations,Mumbai,Laptop,Lenovo ThinkPad T14,Windows 11,Active,Assigned,2025-03-01,,,
AST-1452,EMP-07452,USR-5452,employee452@example.com,Employee 452,Finance,Noida,Laptop,Dell Latitude 5420,Windows 11,Active,Assigned,2025-03-01,,,
AST-1453,EMP-07453,USR-5453,employee453@example.com,Employee 453,Sales,Mumbai,Laptop,Dell Latitude 5430,Windows 10,Active,Assigned,2025-03-01,,,
AST-1454,EMP-07454,USR-5454,employee454@example.com,Employee 454,Sales,Chennai,Laptop,HP ProBook 440 G9,Windows 10,Active,Assigned,2025-03-01,,,
AST-1455,EMP-07455,USR-5455,employee455@example.com,Employee 455,Procurement,Chennai,Laptop,HP ProBook 440 G9,Windows 10,Active,Assigned,2025-03-01,,,
AST-1456,EMP-07456,USR-5456,employee456@example.com,Employee 456,Legal,Gurugram,Laptop,HP EliteBook 840 G8,Windows 10,Active,Assigned,2025-03-01,,,
AST-1457,EMP-07457,USR-5457,employee457@example.com,Employee 457,Procurement,Bengaluru,Laptop,Lenovo ThinkPad E14,Windows 11,Active,Assigned,2025-03-01,,,
AST-1458,EMP-07458,USR-5458,employee458@example.com,Employee 458,Engineering,Gurugram,Laptop,Lenovo ThinkPad T14,Windows 11,Active,Assigned,2025-03-01,,,
AST-1459,EMP-07459,USR-5459,employee459@example.com,Employee 459,Legal,Mumbai,Laptop,HP ProBook 440 G9,Windows 10,Active,Assigned,2025-03-01,,,
AST-1460,EMP-07460,USR-5460,employee460@example.com,Employee 460,Engineering,Pune,Laptop,HP ProBook 440 G9,Windows 11,Active,Assigned,2025-03-01,,,
AST-1461,EMP-07461,USR-5461,employee461@example.com,Employee 461,Procurement,Gurugram,Laptop,Lenovo ThinkPad T14,Windows 10,Active,Assigned,2025-03-01,,,
AST-1462,EMP-07462,USR-5462,employee462@example.com,Employee 462,Customer Support,Mumbai,Laptop,Dell Latitude 5420,Windows 11,On Leave,Assigned,2025-03-01,,,
AST-1463,EMP-07463,USR-5463,employee463@example.com,Employee 463,Operations,Noida,Laptop,HP ProBook 440 G9,Windows 10,Active,Assigned,2025-03-01,,,
AST-1464,EMP-07464,USR-5464,employee464@example.com,Employee 464,Finance,Gurugram,Laptop,Lenovo ThinkPad E14,Windows 10,Active,Assigned,2025-03-01,,,
AST-1465,EMP-07465,USR-5465,employee465@example.com,Employee 465,Legal,Noida,Laptop,HP ProBook 440 G9,Windows 11,Active,Assigned,2025-03-01,,,
AST-1466,EMP-07466,USR-5466,employee466@example.com,Employee 466,Operations,Pune,Laptop,HP ProBook 440 G9,Windows 11,Active,Assigned,2025-03-01,,,
AST-1467,EMP-07467,USR-5467,employee467@example.com,Employee 467,Customer Support,Pune,Laptop,HP ProBook 440 G9,Windows 10,Active,Assigned,2025-03-01,,,
AST-1468,EMP-07468,USR-5468,employee468@example.com,Employee 468,Customer Support,Pune,Laptop,Lenovo ThinkPad T14,Windows 10,Active,Assigned,2025-03-01,,,
AST-1469,EMP-07469,USR-5469,employee469@example.com,Employee 469,Sales,Pune,Laptop,Dell Latitude 5430,Windows 10,Active,Assigned,2025-03-01,,,
AST-1470,EMP-07470,USR-5470,employee470@example.com,Employee 470,Sales,Delhi,Laptop,HP EliteBook 840 G8,Windows 11,Active,Assigned,2025-03-01,,,
AST-1471,EMP-07471,USR-5471,employee471@example.com,Employee 471,HR,Noida,Laptop,Lenovo ThinkPad T14,Windows 10,On Leave,Assigned,2025-03-01,,,
AST-1472,EMP-07472,USR-5472,employee472@example.com,Employee 472,HR,Noida,Laptop,Lenovo ThinkPad T14,Windows 10,Active,Assigned,2025-03-01,,,
AST-1473,EMP-07473,USR-5473,employee473@example.com,Employee 473,Procurement,Delhi,Laptop,Lenovo ThinkPad E14,Windows 11,Active,Assigned,2025-03-01,,,
AST-1474,EMP-07474,USR-5474,employee474@example.com,Employee 474,Legal,Chennai,Laptop,HP EliteBook 840 G8,Windows 10,Active,Assigned,2025-03-01,,,
AST-1475,EMP-07475,USR-5475,employee475@example.com,Employee 475,Customer Support,Mumbai,Laptop,HP ProBook 440 G9,Windows 11,Active,Assigned,2025-03-01,,,
AST-1476,EMP-07476,USR-5476,employee476@example.com,Employee 476,Operations,Mumbai,Laptop,Lenovo ThinkPad E14,Windows 10,Active,Assigned,2025-03-01,,,
AST-1477,EMP-07477,USR-5477,employee477@example.com,Employee 477,Procurement,Bengaluru,Laptop,Lenovo ThinkPad E14,Windows 11,Active,Assigned,2025-03-01,,,
AST-1478,EMP-07478,USR-5478,employee478@example.com,Employee 478,HR,Gurugram,Laptop,Dell Latitude 5420,Windows 10,Active,Assigned,2025-03-01,,,
AST-1479,EMP-07479,USR-5479,employee479@example.com,Employee 479,Engineering,Gurugram,Laptop,Lenovo ThinkPad E14,Windows 11,Active,Assigned,2025-03-01,,,
AST-1480,EMP-07480,USR-5480,employee480@example.com,Employee 480,Sales,Delhi,Laptop,HP ProBook 440 G9,Windows 11,Active,Assigned,2025-03-01,,,
AST-1481,EMP-07481,USR-5481,employee481@example.com,Employee 481,IT,Chennai,Laptop,Dell Latitude 5420,Windows 10,Active,Assigned,2025-03-01,,,
AST-1482,EMP-07482,USR-5482,employee482@example.com,Employee 482,Sales,Chennai,Laptop,Dell Latitude 5420,Windows 11,Active,Assigned,2025-03-01,,,
AST-1483,EMP-07483,USR-5483,employee483@example.com,Employee 483,Customer Support,Chennai,Laptop,HP ProBook 440 G9,Windows 11,Active,Assigned,2025-03-01,,,
AST-1484,EMP-07484,USR-5484,employee484@example.com,Employee 484,Customer Support,Mumbai,Laptop,HP EliteBook 840 G8,Windows 11,Active,Assigned,2025-03-01,,,
AST-1485,EMP-07485,USR-5485,employee485@example.com,Employee 485,Sales,Bengaluru,Laptop,Dell Latitude 5430,Windows 10,Active,Assigned,2025-03-01,,,
AST-1486,EMP-07486,USR-5486,employee486@example.com,Employee 486,Engineering,Bengaluru,Laptop,Dell Latitude 5430,Windows 10,Active,Assigned,2025-03-01,,,
AST-1487,EMP-07487,USR-5487,employee487@example.com,Employee 487,Engineering,Delhi,Laptop,Dell Latitude 5420,Windows 11,Active,Assigned,2025-03-01,,,
AST-1488,EMP-07488,USR-5488,employee488@example.com,Employee 488,Customer Support,Noida,Laptop,Lenovo ThinkPad E14,Windows 10,Active,Assigned,2025-03-01,,,
AST-1489,EMP-07489,USR-5489,employee489@example.com,Employee 489,IT,Delhi,Laptop,Dell Latitude 5430,Windows 10,Active,Assigned,2025-03-01,,,
AST-1490,EMP-07490,USR-5490,employee490@example.com,Employee 490,Operations,Gurugram,Laptop,Dell Latitude 5430,Windows 11,Active,Assigned,2025-03-01,,,
AST-1491,EMP-07491,USR-5491,employee491@example.com,Employee 491,Operations,Delhi,Laptop,Lenovo ThinkPad T14,Windows 10,Active,Assigned,2025-03-01,,,
AST-1492,EMP-07492,USR-5492,employee492@example.com,Employee 492,Finance,Noida,Laptop,Dell Latitude 5420,Windows 11,Active,Assigned,2025-03-01,,,
AST-1493,EMP-07493,USR-5493,employee493@example.com,Employee 493,Engineering,Noida,Laptop,Dell Latitude 5430,Windows 10,Active,Assigned,2025-03-01,,,
AST-1494,EMP-07494,USR-5494,employee494@example.com,Employee 494,HR,Pune,Laptop,HP EliteBook 840 G8,Windows 11,Active,Assigned,2025-03-01,,,
AST-1495,EMP-07495,USR-5495,employee495@example.com,Employee 495,Customer Support,Bengaluru,Laptop,HP ProBook 440 G9,Windows 10,Active,Assigned,2025-03-01,,,
AST-1496,EMP-07496,USR-5496,employee496@example.com,Employee 496,Finance,Delhi,Laptop,Lenovo ThinkPad E14,Windows 11,Active,Assigned,2025-03-01,,,
AST-1497,EMP-07497,USR-5497,employee497@example.com,Employee 497,IT,Noida,Laptop,Dell Latitude 5420,Windows 11,Active,Assigned,2025-03-01,,,
AST-1498,EMP-07498,USR-5498,employee498@example.com,Employee 498,Procurement,Bengaluru,Laptop,Dell Latitude 5420,Windows 11,Active,Assigned,2025-03-01,,,
AST-1499,EMP-07499,USR-5499,employee499@example.com,Employee 499,Legal,Noida,Laptop,Dell Latitude 5430,Windows 11,On Leave,Assigned,2025-03-01,,,
AST-1500,EMP-07500,USR-5500,employee500@example.com,Employee 500,Finance,Delhi,Laptop,HP EliteBook 840 G8,Windows 10,Active,Assigned,2025-03-01,,,
AST-1501,EMP-07501,USR-5501,employee501@example.com,Employee 501,IT,Bengaluru,Laptop,Dell Latitude 5420,Windows 11,Active,Assigned,2025-03-01,,,
AST-1502,EMP-07502,USR-5502,employee502@example.com,Employee 502,Operations,Bengaluru,Laptop,HP EliteBook 840 G8,Windows 11,Active,Assigned,2025-03-01,,,
AST-1503,EMP-07503,USR-5503,employee503@example.com,Employee 503,Engineering,Delhi,Laptop,HP ProBook 440 G9,Windows 11,On Leave,Assigned,2025-03-01,,,
AST-1504,EMP-07504,USR-5504,employee504@example.com,Employee 504,Legal,Bengaluru,Laptop,Dell Latitude 5430,Windows 11,Active,Assigned,2025-03-01,,,
AST-1505,EMP-07505,USR-5505,employee505@example.com,Employee 505,Engineering,Noida,Laptop,Lenovo ThinkPad E14,Windows 11,Active,Assigned,2025-03-01,,,
AST-1506,EMP-07506,USR-5506,employee506@example.com,Employee 506,Procurement,Delhi,Laptop,HP EliteBook 840 G8,Windows 11,Active,Assigned,2025-03-01,,,
AST-1507,EMP-07507,USR-5507,employee507@example.com,Employee 507,Finance,Mumbai,Laptop,Dell Latitude 5420,Windows 10,Active,Assigned,2025-03-01,,,
AST-1508,EMP-07508,USR-5508,employee508@example.com,Employee 508,Operations,Noida,Laptop,HP EliteBook 840 G8,Windows 10,Active,Assigned,2025-03-01,,,
AST-1509,EMP-07509,USR-5509,employee509@example.com,Employee 509,Sales,Hyderabad,Laptop,HP EliteBook 840 G8,Windows 10,Active,Assigned,2025-03-01,,,
AST-1510,EMP-07510,USR-5510,employee510@example.com,Employee 510,Customer Support,Pune,Laptop,HP ProBook 440 G9,Windows 11,Active,Assigned,2025-03-01,,,
AST-1511,EMP-07511,USR-5511,employee511@example.com,Employee 511,Legal,Noida,Laptop,HP EliteBook 840 G8,Windows 10,Active,Assigned,2025-03-01,,,
AST-1512,EMP-07512,USR-5512,employee512@example.com,Employee 512,Customer Support,Noida,Laptop,HP ProBook 440 G9,Windows 11,Active,Assigned,2025-03-01,,,
AST-1513,EMP-07513,USR-5513,employee513@example.com,Employee 513,Procurement,Mumbai,Laptop,HP ProBook 440 G9,Windows 11,Active,Assigned,2025-03-01,,,
AST-1514,EMP-07514,USR-5514,employee514@example.com,Employee 514,Finance,Noida,Laptop,HP EliteBook 840 G8,Windows 11,Active,Assigned,2025-03-01,,,
AST-1515,EMP-07515,USR-5515,employee515@example.com,Employee 515,HR,Delhi,Laptop,HP EliteBook 840 G8,Windows 10,Active,Assigned,2025-03-01,,,
AST-1516,EMP-07516,USR-5516,employee516@example.com,Employee 516,Customer Support,Noida,Laptop,Lenovo ThinkPad T14,Windows 11,Active,Assigned,2025-03-01,,,
AST-1517,EMP-07517,USR-5517,employee517@example.com,Employee 517,Customer Support,Mumbai,Laptop,Lenovo ThinkPad E14,Windows 11,On Leave,Assigned,2025-03-01,,,
AST-1518,EMP-07518,USR-5518,employee518@example.com,Employee 518,HR,Chennai,Laptop,Dell Latitude 5420,Windows 10,Active,Assigned,2025-03-01,,,
AST-1519,EMP-07519,USR-5519,employee519@example.com,Employee 519,Operations,Bengaluru,Laptop,HP EliteBook 840 G8,Windows 10,Active,Assigned,2025-03-01,,,
AST-1520,EMP-07520,USR-5520,employee520@example.com,Employee 520,Procurement,Delhi,Laptop,Lenovo ThinkPad E14,Windows 11,Active,Assigned,2025-03-01,,,
AST-1521,EMP-07521,USR-5521,employee521@example.com,Employee 521,Customer Support,Gurugram,Laptop,Dell Latitude 5430,Windows 11,Active,Assigned,2025-03-01,,,
AST-1522,EMP-07522,USR-5522,employee522@example.com,Employee 522,HR,Noida,Laptop,Dell Latitude 5430,Windows 11,Active,Assigned,2025-03-01,,,
AST-1523,EMP-07523,USR-5523,employee523@example.com,Employee 523,Sales,Hyderabad,Laptop,Dell Latitude 5430,Windows 11,On Leave,Assigned,2025-03-01,,,
AST-1524,EMP-07524,USR-5524,employee524@example.com,Employee 524,Sales,Pune,Laptop,HP ProBook 440 G9,Windows 11,Active,Assigned,2025-03-01,,,
AST-1525,EMP-07525,USR-5525,employee525@example.com,Employee 525,Sales,Hyderabad,Laptop,Dell Latitude 5430,Windows 11,Active,Assigned,2025-03-01,,,
AST-1526,EMP-07526,USR-5526,employee526@example.com,Employee 526,Legal,Pune,Laptop,Lenovo ThinkPad E14,Windows 11,Active,Assigned,2025-03-01,,,
AST-1527,EMP-07527,USR-5527,employee527@example.com,Employee 527,Procurement,Chennai,Laptop,Lenovo ThinkPad E14,Windows 10,On Leave,Assigned,2025-03-01,,,
AST-1528,EMP-07528,USR-5528,employee528@example.com,Employee 528,HR,Bengaluru,Laptop,Lenovo ThinkPad E14,Windows 10,Active,Assigned,2025-03-01,,,
AST-1529,EMP-07529,USR-5529,employee529@example.com,Employee 529,Procurement,Gurugram,Laptop,Lenovo ThinkPad T14,Windows 11,Active,Assigned,2025-03-01,,,
AST-1530,EMP-07530,USR-5530,employee530@example.com,Employee 530,IT,Bengaluru,Laptop,Dell Latitude 5430,Windows 10,Active,Assigned,2025-03-01,,,
AST-1531,EMP-07531,USR-5531,employee531@example.com,Employee 531,Engineering,Mumbai,Laptop,Dell Latitude 5430,Windows 11,Active,Assigned,2025-03-01,,,
AST-1532,EMP-07532,USR-5532,employee532@example.com,Employee 532,HR,Hyderabad,Laptop,Lenovo ThinkPad E14,Windows 10,Active,Assigned,2025-03-01,,,
AST-1533,EMP-07533,USR-5533,employee533@example.com,Employee 533,Sales,Delhi,Laptop,Dell Latitude 5420,Windows 11,Active,Assigned,2025-03-01,,,
AST-1534,EMP-07534,USR-5534,employee534@example.com,Employee 534,Finance,Gurugram,Laptop,Dell Latitude 5430,Windows 11,Active,Assigned,2025-03-01,,,
AST-1535,EMP-07535,USR-5535,employee535@example.com,Employee 535,Finance,Bengaluru,Laptop,Lenovo ThinkPad E14,Windows 10,Active,Assigned,2025-03-01,,,
AST-1536,EMP-07536,USR-5536,employee536@example.com,Employee 536,Engineering,Mumbai,Laptop,Lenovo ThinkPad E14,Windows 10,Active,Assigned,2025-03-01,,,
AST-1537,EMP-07537,USR-5537,employee537@example.com,Employee 537,Procurement,Gurugram,Laptop,HP ProBook 440 G9,Windows 10,Active,Assigned,2025-03-01,,,
AST-1538,EMP-07538,USR-5538,employee538@example.com,Employee 538,Legal,Pune,Laptop,HP ProBook 440 G9,Windows 11,Active,Assigned,2025-03-01,,,
AST-1539,EMP-07539,USR-5539,employee539@example.com,Employee 539,Engineering,Mumbai,Laptop,Dell Latitude 5430,Windows 10,Active,Assigned,2025-03-01,,,
AST-1540,EMP-07540,USR-5540,employee540@example.com,Employee 540,HR,Noida,Laptop,Dell Latitude 5420,Windows 11,Active,Assigned,2025-03-01,,,
AST-1541,EMP-07541,USR-5541,employee541@example.com,Employee 541,Sales,Hyderabad,Laptop,HP EliteBook 840 G8,Windows 11,Active,Assigned,2025-03-01,,,
AST-1542,EMP-07542,USR-5542,employee542@example.com,Employee 542,Engineering,Bengaluru,Laptop,Lenovo ThinkPad E14,Windows 10,Active,Assigned,2025-03-01,,,
AST-1543,EMP-07543,USR-5543,employee543@example.com,Employee 543,HR,Gurugram,Laptop,Lenovo ThinkPad E14,Windows 11,Active,Assigned,2025-03-01,,,
AST-1544,EMP-07544,USR-5544,employee544@example.com,Employee 544,Finance,Hyderabad,Laptop,Dell Latitude 5420,Windows 11,Active,Assigned,2025-03-01,,,
AST-1545,EMP-07545,USR-5545,employee545@example.com,Employee 545,IT,Chennai,Laptop,HP ProBook 440 G9,Windows 10,Active,Assigned,2025-03-01,,,
AST-1546,EMP-07546,USR-5546,employee546@example.com,Employee 546,IT,Delhi,Laptop,HP ProBook 440 G9,Windows 11,Active,Assigned,2025-03-01,,,
AST-1547,EMP-07547,USR-5547,employee547@example.com,Employee 547,IT,Mumbai,Laptop,HP EliteBook 840 G8,Windows 10,Active,Assigned,2025-03-01,,,
AST-1548,EMP-07548,USR-5548,employee548@example.com,Employee 548,Operations,Bengaluru,Laptop,Lenovo ThinkPad E14,Windows 11,Active,Assigned,2025-03-01,,,
AST-1549,EMP-07549,USR-5549,employee549@example.com,Employee 549,Legal,Hyderabad,Laptop,HP EliteBook 840 G8,Windows 10,On Leave,Assigned,2025-03-01,,,
AST-1550,EMP-07550,USR-5550,employee550@example.com,Employee 550,Operations,Mumbai,Laptop,HP ProBook 440 G9,Windows 11,Active,Assigned,2025-03-01,,,
AST-1551,EMP-07551,USR-5551,employee551@example.com,Employee 551,Customer Support,Bengaluru,Laptop,HP EliteBook 840 G8,Windows 11,Active,Assigned,2025-03-01,,,
AST-1552,EMP-07552,USR-5552,employee552@example.com,Employee 552,Sales,Gurugram,Laptop,Lenovo ThinkPad T14,Windows 11,Active,Assigned,2025-03-01,,,
AST-1553,EMP-07553,USR-5553,employee553@example.com,Employee 553,Legal,Pune,Laptop,Lenovo ThinkPad T14,Windows 11,Active,Assigned,2025-03-01,,,
AST-1554,EMP-07554,USR-5554,employee554@example.com,Employee 554,Engineering,Pune,Laptop,Lenovo ThinkPad E14,Windows 11,Active,Assigned,2025-03-01,,,
AST-1555,EMP-07555,USR-5555,employee555@example.com,Employee 555,Legal,Mumbai,Laptop,Dell Latitude 5420,Windows 10,Active,Assigned,2025-03-01,,,
AST-1556,EMP-07556,USR-5556,employee556@example.com,Employee 556,Operations,Delhi,Laptop,Dell Latitude 5430,Windows 11,Active,Assigned,2025-03-01,,,
AST-1557,EMP-07557,USR-5557,employee557@example.com,Employee 557,Sales,Pune,Laptop,Lenovo ThinkPad E14,Windows 10,Active,Assigned,2025-03-01,,,
AST-1558,EMP-07558,USR-5558,employee558@example.com,Employee 558,HR,Hyderabad,Laptop,HP EliteBook 840 G8,Windows 10,Active,Assigned,2025-03-01,,,
AST-1559,EMP-07559,USR-5559,employee559@example.com,Employee 559,Customer Support,Pune,Laptop,HP ProBook 440 G9,Windows 10,Active,Assigned,2025-03-01,,,
AST-1560,EMP-07560,USR-5560,employee560@example.com,Employee 560,Operations,Noida,Laptop,Dell Latitude 5420,Windows 10,Active,Assigned,2025-03-01,,,
AST-1561,EMP-07561,USR-5561,employee561@example.com,Employee 561,Legal,Chennai,Laptop,Lenovo ThinkPad E14,Windows 10,Active,Assigned,2025-03-01,,,
AST-1562,EMP-07562,USR-5562,employee562@example.com,Employee 562,Finance,Delhi,Laptop,Lenovo ThinkPad E14,Windows 10,Active,Assigned,2025-03-01,,,
AST-1563,EMP-07563,USR-5563,employee563@example.com,Employee 563,Legal,Delhi,Laptop,HP ProBook 440 G9,Windows 11,Active,Assigned,2025-03-01,,,
AST-1564,EMP-07564,USR-5564,employee564@example.com,Employee 564,Legal,Delhi,Laptop,HP EliteBook 840 G8,Windows 10,Active,Assigned,2025-03-01,,,
AST-1565,EMP-07565,USR-5565,employee565@example.com,Employee 565,Sales,Gurugram,Laptop,HP EliteBook 840 G8,Windows 11,Active,Assigned,2025-03-01,,,
AST-1566,EMP-07566,USR-5566,employee566@example.com,Employee 566,IT,Delhi,Laptop,HP ProBook 440 G9,Windows 10,Active,Assigned,2025-03-01,,,
AST-1567,EMP-07567,USR-5567,employee567@example.com,Employee 567,Legal,Mumbai,Laptop,HP ProBook 440 G9,Windows 11,Active,Assigned,2025-03-01,,,
AST-1568,EMP-07568,USR-5568,employee568@example.com,Employee 568,IT,Hyderabad,Laptop,HP ProBook 440 G9,Windows 10,Active,Assigned,2025-03-01,,,
AST-1569,EMP-07569,USR-5569,employee569@example.com,Employee 569,Sales,Noida,Laptop,Dell Latitude 5420,Windows 11,Active,Assigned,2025-03-01,,,
AST-1570,EMP-07570,USR-5570,employee570@example.com,Employee 570,Legal,Chennai,Laptop,Lenovo ThinkPad E14,Windows 11,Active,Assigned,2025-03-01,,,
AST-1571,EMP-07571,USR-5571,employee571@example.com,Employee 571,Legal,Bengaluru,Laptop,Lenovo ThinkPad T14,Windows 10,Active,Assigned,2025-03-01,,,
AST-1572,EMP-07572,USR-5572,employee572@example.com,Employee 572,Operations,Chennai,Laptop,Dell Latitude 5430,Windows 11,Active,Assigned,2025-03-01,,,
AST-1573,EMP-07573,USR-5573,employee573@example.com,Employee 573,Legal,Hyderabad,Laptop,Lenovo ThinkPad E14,Windows 11,Active,Assigned,2025-03-01,,,
AST-1574,EMP-07574,USR-5574,employee574@example.com,Employee 574,Customer Support,Hyderabad,Laptop,HP EliteBook 840 G8,Windows 11,On Leave,Assigned,2025-03-01,,,
AST-1575,EMP-07575,USR-5575,employee575@example.com,Employee 575,Engineering,Noida,Laptop,Dell Latitude 5420,Windows 11,Active,Assigned,2025-03-01,,,
AST-1576,EMP-07576,USR-5576,employee576@example.com,Employee 576,Legal,Pune,Laptop,HP EliteBook 840 G8,Windows 11,Active,Assigned,2025-03-01,,,
AST-1577,EMP-07577,USR-5577,employee577@example.com,Employee 577,IT,Delhi,Laptop,Dell Latitude 5430,Windows 10,On Leave,Assigned,2025-03-01,,,
AST-1578,EMP-07578,USR-5578,employee578@example.com,Employee 578,Customer Support,Chennai,Laptop,HP ProBook 440 G9,Windows 11,Active,Assigned,2025-03-01,,,
AST-1579,EMP-07579,USR-5579,employee579@example.com,Employee 579,Sales,Bengaluru,Laptop,Lenovo ThinkPad T14,Windows 10,Active,Assigned,2025-03-01,,,
AST-1580,EMP-07580,USR-5580,employee580@example.com,Employee 580,HR,Hyderabad,Laptop,HP EliteBook 840 G8,Windows 10,On Leave,Assigned,2025-03-01,,,
AST-1581,EMP-07581,USR-5581,employee581@example.com,Employee 581,Finance,Mumbai,Laptop,Dell Latitude 5420,Windows 11,Active,Assigned,2025-03-01,,,
AST-1582,EMP-07582,USR-5582,employee582@example.com,Employee 582,Sales,Mumbai,Laptop,Dell Latitude 5420,Windows 10,Active,Assigned,2025-03-01,,,
AST-1583,EMP-07583,USR-5583,employee583@example.com,Employee 583,Finance,Bengaluru,Laptop,Dell Latitude 5430,Windows 11,Active,Assigned,2025-03-01,,,
AST-1584,EMP-07584,USR-5584,employee584@example.com,Employee 584,Sales,Noida,Laptop,HP EliteBook 840 G8,Windows 10,Active,Assigned,2025-03-01,,,
AST-1585,EMP-07585,USR-5585,employee585@example.com,Employee 585,Legal,Mumbai,Laptop,Lenovo ThinkPad T14,Windows 10,Active,Assigned,2025-03-01,,,
AST-1586,EMP-07586,USR-5586,employee586@example.com,Employee 586,IT,Chennai,Laptop,Lenovo ThinkPad T14,Windows 10,Active,Assigned,2025-03-01,,,
AST-1587,EMP-07587,USR-5587,employee587@example.com,Employee 587,Customer Support,Hyderabad,Laptop,HP EliteBook 840 G8,Windows 10,Active,Assigned,2025-03-01,,,
AST-1588,EMP-07588,USR-5588,employee588@example.com,Employee 588,HR,Delhi,Laptop,Dell Latitude 5420,Windows 11,Active,Assigned,2025-03-01,,,
AST-1589,EMP-07589,USR-5589,employee589@example.com,Employee 589,Engineering,Pune,Laptop,HP EliteBook 840 G8,Windows 10,Active,Assigned,2025-03-01,,,
AST-1590,EMP-07590,USR-5590,employee590@example.com,Employee 590,HR,Delhi,Laptop,Dell Latitude 5430,Windows 11,On Leave,Assigned,2025-03-01,,,
AST-1591,EMP-07591,USR-5591,employee591@example.com,Employee 591,Legal,Pune,Laptop,Dell Latitude 5420,Windows 10,Active,Assigned,2025-03-01,,,
AST-1592,EMP-07592,USR-5592,employee592@example.com,Employee 592,Operations,Hyderabad,Laptop,Lenovo ThinkPad E14,Windows 10,Active,Assigned,2025-03-01,,,
AST-1593,EMP-07593,USR-5593,employee593@example.com,Employee 593,Engineering,Delhi,Laptop,HP ProBook 440 G9,Windows 10,Active,Assigned,2025-03-01,,,
AST-1594,EMP-07594,USR-5594,employee594@example.com,Employee 594,Engineering,Pune,Laptop,Dell Latitude 5420,Windows 11,Active,Assigned,2025-03-01,,,
AST-1595,EMP-07595,USR-5595,employee595@example.com,Employee 595,Customer Support,Delhi,Laptop,HP ProBook 440 G9,Windows 11,Active,Assigned,2025-03-01,,,
AST-1596,EMP-07596,USR-5596,employee596@example.com,Employee 596,Legal,Delhi,Laptop,Dell Latitude 5430,Windows 11,Active,Assigned,2025-03-01,,,
AST-1597,EMP-07597,USR-5597,employee597@example.com,Employee 597,Sales,Hyderabad,Laptop,HP ProBook 440 G9,Windows 11,Active,Assigned,2025-03-01,,,
AST-1598,EMP-07598,USR-5598,employee598@example.com,Employee 598,IT,Bengaluru,Laptop,Dell Latitude 5430,Windows 11,Active,Assigned,2025-03-01,,,
AST-1599,EMP-07599,USR-5599,employee599@example.com,Employee 599,Sales,Mumbai,Laptop,Lenovo ThinkPad E14,Windows 10,Active,Assigned,2025-03-01,,,
AST-1600,EMP-07600,USR-5600,employee600@example.com,Employee 600,Operations,Chennai,Laptop,HP EliteBook 840 G8,Windows 11,Active,Assigned,2025-03-01,,,
AST-1601,EMP-07601,USR-5601,employee601@example.com,Employee 601,Engineering,Chennai,Laptop,Dell Latitude 5420,Windows 10,Active,Assigned,2025-03-01,,,
AST-1602,EMP-07602,USR-5602,employee602@example.com,Employee 602,Operations,Mumbai,Laptop,Dell Latitude 5430,Windows 11,Active,Assigned,2025-03-01,,,
AST-1603,EMP-07603,USR-5603,employee603@example.com,Employee 603,Operations,Chennai,Laptop,HP ProBook 440 G9,Windows 10,Active,Assigned,2025-03-01,,,
AST-1604,EMP-07604,USR-5604,employee604@example.com,Employee 604,Operations,Noida,Laptop,Lenovo ThinkPad T14,Windows 11,Active,Assigned,2025-03-01,,,
AST-1605,EMP-07605,USR-5605,employee605@example.com,Employee 605,Engineering,Noida,Laptop,Dell Latitude 5420,Windows 10,Active,Assigned,2025-03-01,,,
AST-1606,EMP-07606,USR-5606,employee606@example.com,Employee 606,Finance,Pune,Laptop,HP ProBook 440 G9,Windows 11,Active,Assigned,2025-03-01,,,
AST-1607,EMP-07607,USR-5607,employee607@example.com,Employee 607,IT,Hyderabad,Laptop,HP ProBook 440 G9,Windows 10,Active,Assigned,2025-03-01,,,
AST-1608,EMP-07608,USR-5608,employee608@example.com,Employee 608,Operations,Pune,Laptop,Dell Latitude 5420,Windows 10,Active,Assigned,2025-03-01,,,
AST-1609,EMP-07609,USR-5609,employee609@example.com,Employee 609,Customer Support,Pune,Laptop,Lenovo ThinkPad T14,Windows 11,Active,Assigned,2025-03-01,,,
AST-1610,EMP-07610,USR-5610,employee610@example.com,Employee 610,Customer Support,Gurugram,Laptop,Lenovo ThinkPad E14,Windows 10,Active,Assigned,2025-03-01,,,
AST-1611,EMP-07611,USR-5611,employee611@example.com,Employee 611,Finance,Chennai,Laptop,HP EliteBook 840 G8,Windows 10,Active,Assigned,2025-03-01,,,
AST-1612,EMP-07612,USR-5612,employee612@example.com,Employee 612,Sales,Pune,Laptop,Lenovo ThinkPad E14,Windows 10,Active,Assigned,2025-03-01,,,
AST-1613,EMP-07613,USR-5613,employee613@example.com,Employee 613,IT,Hyderabad,Laptop,HP ProBook 440 G9,Windows 10,Active,Assigned,2025-03-01,,,
AST-1614,EMP-07614,USR-5614,employee614@example.com,Employee 614,Customer Support,Hyderabad,Laptop,HP EliteBook 840 G8,Windows 11,Active,Assigned,2025-03-01,,,
AST-1615,EMP-07615,USR-5615,employee615@example.com,Employee 615,IT,Chennai,Laptop,Lenovo ThinkPad E14,Windows 11,Active,Assigned,2025-03-01,,,
AST-1616,EMP-07616,USR-5616,employee616@example.com,Employee 616,Procurement,Gurugram,Laptop,Lenovo ThinkPad T14,Windows 11,Active,Assigned,2025-03-01,,,
AST-1617,EMP-07617,USR-5617,employee617@example.com,Employee 617,Sales,Chennai,Laptop,Dell Latitude 5420,Windows 10,Active,Assigned,2025-03-01,,,
AST-1618,EMP-07618,USR-5618,employee618@example.com,Employee 618,Customer Support,Mumbai,Laptop,Dell Latitude 5420,Windows 10,On Leave,Assigned,2025-03-01,,,
AST-1619,EMP-07619,USR-5619,employee619@example.com,Employee 619,Customer Support,Chennai,Laptop,HP ProBook 440 G9,Windows 11,Active,Assigned,2025-03-01,,,
AST-1620,EMP-07620,USR-5620,employee620@example.com,Employee 620,Finance,Chennai,Laptop,Lenovo ThinkPad E14,Windows 11,Active,Assigned,2025-03-01,,,
AST-1621,EMP-07621,USR-5621,employee621@example.com,Employee 621,Customer Support,Gurugram,Laptop,Dell Latitude 5430,Windows 10,Active,Assigned,2025-03-01,,,
AST-1622,EMP-07622,USR-5622,employee622@example.com,Employee 622,Sales,Bengaluru,Laptop,Dell Latitude 5430,Windows 11,Active,Assigned,2025-03-01,,,
AST-1623,EMP-07623,USR-5623,employee623@example.com,Employee 623,Legal,Delhi,Laptop,Lenovo ThinkPad T14,Windows 11,Active,Assigned,2025-03-01,,,
AST-1624,EMP-07624,USR-5624,employee624@example.com,Employee 624,Legal,Noida,Laptop,Dell Latitude 5420,Windows 11,Active,Assigned,2025-03-01,,,
AST-1625,EMP-07625,USR-5625,employee625@example.com,Employee 625,HR,Delhi,Laptop,Dell Latitude 5430,Windows 10,Active,Assigned,2025-03-01,,,
AST-1626,EMP-07626,USR-5626,employee626@example.com,Employee 626,Customer Support,Hyderabad,Laptop,Dell Latitude 5420,Windows 11,Active,Assigned,2025-03-01,,,
AST-1627,EMP-07627,USR-5627,employee627@example.com,Employee 627,Customer Support,Noida,Laptop,HP EliteBook 840 G8,Windows 11,Active,Assigned,2025-03-01,,,
AST-1628,EMP-07628,USR-5628,employee628@example.com,Employee 628,Customer Support,Hyderabad,Laptop,Lenovo ThinkPad T14,Windows 11,Active,Assigned,2025-03-01,,,
AST-1629,EMP-07629,USR-5629,employee629@example.com,Employee 629,Engineering,Pune,Laptop,Lenovo ThinkPad T14,Windows 11,Active,Assigned,2025-03-01,,,
AST-1630,EMP-07630,USR-5630,employee630@example.com,Employee 630,Customer Support,Gurugram,Laptop,HP EliteBook 840 G8,Windows 10,Active,Assigned,2025-03-01,,,
AST-1631,EMP-07631,USR-5631,employee631@example.com,Employee 631,Procurement,Mumbai,Laptop,Lenovo ThinkPad E14,Windows 11,Active,Assigned,2025-03-01,,,
AST-1632,EMP-07632,USR-5632,employee632@example.com,Employee 632,IT,Delhi,Laptop,Lenovo ThinkPad T14,Windows 11,On Leave,Assigned,2025-03-01,,,
AST-1633,EMP-07633,USR-5633,employee633@example.com,Employee 633,HR,Gurugram,Laptop,Lenovo ThinkPad T14,Windows 10,Active,Assigned,2025-03-01,,,
AST-1634,EMP-07634,USR-5634,employee634@example.com,Employee 634,IT,Delhi,Laptop,Dell Latitude 5420,Windows 11,Active,Assigned,2025-03-01,,,
AST-1635,EMP-07635,USR-5635,employee635@example.com,Employee 635,Sales,Bengaluru,Laptop,Dell Latitude 5430,Windows 11,Active,Assigned,2025-03-01,,,
AST-1636,EMP-07636,USR-5636,employee636@example.com,Employee 636,Sales,Chennai,Laptop,Dell Latitude 5430,Windows 10,Active,Assigned,2025-03-01,,,
AST-1637,EMP-07637,USR-5637,employee637@example.com,Employee 637,Operations,Pune,Laptop,Dell Latitude 5430,Windows 10,Active,Assigned,2025-03-01,,,
AST-1638,EMP-07638,USR-5638,employee638@example.com,Employee 638,Finance,Mumbai,Laptop,HP ProBook 440 G9,Windows 11,Active,Assigned,2025-03-01,,,
AST-1639,EMP-07639,USR-5639,employee639@example.com,Employee 639,Legal,Chennai,Laptop,HP EliteBook 840 G8,Windows 10,On Leave,Assigned,2025-03-01,,,
AST-1640,EMP-07640,USR-5640,employee640@example.com,Employee 640,HR,Bengaluru,Laptop,Dell Latitude 5430,Windows 10,Active,Assigned,2025-03-01,,,
AST-1641,EMP-07641,USR-5641,employee641@example.com,Employee 641,Operations,Gurugram,Laptop,HP ProBook 440 G9,Windows 10,Active,Assigned,2025-03-01,,,
AST-1642,EMP-07642,USR-5642,employee642@example.com,Employee 642,HR,Chennai,Laptop,Lenovo ThinkPad T14,Windows 10,Active,Assigned,2025-03-01,,,
AST-1643,EMP-07643,USR-5643,employee643@example.com,Employee 643,Engineering,Delhi,Laptop,HP EliteBook 840 G8,Windows 11,Active,Assigned,2025-03-01,,,
AST-1644,EMP-07644,USR-5644,employee644@example.com,Employee 644,Finance,Chennai,Laptop,HP ProBook 440 G9,Windows 11,Active,Assigned,2025-03-01,,,
AST-1645,EMP-07645,USR-5645,employee645@example.com,Employee 645,Operations,Gurugram,Laptop,Dell Latitude 5420,Windows 10,Active,Assigned,2025-03-01,,,
AST-1646,EMP-07646,USR-5646,employee646@example.com,Employee 646,Engineering,Chennai,Laptop,Dell Latitude 5430,Windows 10,Active,Assigned,2025-03-01,,,
AST-1647,EMP-07647,USR-5647,employee647@example.com,Employee 647,Customer Support,Noida,Laptop,Dell Latitude 5430,Windows 11,Active,Assigned,2025-03-01,,,
AST-1648,EMP-07648,USR-5648,employee648@example.com,Employee 648,Customer Support,Delhi,Laptop,HP ProBook 440 G9,Windows 11,On Leave,Assigned,2025-03-01,,,
AST-1649,EMP-07649,USR-5649,employee649@example.com,Employee 649,Procurement,Mumbai,Laptop,Lenovo ThinkPad T14,Windows 11,Active,Assigned,2025-03-01,,,
AST-1650,EMP-07650,USR-5650,employee650@example.com,Employee 650,Operations,Chennai,Laptop,Lenovo ThinkPad T14,Windows 10,Active,Assigned,2025-03-01,,,
AST-1651,EMP-07651,USR-5651,employee651@example.com,Employee 651,Finance,Mumbai,Laptop,Dell Latitude 5420,Windows 10,Active,Assigned,2025-03-01,,,
AST-1652,EMP-07652,USR-5652,employee652@example.com,Employee 652,Finance,Bengaluru,Laptop,Dell Latitude 5430,Windows 11,On Leave,Assigned,2025-03-01,,,
AST-1653,EMP-07653,USR-5653,employee653@example.com,Employee 653,Sales,Gurugram,Laptop,Dell Latitude 5420,Windows 10,Active,Assigned,2025-03-01,,,
AST-1654,EMP-07654,USR-5654,employee654@example.com,Employee 654,Customer Support,Hyderabad,Laptop,Lenovo ThinkPad E14,Windows 10,Active,Assigned,2025-03-01,,,
AST-1655,EMP-07655,USR-5655,employee655@example.com,Employee 655,Operations,Delhi,Laptop,Lenovo ThinkPad T14,Windows 10,Active,Assigned,2025-03-01,,,
AST-1656,EMP-07656,USR-5656,employee656@example.com,Employee 656,Engineering,Bengaluru,Laptop,Lenovo ThinkPad E14,Windows 10,Active,Assigned,2025-03-01,,,
AST-1657,EMP-07657,USR-5657,employee657@example.com,Employee 657,Customer Support,Chennai,Laptop,Dell Latitude 5430,Windows 11,Active,Assigned,2025-03-01,,,
AST-1658,EMP-07658,USR-5658,employee658@example.com,Employee 658,Operations,Chennai,Laptop,Dell Latitude 5430,Windows 11,Active,Assigned,2025-03-01,,,
AST-1659,EMP-07659,USR-5659,employee659@example.com,Employee 659,HR,Pune,Laptop,HP ProBook 440 G9,Windows 11,Active,Assigned,2025-03-01,,,
AST-1660,EMP-07660,USR-5660,employee660@example.com,Employee 660,Engineering,Mumbai,Laptop,HP EliteBook 840 G8,Windows 11,Active,Assigned,2025-03-01,,,
AST-1661,EMP-07661,USR-5661,employee661@example.com,Employee 661,Operations,Gurugram,Laptop,Dell Latitude 5420,Windows 10,Active,Assigned,2025-03-01,,,
AST-1662,EMP-07662,USR-5662,employee662@example.com,Employee 662,Sales,Bengaluru,Laptop,Lenovo ThinkPad E14,Windows 10,Active,Assigned,2025-03-01,,,
AST-1663,EMP-07663,USR-5663,employee663@example.com,Employee 663,Legal,Hyderabad,Laptop,Lenovo ThinkPad T14,Windows 10,Active,Assigned,2025-03-01,,,
AST-1664,EMP-07664,USR-5664,employee664@example.com,Employee 664,Customer Support,Chennai,Laptop,Lenovo ThinkPad E14,Windows 11,Active,Assigned,2025-03-01,,,
AST-1665,EMP-07665,USR-5665,employee665@example.com,Employee 665,Customer Support,Delhi,Laptop,HP EliteBook 840 G8,Windows 10,Active,Assigned,2025-03-01,,,
AST-1666,EMP-07666,USR-5666,employee666@example.com,Employee 666,Legal,Hyderabad,Laptop,Lenovo ThinkPad E14,Windows 11,Active,Assigned,2025-03-01,,,
AST-1667,EMP-07667,USR-5667,employee667@example.com,Employee 667,Legal,Hyderabad,Laptop,Dell Latitude 5430,Windows 11,Active,Assigned,2025-03-01,,,
AST-1668,EMP-07668,USR-5668,employee668@example.com,Employee 668,HR,Noida,Laptop,Dell Latitude 5420,Windows 11,Active,Assigned,2025-03-01,,,
AST-1669,EMP-07669,USR-5669,employee669@example.com,Employee 669,Procurement,Delhi,Laptop,Dell Latitude 5430,Windows 11,Active,Assigned,2025-03-01,,,
AST-1670,EMP-07670,USR-5670,employee670@example.com,Employee 670,Operations,Noida,Laptop,Dell Latitude 5430,Windows 11,Active,Assigned,2025-03-01,,,
AST-1671,EMP-07671,USR-5671,employee671@example.com,Employee 671,Finance,Noida,Laptop,HP ProBook 440 G9,Windows 10,Active,Assigned,2025-03-01,,,
AST-1672,EMP-07672,USR-5672,employee672@example.com,Employee 672,HR,Pune,Laptop,Lenovo ThinkPad E14,Windows 11,Active,Assigned,2025-03-01,,,
AST-1673,EMP-07673,USR-5673,employee673@example.com,Employee 673,Legal,Chennai,Laptop,HP ProBook 440 G9,Windows 10,Active,Assigned,2025-03-01,,,
AST-1674,EMP-07674,USR-5674,employee674@example.com,Employee 674,HR,Bengaluru,Laptop,HP ProBook 440 G9,Windows 11,Active,Assigned,2025-03-01,,,
AST-1675,EMP-07675,USR-5675,employee675@example.com,Employee 675,IT,Pune,Laptop,Dell Latitude 5430,Windows 10,Active,Assigned,2025-03-01,,,
AST-1676,EMP-07676,USR-5676,employee676@example.com,Employee 676,Finance,Pune,Laptop,Dell Latitude 5420,Windows 10,Active,Assigned,2025-03-01,,,
AST-1677,EMP-07677,USR-5677,employee677@example.com,Employee 677,Sales,Noida,Laptop,Dell Latitude 5430,Windows 10,Active,Assigned,2025-03-01,,,
AST-1678,EMP-07678,USR-5678,employee678@example.com,Employee 678,IT,Chennai,Laptop,HP EliteBook 840 G8,Windows 10,Active,Assigned,2025-03-01,,,
AST-1679,EMP-07679,USR-5679,employee679@example.com,Employee 679,Sales,Chennai,Laptop,Dell Latitude 5420,Windows 10,Active,Assigned,2025-03-01,,,
AST-1680,EMP-07680,USR-5680,employee680@example.com,Employee 680,Finance,Mumbai,Laptop,Dell Latitude 5430,Windows 10,Active,Assigned,2025-03-01,,,
AST-1681,EMP-07681,USR-5681,employee681@example.com,Employee 681,Procurement,Mumbai,Laptop,Lenovo ThinkPad T14,Windows 10,Active,Assigned,2025-03-01,,,
AST-1682,EMP-07682,USR-5682,employee682@example.com,Employee 682,Legal,Mumbai,Laptop,Dell Latitude 5420,Windows 11,Active,Assigned,2025-03-01,,,
AST-1683,EMP-07683,USR-5683,employee683@example.com,Employee 683,Engineering,Gurugram,Laptop,Lenovo ThinkPad E14,Windows 10,Active,Assigned,2025-03-01,,,
AST-1684,EMP-07684,USR-5684,employee684@example.com,Employee 684,Procurement,Chennai,Laptop,Dell Latitude 5420,Windows 11,Active,Assigned,2025-03-01,,,
AST-1685,EMP-07685,USR-5685,employee685@example.com,Employee 685,HR,Pune,Laptop,Dell Latitude 5430,Windows 11,Active,Assigned,2025-03-01,,,
AST-1686,EMP-07686,USR-5686,employee686@example.com,Employee 686,Operations,Chennai,Laptop,Lenovo ThinkPad E14,Windows 11,Active,Assigned,2025-03-01,,,
AST-1687,EMP-07687,USR-5687,employee687@example.com,Employee 687,Operations,Mumbai,Laptop,HP EliteBook 840 G8,Windows 10,Active,Assigned,2025-03-01,,,
AST-1688,EMP-07688,USR-5688,employee688@example.com,Employee 688,Legal,Mumbai,Laptop,Dell Latitude 5430,Windows 11,Active,Assigned,2025-03-01,,,
AST-1689,EMP-07689,USR-5689,employee689@example.com,Employee 689,IT,Bengaluru,Laptop,Dell Latitude 5430,Windows 10,Active,Assigned,2025-03-01,,,
AST-1690,EMP-07690,USR-5690,employee690@example.com,Employee 690,Engineering,Bengaluru,Laptop,HP EliteBook 840 G8,Windows 11,Active,Assigned,2025-03-01,,,
AST-1691,EMP-07691,USR-5691,employee691@example.com,Employee 691,Engineering,Delhi,Laptop,HP ProBook 440 G9,Windows 11,Active,Assigned,2025-03-01,,,
AST-1692,EMP-07692,USR-5692,employee692@example.com,Employee 692,Sales,Chennai,Laptop,HP EliteBook 840 G8,Windows 11,Active,Assigned,2025-03-01,,,
AST-1693,EMP-07693,USR-5693,employee693@example.com,Employee 693,Customer Support,Mumbai,Laptop,HP ProBook 440 G9,Windows 11,On Leave,Assigned,2025-03-01,,,
AST-1694,EMP-07694,USR-5694,employee694@example.com,Employee 694,Finance,Gurugram,Laptop,HP ProBook 440 G9,Windows 10,Active,Assigned,2025-03-01,,,
AST-1695,EMP-07695,USR-5695,employee695@example.com,Employee 695,Procurement,Delhi,Laptop,Lenovo ThinkPad E14,Windows 11,Active,Assigned,2025-03-01,,,
AST-1696,EMP-07696,USR-5696,employee696@example.com,Employee 696,IT,Pune,Laptop,Lenovo ThinkPad T14,Windows 11,On Leave,Assigned,2025-03-01,,,
AST-1697,EMP-07697,USR-5697,employee697@example.com,Employee 697,Legal,Hyderabad,Laptop,Lenovo ThinkPad E14,Windows 10,Active,Assigned,2025-03-01,,,
AST-1698,EMP-07698,USR-5698,employee698@example.com,Employee 698,Legal,Gurugram,Laptop,Dell Latitude 5420,Windows 11,Active,Assigned,2025-03-01,,,
AST-1699,EMP-07699,USR-5699,employee699@example.com,Employee 699,Finance,Gurugram,Laptop,Dell Latitude 5420,Windows 11,Active,Assigned,2025-03-01,,,
AST-1700,EMP-07700,USR-5700,employee700@example.com,Employee 700,Customer Support,Gurugram,Laptop,HP ProBook 440 G9,Windows 10,Active,Assigned,2025-03-01,,,
AST-1701,EMP-07701,USR-5701,employee701@example.com,Employee 701,HR,Noida,Laptop,Dell Latitude 5420,Windows 11,Active,Assigned,2025-03-01,,,
AST-1702,EMP-07702,USR-5702,employee702@example.com,Employee 702,Finance,Delhi,Laptop,HP EliteBook 840 G8,Windows 10,Active,Assigned,2025-03-01,,,
AST-1703,EMP-07703,USR-5703,employee703@example.com,Employee 703,Engineering,Mumbai,Laptop,Lenovo ThinkPad T14,Windows 11,Active,Assigned,2025-03-01,,,
AST-1704,EMP-07704,USR-5704,employee704@example.com,Employee 704,Finance,Mumbai,Laptop,HP EliteBook 840 G8,Windows 10,Active,Assigned,2025-03-01,,,
AST-1705,EMP-07705,USR-5705,employee705@example.com,Employee 705,Sales,Bengaluru,Laptop,HP EliteBook 840 G8,Windows 11,Active,Assigned,2025-03-01,,,
AST-1706,EMP-07706,USR-5706,employee706@example.com,Employee 706,Procurement,Delhi,Laptop,Lenovo ThinkPad E14,Windows 11,On Leave,Assigned,2025-03-01,,,
AST-1707,EMP-07707,USR-5707,employee707@example.com,Employee 707,HR,Hyderabad,Laptop,HP EliteBook 840 G8,Windows 10,Active,Assigned,2025-03-01,,,
AST-1708,EMP-07708,USR-5708,employee708@example.com,Employee 708,Sales,Chennai,Laptop,Dell Latitude 5430,Windows 11,Active,Assigned,2025-03-01,,,
AST-1709,EMP-07709,USR-5709,employee709@example.com,Employee 709,Finance,Noida,Laptop,HP EliteBook 840 G8,Windows 11,Active,Assigned,2025-03-01,,,
AST-1710,EMP-07710,USR-5710,employee710@example.com,Employee 710,Engineering,Gurugram,Laptop,Lenovo ThinkPad E14,Windows 11,Active,Assigned,2025-03-01,,,
AST-1711,EMP-07711,USR-5711,employee711@example.com,Employee 711,Legal,Hyderabad,Laptop,Dell Latitude 5430,Windows 10,Active,Assigned,2025-03-01,,,
AST-1712,EMP-07712,USR-5712,employee712@example.com,Employee 712,Procurement,Noida,Laptop,HP EliteBook 840 G8,Windows 11,Active,Assigned,2025-03-01,,,
AST-1713,EMP-07713,USR-5713,employee713@example.com,Employee 713,IT,Bengaluru,Laptop,Dell Latitude 5420,Windows 11,Active,Assigned,2025-03-01,,,
AST-1714,EMP-07714,USR-5714,employee714@example.com,Employee 714,Sales,Noida,Laptop,Lenovo ThinkPad E14,Windows 10,Active,Assigned,2025-03-01,,,
AST-1715,EMP-07715,USR-5715,employee715@example.com,Employee 715,Operations,Chennai,Laptop,HP EliteBook 840 G8,Windows 11,Active,Assigned,2025-03-01,,,
AST-1716,EMP-07716,USR-5716,employee716@example.com,Employee 716,Finance,Noida,Laptop,HP ProBook 440 G9,Windows 11,Active,Assigned,2025-03-01,,,
AST-1717,EMP-07717,USR-5717,employee717@example.com,Employee 717,Procurement,Hyderabad,Laptop,HP ProBook 440 G9,Windows 10,Active,Assigned,2025-03-01,,,
AST-1718,EMP-07718,USR-5718,employee718@example.com,Employee 718,Finance,Pune,Laptop,HP ProBook 440 G9,Windows 10,Active,Assigned,2025-03-01,,,
AST-1719,EMP-07719,USR-5719,employee719@example.com,Employee 719,Finance,Mumbai,Laptop,Lenovo ThinkPad E14,Windows 10,Active,Assigned,2025-03-01,,,
AST-1720,EMP-07720,USR-5720,employee720@example.com,Employee 720,Engineering,Noida,Laptop,Dell Latitude 5420,Windows 10,Active,Assigned,2025-03-01,,,
AST-1721,EMP-07721,USR-5721,employee721@example.com,Employee 721,Legal,Chennai,Laptop,HP EliteBook 840 G8,Windows 10,Active,Assigned,2025-03-01,,,
AST-1722,EMP-07722,USR-5722,employee722@example.com,Employee 722,Engineering,Mumbai,Laptop,Dell Latitude 5420,Windows 10,Active,Assigned,2025-03-01,,,
AST-1723,EMP-07723,USR-5723,employee723@example.com,Employee 723,HR,Noida,Laptop,HP ProBook 440 G9,Windows 11,Active,Assigned,2025-03-01,,,
AST-1724,EMP-07724,USR-5724,employee724@example.com,Employee 724,Finance,Hyderabad,Laptop,Lenovo ThinkPad T14,Windows 11,Active,Assigned,2025-03-01,,,
AST-1725,EMP-07725,USR-5725,employee725@example.com,Employee 725,HR,Noida,Laptop,Lenovo ThinkPad T14,Windows 10,Active,Assigned,2025-03-01,,,
AST-1726,EMP-07726,USR-5726,employee726@example.com,Employee 726,Sales,Delhi,Laptop,Dell Latitude 5420,Windows 10,Active,Assigned,2025-03-01,,,
AST-1727,EMP-07727,USR-5727,employee727@example.com,Employee 727,Customer Support,Pune,Laptop,Lenovo ThinkPad E14,Windows 11,On Leave,Assigned,2025-03-01,,,
AST-1728,EMP-07728,USR-5728,employee728@example.com,Employee 728,Finance,Bengaluru,Laptop,Dell Latitude 5420,Windows 10,Active,Assigned,2025-03-01,,,
AST-1729,EMP-07729,USR-5729,employee729@example.com,Employee 729,Legal,Gurugram,Laptop,Lenovo ThinkPad T14,Windows 11,Active,Assigned,2025-03-01,,,
AST-1730,EMP-07730,USR-5730,employee730@example.com,Employee 730,HR,Pune,Laptop,Lenovo ThinkPad E14,Windows 10,Active,Assigned,2025-03-01,,,
AST-1731,EMP-07731,USR-5731,employee731@example.com,Employee 731,Legal,Hyderabad,Laptop,Dell Latitude 5420,Windows 10,Active,Assigned,2025-03-01,,,
AST-1732,EMP-07732,USR-5732,employee732@example.com,Employee 732,Procurement,Pune,Laptop,Dell Latitude 5430,Windows 10,Active,Assigned,2025-03-01,,,
AST-1733,EMP-07733,USR-5733,employee733@example.com,Employee 733,Sales,Chennai,Laptop,Dell Latitude 5420,Windows 11,Active,Assigned,2025-03-01,,,
AST-1734,EMP-07734,USR-5734,employee734@example.com,Employee 734,Customer Support,Hyderabad,Laptop,HP ProBook 440 G9,Windows 10,Active,Assigned,2025-03-01,,,
AST-1735,EMP-07735,USR-5735,employee735@example.com,Employee 735,Procurement,Bengaluru,Laptop,Lenovo ThinkPad E14,Windows 11,On Leave,Assigned,2025-03-01,,,
AST-1736,EMP-07736,USR-5736,employee736@example.com,Employee 736,Operations,Pune,Laptop,Lenovo ThinkPad E14,Windows 10,Active,Assigned,2025-03-01,,,
AST-1737,EMP-07737,USR-5737,employee737@example.com,Employee 737,Finance,Gurugram,Laptop,Lenovo ThinkPad E14,Windows 11,Active,Assigned,2025-03-01,,,
AST-1738,EMP-07738,USR-5738,employee738@example.com,Employee 738,Customer Support,Gurugram,Laptop,HP ProBook 440 G9,Windows 10,Active,Assigned,2025-03-01,,,
AST-1739,EMP-07739,USR-5739,employee739@example.com,Employee 739,Customer Support,Delhi,Laptop,Lenovo ThinkPad T14,Windows 11,Active,Assigned,2025-03-01,,,
AST-1740,EMP-07740,USR-5740,employee740@example.com,Employee 740,Finance,Hyderabad,Laptop,HP ProBook 440 G9,Windows 11,Active,Assigned,2025-03-01,,,
AST-1741,EMP-07741,USR-5741,employee741@example.com,Employee 741,Engineering,Pune,Laptop,HP EliteBook 840 G8,Windows 10,Active,Assigned,2025-03-01,,,
AST-1742,EMP-07742,USR-5742,employee742@example.com,Employee 742,Engineering,Delhi,Laptop,HP EliteBook 840 G8,Windows 10,Active,Assigned,2025-03-01,,,
AST-1743,EMP-07743,USR-5743,employee743@example.com,Employee 743,Legal,Chennai,Laptop,Dell Latitude 5430,Windows 10,On Leave,Assigned,2025-03-01,,,
AST-1744,EMP-07744,USR-5744,employee744@example.com,Employee 744,Legal,Mumbai,Laptop,HP EliteBook 840 G8,Windows 11,Active,Assigned,2025-03-01,,,
AST-1745,EMP-07745,USR-5745,employee745@example.com,Employee 745,Legal,Delhi,Laptop,HP EliteBook 840 G8,Windows 10,Active,Assigned,2025-03-01,,,
AST-1746,EMP-07746,USR-5746,employee746@example.com,Employee 746,Engineering,Pune,Laptop,Dell Latitude 5420,Windows 11,Active,Assigned,2025-03-01,,,
AST-1747,EMP-07747,USR-5747,employee747@example.com,Employee 747,Legal,Noida,Laptop,Dell Latitude 5420,Windows 10,Active,Assigned,2025-03-01,,,
AST-1748,EMP-07748,USR-5748,employee748@example.com,Employee 748,Finance,Hyderabad,Laptop,HP ProBook 440 G9,Windows 11,Active,Assigned,2025-03-01,,,
AST-1749,EMP-07749,USR-5749,employee749@example.com,Employee 749,HR,Pune,Laptop,Lenovo ThinkPad E14,Windows 10,Active,Assigned,2025-03-01,,,
AST-1750,EMP-07750,USR-5750,employee750@example.com,Employee 750,IT,Bengaluru,Laptop,Dell Latitude 5420,Windows 10,Active,Assigned,2025-03-01,,,
AST-1751,EMP-07751,USR-5751,employee751@example.com,Employee 751,Legal,Hyderabad,Laptop,Lenovo ThinkPad T14,Windows 11,Active,Assigned,2025-03-01,,,
AST-1752,EMP-07752,USR-5752,employee752@example.com,Employee 752,Sales,Mumbai,Laptop,HP EliteBook 840 G8,Windows 11,Active,Assigned,2025-03-01,,,
AST-1753,EMP-07753,USR-5753,employee753@example.com,Employee 753,Engineering,Pune,Laptop,Lenovo ThinkPad T14,Windows 10,Active,Assigned,2025-03-01,,,
AST-1754,EMP-07754,USR-5754,employee754@example.com,Employee 754,IT,Mumbai,Laptop,HP EliteBook 840 G8,Windows 11,Active,Assigned,2025-03-01,,,
AST-1755,EMP-07755,USR-5755,employee755@example.com,Employee 755,IT,Gurugram,Laptop,Dell Latitude 5420,Windows 10,Active,Assigned,2025-03-01,,,
AST-1756,EMP-07756,USR-5756,employee756@example.com,Employee 756,Operations,Noida,Laptop,Dell Latitude 5420,Windows 10,Active,Assigned,2025-03-01,,,
AST-1757,EMP-07757,USR-5757,employee757@example.com,Employee 757,Engineering,Gurugram,Laptop,HP ProBook 440 G9,Windows 10,Active,Assigned,2025-03-01,,,
AST-1758,EMP-07758,USR-5758,employee758@example.com,Employee 758,Finance,Bengaluru,Laptop,Lenovo ThinkPad E14,Windows 11,Active,Assigned,2025-03-01,,,
AST-1759,EMP-07759,USR-5759,employee759@example.com,Employee 759,Legal,Hyderabad,Laptop,Lenovo ThinkPad T14,Windows 11,Active,Assigned,2025-03-01,,,
AST-1760,EMP-07760,USR-5760,employee760@example.com,Employee 760,Customer Support,Pune,Laptop,HP EliteBook 840 G8,Windows 10,Active,Assigned,2025-03-01,,,
AST-1761,EMP-07761,USR-5761,employee761@example.com,Employee 761,Sales,Noida,Laptop,HP EliteBook 840 G8,Windows 10,Active,Assigned,2025-03-01,,,
AST-1762,EMP-07762,USR-5762,employee762@example.com,Employee 762,Customer Support,Pune,Laptop,Lenovo ThinkPad E14,Windows 10,Active,Assigned,2025-03-01,,,
AST-1763,EMP-07763,USR-5763,employee763@example.com,Employee 763,Sales,Noida,Laptop,HP EliteBook 840 G8,Windows 10,Active,Assigned,2025-03-01,,,
AST-1764,EMP-07764,USR-5764,employee764@example.com,Employee 764,Sales,Bengaluru,Laptop,HP ProBook 440 G9,Windows 10,Active,Assigned,2025-03-01,,,
AST-1765,EMP-07765,USR-5765,employee765@example.com,Employee 765,Engineering,Gurugram,Laptop,HP ProBook 440 G9,Windows 10,Active,Assigned,2025-03-01,,,
AST-1766,EMP-07766,USR-5766,employee766@example.com,Employee 766,IT,Noida,Laptop,HP ProBook 440 G9,Windows 10,On Leave,Assigned,2025-03-01,,,
AST-1767,EMP-07767,USR-5767,employee767@example.com,Employee 767,Finance,Gurugram,Laptop,HP ProBook 440 G9,Windows 11,Active,Assigned,2025-03-01,,,
AST-1768,EMP-07768,USR-5768,employee768@example.com,Employee 768,Finance,Delhi,Laptop,Dell Latitude 5420,Windows 11,Active,Assigned,2025-03-01,,,
AST-1769,EMP-07769,USR-5769,employee769@example.com,Employee 769,IT,Bengaluru,Laptop,Dell Latitude 5420,Windows 11,Active,Assigned,2025-03-01,,,
AST-1770,EMP-07770,USR-5770,employee770@example.com,Employee 770,Operations,Delhi,Laptop,Dell Latitude 5430,Windows 11,Active,Assigned,2025-03-01,,,
AST-1771,EMP-07771,USR-5771,employee771@example.com,Employee 771,HR,Bengaluru,Laptop,Dell Latitude 5420,Windows 11,Active,Assigned,2025-03-01,,,
AST-1772,EMP-07772,USR-5772,employee772@example.com,Employee 772,Customer Support,Mumbai,Laptop,Lenovo ThinkPad T14,Windows 10,Active,Assigned,2025-03-01,,,
AST-1773,EMP-07773,USR-5773,employee773@example.com,Employee 773,Engineering,Mumbai,Laptop,HP EliteBook 840 G8,Windows 10,Active,Assigned,2025-03-01,,,
AST-1774,EMP-07774,USR-5774,employee774@example.com,Employee 774,Engineering,Gurugram,Laptop,Dell Latitude 5420,Windows 11,Active,Assigned,2025-03-01,,,
AST-1775,EMP-07775,USR-5775,employee775@example.com,Employee 775,Engineering,Hyderabad,Laptop,Lenovo ThinkPad T14,Windows 11,Active,Assigned,2025-03-01,,,
AST-1776,EMP-07776,USR-5776,employee776@example.com,Employee 776,Operations,Hyderabad,Laptop,Dell Latitude 5420,Windows 11,Active,Assigned,2025-03-01,,,
AST-1777,EMP-07777,USR-5777,employee777@example.com,Employee 777,Finance,Mumbai,Laptop,Lenovo ThinkPad T14,Windows 11,Active,Assigned,2025-03-01,,,
AST-1778,EMP-07778,USR-5778,employee778@example.com,Employee 778,IT,Hyderabad,Laptop,Dell Latitude 5430,Windows 10,Active,Assigned,2025-03-01,,,
AST-1779,EMP-07779,USR-5779,employee779@example.com,Employee 779,Legal,Mumbai,Laptop,Dell Latitude 5420,Windows 10,Active,Assigned,2025-03-01,,,
AST-1780,EMP-07780,USR-5780,employee780@example.com,Employee 780,Finance,Hyderabad,Laptop,Dell Latitude 5430,Windows 10,Active,Assigned,2025-03-01,,,
AST-1781,EMP-07781,USR-5781,employee781@example.com,Employee 781,Finance,Pune,Laptop,Dell Latitude 5420,Windows 10,Active,Assigned,2025-03-01,,,
AST-1782,EMP-07782,USR-5782,employee782@example.com,Employee 782,Engineering,Pune,Laptop,Lenovo ThinkPad T14,Windows 11,Active,Assigned,2025-03-01,,,
AST-1783,EMP-07783,USR-5783,employee783@example.com,Employee 783,Legal,Delhi,Laptop,Dell Latitude 5430,Windows 11,Active,Assigned,2025-03-01,,,
AST-1784,EMP-07784,USR-5784,employee784@example.com,Employee 784,Legal,Hyderabad,Laptop,Dell Latitude 5430,Windows 10,Active,Assigned,2025-03-01,,,
AST-1785,EMP-07785,USR-5785,employee785@example.com,Employee 785,Sales,Noida,Laptop,Lenovo ThinkPad T14,Windows 10,On Leave,Assigned,2025-03-01,,,
AST-1786,EMP-07786,USR-5786,employee786@example.com,Employee 786,HR,Delhi,Laptop,Lenovo ThinkPad T14,Windows 11,Active,Assigned,2025-03-01,,,
AST-1787,EMP-07787,USR-5787,employee787@example.com,Employee 787,Procurement,Hyderabad,Laptop,Lenovo ThinkPad E14,Windows 11,Active,Assigned,2025-03-01,,,
AST-1788,EMP-07788,USR-5788,employee788@example.com,Employee 788,Legal,Chennai,Laptop,Lenovo ThinkPad T14,Windows 10,On Leave,Assigned,2025-03-01,,,
AST-1789,EMP-07789,USR-5789,employee789@example.com,Employee 789,IT,Noida,Laptop,Lenovo ThinkPad T14,Windows 11,Active,Assigned,2025-03-01,,,
AST-1790,EMP-07790,USR-5790,employee790@example.com,Employee 790,HR,Noida,Laptop,Lenovo ThinkPad T14,Windows 11,Active,Assigned,2025-03-01,,,
AST-1791,EMP-07791,USR-5791,employee791@example.com,Employee 791,Engineering,Mumbai,Laptop,Dell Latitude 5430,Windows 11,Active,Assigned,2025-03-01,,,
AST-1792,EMP-07792,USR-5792,employee792@example.com,Employee 792,Engineering,Pune,Laptop,HP ProBook 440 G9,Windows 10,Active,Assigned,2025-03-01,,,
AST-1793,EMP-07793,USR-5793,employee793@example.com,Employee 793,Customer Support,Mumbai,Laptop,HP EliteBook 840 G8,Windows 10,Active,Assigned,2025-03-01,,,
AST-1794,EMP-07794,USR-5794,employee794@example.com,Employee 794,Operations,Delhi,Laptop,Dell Latitude 5430,Windows 10,Active,Assigned,2025-03-01,,,
AST-1795,EMP-07795,USR-5795,employee795@example.com,Employee 795,Engineering,Chennai,Laptop,Lenovo ThinkPad E14,Windows 11,Active,Assigned,2025-03-01,,,
AST-1796,EMP-07796,USR-5796,employee796@example.com,Employee 796,Procurement,Mumbai,Laptop,Lenovo ThinkPad T14,Windows 11,Active,Assigned,2025-03-01,,,
AST-1797,EMP-07797,USR-5797,employee797@example.com,Employee 797,Procurement,Delhi,Laptop,Lenovo ThinkPad T14,Windows 11,Active,Assigned,2025-03-01,,,
AST-1798,EMP-07798,USR-5798,employee798@example.com,Employee 798,Legal,Pune,Laptop,HP EliteBook 840 G8,Windows 10,Active,Assigned,2025-03-01,,,
AST-1799,EMP-07799,USR-5799,employee799@example.com,Employee 799,Sales,Noida,Laptop,Dell Latitude 5420,Windows 10,Active,Assigned,2025-03-01,,,
AST-1800,EMP-07800,USR-5800,employee800@example.com,Employee 800,IT,Hyderabad,Laptop,HP EliteBook 840 G8,Windows 11,Active,Assigned,2025-03-01,,,
AST-1801,EMP-07801,USR-5801,employee801@example.com,Employee 801,Procurement,Delhi,Laptop,Dell Latitude 5430,Windows 11,Active,Assigned,2025-03-01,,,
AST-1802,EMP-07802,USR-5802,employee802@example.com,Employee 802,IT,Chennai,Laptop,Lenovo ThinkPad E14,Windows 10,Active,Assigned,2025-03-01,,,
AST-1803,EMP-07803,USR-5803,employee803@example.com,Employee 803,Operations,Delhi,Laptop,HP EliteBook 840 G8,Windows 11,Active,Assigned,2025-03-01,,,
AST-1804,EMP-07804,USR-5804,employee804@example.com,Employee 804,Procurement,Mumbai,Laptop,Lenovo ThinkPad T14,Windows 11,Active,Assigned,2025-03-01,,,
AST-1805,EMP-07805,USR-5805,employee805@example.com,Employee 805,Legal,Pune,Laptop,Lenovo ThinkPad E14,Windows 11,Active,Assigned,2025-03-01,,,
AST-1806,EMP-07806,USR-5806,employee806@example.com,Employee 806,Finance,Hyderabad,Laptop,Dell Latitude 5420,Windows 11,Active,Assigned,2025-03-01,,,
AST-1807,EMP-07807,USR-5807,employee807@example.com,Employee 807,Operations,Bengaluru,Laptop,HP ProBook 440 G9,Windows 11,Active,Assigned,2025-03-01,,,
AST-1808,EMP-07808,USR-5808,employee808@example.com,Employee 808,Legal,Delhi,Laptop,HP EliteBook 840 G8,Windows 10,Active,Assigned,2025-03-01,,,
AST-1809,EMP-07809,USR-5809,employee809@example.com,Employee 809,Legal,Delhi,Laptop,Dell Latitude 5420,Windows 10,On Leave,Assigned,2025-03-01,,,
AST-1810,EMP-07810,USR-5810,employee810@example.com,Employee 810,Legal,Bengaluru,Laptop,Lenovo ThinkPad T14,Windows 11,Active,Assigned,2025-03-01,,,
AST-1811,EMP-07811,USR-5811,employee811@example.com,Employee 811,Procurement,Noida,Laptop,HP ProBook 440 G9,Windows 10,Active,Assigned,2025-03-01,,,
AST-1812,EMP-07812,USR-5812,employee812@example.com,Employee 812,IT,Mumbai,Laptop,Dell Latitude 5430,Windows 10,Active,Assigned,2025-03-01,,,
AST-1813,EMP-07813,USR-5813,employee813@example.com,Employee 813,Finance,Noida,Laptop,HP ProBook 440 G9,Windows 11,Active,Assigned,2025-03-01,,,
AST-1814,EMP-07814,USR-5814,employee814@example.com,Employee 814,Finance,Pune,Laptop,Dell Latitude 5420,Windows 10,Active,Assigned,2025-03-01,,,
AST-1815,EMP-07815,USR-5815,employee815@example.com,Employee 815,Sales,Noida,Laptop,Dell Latitude 5420,Windows 10,Active,Assigned,2025-03-01,,,
AST-1816,EMP-07816,USR-5816,employee816@example.com,Employee 816,HR,Bengaluru,Laptop,Lenovo ThinkPad E14,Windows 11,Active,Assigned,2025-03-01,,,
AST-1817,EMP-07817,USR-5817,employee817@example.com,Employee 817,Finance,Gurugram,Laptop,HP EliteBook 840 G8,Windows 11,Active,Assigned,2025-03-01,,,
AST-1818,EMP-07818,USR-5818,employee818@example.com,Employee 818,Customer Support,Delhi,Laptop,Lenovo ThinkPad T14,Windows 10,Active,Assigned,2025-03-01,,,
AST-1819,EMP-07819,USR-5819,employee819@example.com,Employee 819,Engineering,Bengaluru,Laptop,Dell Latitude 5420,Windows 11,Active,Assigned,2025-03-01,,,
AST-1820,EMP-07820,USR-5820,employee820@example.com,Employee 820,Operations,Pune,Laptop,HP ProBook 440 G9,Windows 10,Active,Assigned,2025-03-01,,,
AST-1821,EMP-07821,USR-5821,employee821@example.com,Employee 821,Sales,Mumbai,Laptop,Lenovo ThinkPad T14,Windows 10,Active,Assigned,2025-03-01,,,
AST-1822,EMP-07822,USR-5822,employee822@example.com,Employee 822,Finance,Pune,Laptop,Lenovo ThinkPad T14,Windows 11,Active,Assigned,2025-03-01,,,
AST-1823,EMP-07823,USR-5823,employee823@example.com,Employee 823,Legal,Noida,Laptop,HP EliteBook 840 G8,Windows 10,Active,Assigned,2025-03-01,,,
AST-1824,EMP-07824,USR-5824,employee824@example.com,Employee 824,Operations,Chennai,Laptop,Lenovo ThinkPad T14,Windows 11,Active,Assigned,2025-03-01,,,
AST-1825,EMP-07825,USR-5825,employee825@example.com,Employee 825,HR,Hyderabad,Laptop,Lenovo ThinkPad E14,Windows 11,Active,Assigned,2025-03-01,,,
AST-1826,EMP-07826,USR-5826,employee826@example.com,Employee 826,Engineering,Noida,Laptop,Lenovo ThinkPad T14,Windows 11,Active,Assigned,2025-03-01,,,
AST-1827,EMP-07827,USR-5827,employee827@example.com,Employee 827,Sales,Noida,Laptop,HP ProBook 440 G9,Windows 10,Active,Assigned,2025-03-01,,,
AST-1828,EMP-07828,USR-5828,employee828@example.com,Employee 828,Sales,Mumbai,Laptop,HP EliteBook 840 G8,Windows 11,Active,Assigned,2025-03-01,,,
AST-1829,EMP-07829,USR-5829,employee829@example.com,Employee 829,HR,Mumbai,Laptop,Lenovo ThinkPad T14,Windows 10,Active,Assigned,2025-03-01,,,
AST-1830,EMP-07830,USR-5830,employee830@example.com,Employee 830,IT,Gurugram,Laptop,Dell Latitude 5430,Windows 11,Active,Assigned,2025-03-01,,,
AST-1831,EMP-07831,USR-5831,employee831@example.com,Employee 831,Sales,Gurugram,Laptop,HP EliteBook 840 G8,Windows 11,Active,Assigned,2025-03-01,,,
AST-1832,EMP-07832,USR-5832,employee832@example.com,Employee 832,IT,Hyderabad,Laptop,Lenovo ThinkPad E14,Windows 11,Active,Assigned,2025-03-01,,,
AST-1833,EMP-07833,USR-5833,employee833@example.com,Employee 833,Engineering,Bengaluru,Laptop,Dell Latitude 5420,Windows 11,Active,Assigned,2025-03-01,,,
AST-1834,EMP-07834,USR-5834,employee834@example.com,Employee 834,HR,Chennai,Laptop,Dell Latitude 5420,Windows 10,Active,Assigned,2025-03-01,,,
AST-1835,EMP-07835,USR-5835,employee835@example.com,Employee 835,Sales,Chennai,Laptop,Lenovo ThinkPad E14,Windows 10,Active,Assigned,2025-03-01,,,
AST-1836,EMP-07836,USR-5836,employee836@example.com,Employee 836,Operations,Gurugram,Laptop,HP EliteBook 840 G8,Windows 11,Active,Assigned,2025-03-01,,,
AST-1837,EMP-07837,USR-5837,employee837@example.com,Employee 837,Engineering,Noida,Laptop,HP EliteBook 840 G8,Windows 10,Active,Assigned,2025-03-01,,,
AST-1838,EMP-07838,USR-5838,employee838@example.com,Employee 838,Legal,Hyderabad,Laptop,Lenovo ThinkPad T14,Windows 11,Active,Assigned,2025-03-01,,,
AST-1839,EMP-07839,USR-5839,employee839@example.com,Employee 839,Legal,Noida,Laptop,Lenovo ThinkPad T14,Windows 11,Active,Assigned,2025-03-01,,,
AST-1840,EMP-07840,USR-5840,employee840@example.com,Employee 840,Finance,Pune,Laptop,Dell Latitude 5430,Windows 10,Active,Assigned,2025-03-01,,,
AST-1841,EMP-07841,USR-5841,employee841@example.com,Employee 841,Sales,Chennai,Laptop,Dell Latitude 5430,Windows 10,Active,Assigned,2025-03-01,,,
AST-1842,EMP-07842,USR-5842,employee842@example.com,Employee 842,Operations,Noida,Laptop,HP EliteBook 840 G8,Windows 10,Active,Assigned,2025-03-01,,,
AST-1843,EMP-07843,USR-5843,employee843@example.com,Employee 843,Sales,Gurugram,Laptop,Dell Latitude 5430,Windows 10,Active,Assigned,2025-03-01,,,
AST-1844,EMP-07844,USR-5844,employee844@example.com,Employee 844,Sales,Bengaluru,Laptop,Lenovo ThinkPad T14,Windows 10,Active,Assigned,2025-03-01,,,
AST-1845,EMP-07845,USR-5845,employee845@example.com,Employee 845,Sales,Chennai,Laptop,HP EliteBook 840 G8,Windows 11,Active,Assigned,2025-03-01,,,
AST-1846,EMP-07846,USR-5846,employee846@example.com,Employee 846,Customer Support,Delhi,Laptop,Dell Latitude 5430,Windows 11,Active,Assigned,2025-03-01,,,
AST-1847,EMP-07847,USR-5847,employee847@example.com,Employee 847,HR,Bengaluru,Laptop,HP ProBook 440 G9,Windows 10,Active,Assigned,2025-03-01,,,
AST-1848,EMP-07848,USR-5848,employee848@example.com,Employee 848,Procurement,Mumbai,Laptop,HP ProBook 440 G9,Windows 11,Active,Assigned,2025-03-01,,,
AST-1849,EMP-07849,USR-5849,employee849@example.com,Employee 849,Engineering,Mumbai,Laptop,HP EliteBook 840 G8,Windows 10,Active,Assigned,2025-03-01,,,
AST-1850,EMP-07850,USR-5850,employee850@example.com,Employee 850,IT,Pune,Laptop,HP ProBook 440 G9,Windows 11,Active,Assigned,2025-03-01,,,
AST-1851,EMP-07851,USR-5851,employee851@example.com,Employee 851,Legal,Mumbai,Laptop,Lenovo ThinkPad E14,Windows 10,Active,Assigned,2025-03-01,,,
AST-1852,EMP-07852,USR-5852,employee852@example.com,Employee 852,HR,Pune,Laptop,Dell Latitude 5430,Windows 10,Active,Assigned,2025-03-01,,,
AST-1853,EMP-07853,USR-5853,employee853@example.com,Employee 853,HR,Pune,Laptop,HP EliteBook 840 G8,Windows 11,Active,Assigned,2025-03-01,,,
AST-1854,EMP-07854,USR-5854,employee854@example.com,Employee 854,Customer Support,Bengaluru,Laptop,HP EliteBook 840 G8,Windows 11,Active,Assigned,2025-03-01,,,
AST-1855,EMP-07855,USR-5855,employee855@example.com,Employee 855,Customer Support,Chennai,Laptop,Lenovo ThinkPad E14,Windows 11,Active,Assigned,2025-03-01,,,
AST-1856,EMP-07856,USR-5856,employee856@example.com,Employee 856,Customer Support,Delhi,Laptop,HP ProBook 440 G9,Windows 10,On Leave,Assigned,2025-03-01,,,
AST-1857,EMP-07857,USR-5857,employee857@example.com,Employee 857,Legal,Noida,Laptop,HP ProBook 440 G9,Windows 10,On Leave,Assigned,2025-03-01,,,
AST-1858,EMP-07858,USR-5858,employee858@example.com,Employee 858,HR,Pune,Laptop,Lenovo ThinkPad T14,Windows 11,Active,Assigned,2025-03-01,,,
AST-1859,EMP-07859,USR-5859,employee859@example.com,Employee 859,Customer Support,Chennai,Laptop,Dell Latitude 5430,Windows 10,Active,Assigned,2025-03-01,,,
AST-1860,EMP-07860,USR-5860,employee860@example.com,Employee 860,Operations,Gurugram,Laptop,Dell Latitude 5420,Windows 10,Active,Assigned,2025-03-01,,,
AST-1861,EMP-07861,USR-5861,employee861@example.com,Employee 861,HR,Pune,Laptop,HP ProBook 440 G9,Windows 11,Active,Assigned,2025-03-01,,,
AST-1862,EMP-07862,USR-5862,employee862@example.com,Employee 862,Finance,Noida,Laptop,Dell Latitude 5430,Windows 10,Active,Assigned,2025-03-01,,,
AST-1863,EMP-07863,USR-5863,employee863@example.com,Employee 863,Sales,Hyderabad,Laptop,HP ProBook 440 G9,Windows 10,Active,Assigned,2025-03-01,,,
AST-1864,EMP-07864,USR-5864,employee864@example.com,Employee 864,Engineering,Delhi,Laptop,HP EliteBook 840 G8,Windows 10,On Leave,Assigned,2025-03-01,,,
AST-1865,EMP-07865,USR-5865,employee865@example.com,Employee 865,Customer Support,Hyderabad,Laptop,Lenovo ThinkPad T14,Windows 10,Active,Assigned,2025-03-01,,,
AST-1866,EMP-07866,USR-5866,employee866@example.com,Employee 866,Sales,Hyderabad,Laptop,Dell Latitude 5420,Windows 11,Active,Assigned,2025-03-01,,,
AST-1867,EMP-07867,USR-5867,employee867@example.com,Employee 867,Procurement,Mumbai,Laptop,Lenovo ThinkPad T14,Windows 11,Active,Assigned,2025-03-01,,,
AST-1868,EMP-07868,USR-5868,employee868@example.com,Employee 868,Operations,Bengaluru,Laptop,Dell Latitude 5420,Windows 10,Active,Assigned,2025-03-01,,,
AST-1869,EMP-07869,USR-5869,employee869@example.com,Employee 869,HR,Chennai,Laptop,HP EliteBook 840 G8,Windows 10,Active,Assigned,2025-03-01,,,
AST-1870,EMP-07870,USR-5870,employee870@example.com,Employee 870,Engineering,Chennai,Laptop,Lenovo ThinkPad E14,Windows 11,Active,Assigned,2025-03-01,,,
AST-1871,EMP-07871,USR-5871,employee871@example.com,Employee 871,HR,Bengaluru,Laptop,Dell Latitude 5420,Windows 10,Active,Assigned,2025-03-01,,,
AST-1872,EMP-07872,USR-5872,employee872@example.com,Employee 872,Operations,Chennai,Laptop,Lenovo ThinkPad T14,Windows 11,Active,Assigned,2025-03-01,,,
AST-1873,EMP-07873,USR-5873,employee873@example.com,Employee 873,IT,Pune,Laptop,Dell Latitude 5420,Windows 10,Active,Assigned,2025-03-01,,,
AST-1874,EMP-07874,USR-5874,employee874@example.com,Employee 874,Procurement,Gurugram,Laptop,Dell Latitude 5430,Windows 11,Active,Assigned,2025-03-01,,,
AST-1875,EMP-07875,USR-5875,employee875@example.com,Employee 875,HR,Chennai,Laptop,HP EliteBook 840 G8,Windows 10,Active,Assigned,2025-03-01,,,
AST-1876,EMP-07876,USR-5876,employee876@example.com,Employee 876,Finance,Bengaluru,Laptop,HP ProBook 440 G9,Windows 10,Active,Assigned,2025-03-01,,,
AST-1877,EMP-07877,USR-5877,employee877@example.com,Employee 877,HR,Chennai,Laptop,Dell Latitude 5430,Windows 11,Active,Assigned,2025-03-01,,,
AST-1878,EMP-07878,USR-5878,employee878@example.com,Employee 878,Finance,Delhi,Laptop,Dell Latitude 5430,Windows 11,On Leave,Assigned,2025-03-01,,,
AST-1879,EMP-07879,USR-5879,employee879@example.com,Employee 879,Customer Support,Noida,Laptop,Dell Latitude 5420,Windows 11,Active,Assigned,2025-03-01,,,
AST-1880,EMP-07880,USR-5880,employee880@example.com,Employee 880,Finance,Bengaluru,Laptop,HP ProBook 440 G9,Windows 10,Active,Assigned,2025-03-01,,,
AST-1881,EMP-07881,USR-5881,employee881@example.com,Employee 881,Procurement,Mumbai,Laptop,Lenovo ThinkPad T14,Windows 10,Active,Assigned,2025-03-01,,,
AST-1882,EMP-07882,USR-5882,employee882@example.com,Employee 882,Procurement,Bengaluru,Laptop,HP ProBook 440 G9,Windows 11,Active,Assigned,2025-03-01,,,
AST-1883,EMP-07883,USR-5883,employee883@example.com,Employee 883,Legal,Chennai,Laptop,HP EliteBook 840 G8,Windows 10,On Leave,Assigned,2025-03-01,,,
AST-1884,EMP-07884,USR-5884,employee884@example.com,Employee 884,IT,Delhi,Laptop,Dell Latitude 5430,Windows 11,Active,Assigned,2025-03-01,,,
AST-1885,EMP-07885,USR-5885,employee885@example.com,Employee 885,HR,Delhi,Laptop,HP EliteBook 840 G8,Windows 11,Active,Assigned,2025-03-01,,,
AST-1886,EMP-07886,USR-5886,employee886@example.com,Employee 886,Sales,Delhi,Laptop,Lenovo ThinkPad T14,Windows 11,Active,Assigned,2025-03-01,,,
AST-1887,EMP-07887,USR-5887,employee887@example.com,Employee 887,Procurement,Hyderabad,Laptop,HP ProBook 440 G9,Windows 10,Active,Assigned,2025-03-01,,,
AST-1888,EMP-07888,USR-5888,employee888@example.com,Employee 888,Customer Support,Pune,Laptop,Dell Latitude 5430,Windows 11,Active,Assigned,2025-03-01,,,
AST-1889,EMP-07889,USR-5889,employee889@example.com,Employee 889,Operations,Pune,Laptop,HP EliteBook 840 G8,Windows 11,Active,Assigned,2025-03-01,,,
AST-1890,EMP-07890,USR-5890,employee890@example.com,Employee 890,Sales,Mumbai,Laptop,HP EliteBook 840 G8,Windows 10,On Leave,Assigned,2025-03-01,,,
AST-1891,EMP-07891,USR-5891,employee891@example.com,Employee 891,Legal,Delhi,Laptop,Lenovo ThinkPad T14,Windows 10,Active,Assigned,2025-03-01,,,
AST-1892,EMP-07892,USR-5892,employee892@example.com,Employee 892,Engineering,Noida,Laptop,Dell Latitude 5430,Windows 10,Active,Assigned,2025-03-01,,,
AST-1893,EMP-07893,USR-5893,employee893@example.com,Employee 893,Procurement,Delhi,Laptop,Lenovo ThinkPad T14,Windows 10,Active,Assigned,2025-03-01,,,
AST-1894,EMP-07894,USR-5894,employee894@example.com,Employee 894,Finance,Bengaluru,Laptop,HP EliteBook 840 G8,Windows 10,Active,Assigned,2025-03-01,,,
AST-1895,EMP-07895,USR-5895,employee895@example.com,Employee 895,Legal,Gurugram,Laptop,Lenovo ThinkPad E14,Windows 11,Active,Assigned,2025-03-01,,,
AST-1896,EMP-07896,USR-5896,employee896@example.com,Employee 896,Sales,Delhi,Laptop,Dell Latitude 5430,Windows 11,Active,Assigned,2025-03-01,,,
AST-1897,EMP-07897,USR-5897,employee897@example.com,Employee 897,Legal,Delhi,Laptop,Lenovo ThinkPad E14,Windows 10,Active,Assigned,2025-03-01,,,
AST-1898,EMP-07898,USR-5898,employee898@example.com,Employee 898,HR,Delhi,Laptop,Lenovo ThinkPad T14,Windows 11,Active,Assigned,2025-03-01,,,
AST-1899,EMP-07899,USR-5899,employee899@example.com,Employee 899,Procurement,Bengaluru,Laptop,HP ProBook 440 G9,Windows 11,Active,Assigned,2025-03-01,,,
AST-1900,EMP-07900,USR-5900,employee900@example.com,Employee 900,HR,Mumbai,Laptop,Lenovo ThinkPad E14,Windows 11,Active,Assigned,2025-03-01,,,
AST-1901,EMP-07901,USR-5901,employee901@example.com,Employee 901,Legal,Noida,Laptop,Lenovo ThinkPad T14,Windows 11,Active,Assigned,2025-03-01,,,
AST-1902,EMP-07902,USR-5902,employee902@example.com,Employee 902,Operations,Noida,Laptop,HP ProBook 440 G9,Windows 10,Active,Assigned,2025-03-01,,,
AST-1903,EMP-07903,USR-5903,employee903@example.com,Employee 903,Finance,Noida,Laptop,Dell Latitude 5420,Windows 10,Active,Assigned,2025-03-01,,,
AST-1904,EMP-07904,USR-5904,employee904@example.com,Employee 904,Sales,Gurugram,Laptop,HP EliteBook 840 G8,Windows 11,Active,Assigned,2025-03-01,,,
AST-1905,EMP-07905,USR-5905,employee905@example.com,Employee 905,Engineering,Hyderabad,Laptop,HP EliteBook 840 G8,Windows 11,Active,Assigned,2025-03-01,,,
AST-1906,EMP-07906,USR-5906,employee906@example.com,Employee 906,Procurement,Chennai,Laptop,HP ProBook 440 G9,Windows 11,Active,Assigned,2025-03-01,,,
AST-1907,EMP-07907,USR-5907,employee907@example.com,Employee 907,Customer Support,Hyderabad,Laptop,HP EliteBook 840 G8,Windows 11,On Leave,Assigned,2025-03-01,,,
AST-1908,EMP-07908,USR-5908,employee908@example.com,Employee 908,Customer Support,Pune,Laptop,Lenovo ThinkPad T14,Windows 11,Active,Assigned,2025-03-01,,,
AST-1909,EMP-07909,USR-5909,employee909@example.com,Employee 909,Sales,Gurugram,Laptop,Dell Latitude 5430,Windows 11,Active,Assigned,2025-03-01,,,
AST-1910,EMP-07910,USR-5910,employee910@example.com,Employee 910,Finance,Mumbai,Laptop,Dell Latitude 5430,Windows 11,On Leave,Assigned,2025-03-01,,,
AST-1911,EMP-07911,USR-5911,employee911@example.com,Employee 911,HR,Chennai,Laptop,HP ProBook 440 G9,Windows 11,Active,Assigned,2025-03-01,,,
AST-1912,EMP-07912,USR-5912,employee912@example.com,Employee 912,Operations,Gurugram,Laptop,HP EliteBook 840 G8,Windows 10,Active,Assigned,2025-03-01,,,
AST-1913,EMP-07913,USR-5913,employee913@example.com,Employee 913,Finance,Hyderabad,Laptop,Dell Latitude 5420,Windows 11,Active,Assigned,2025-03-01,,,
AST-1914,EMP-07914,USR-5914,employee914@example.com,Employee 914,Legal,Bengaluru,Laptop,Lenovo ThinkPad E14,Windows 10,Active,Assigned,2025-03-01,,,
AST-1915,EMP-07915,USR-5915,employee915@example.com,Employee 915,Operations,Delhi,Laptop,HP ProBook 440 G9,Windows 10,Active,Assigned,2025-03-01,,,
AST-1916,EMP-07916,USR-5916,employee916@example.com,Employee 916,Engineering,Noida,Laptop,HP EliteBook 840 G8,Windows 10,Active,Assigned,2025-03-01,,,
AST-1917,EMP-07917,USR-5917,employee917@example.com,Employee 917,HR,Pune,Laptop,HP ProBook 440 G9,Windows 11,Active,Assigned,2025-03-01,,,
AST-1918,EMP-07918,USR-5918,employee918@example.com,Employee 918,Engineering,Chennai,Laptop,Lenovo ThinkPad T14,Windows 11,Active,Assigned,2025-03-01,,,
AST-1919,EMP-07919,USR-5919,employee919@example.com,Employee 919,Procurement,Hyderabad,Laptop,HP ProBook 440 G9,Windows 11,Active,Assigned,2025-03-01,,,
AST-1920,EMP-07920,USR-5920,employee920@example.com,Employee 920,Engineering,Hyderabad,Laptop,Dell Latitude 5430,Windows 10,On Leave,Assigned,2025-03-01,,,
AST-1921,EMP-07921,USR-5921,employee921@example.com,Employee 921,Finance,Hyderabad,Laptop,Dell Latitude 5420,Windows 11,Active,Assigned,2025-03-01,,,
AST-1922,EMP-07922,USR-5922,employee922@example.com,Employee 922,Customer Support,Hyderabad,Laptop,Lenovo ThinkPad E14,Windows 10,Active,Assigned,2025-03-01,,,
AST-1923,EMP-07923,USR-5923,employee923@example.com,Employee 923,Finance,Gurugram,Laptop,Lenovo ThinkPad T14,Windows 11,On Leave,Assigned,2025-03-01,,,
AST-1924,EMP-07924,USR-5924,employee924@example.com,Employee 924,HR,Hyderabad,Laptop,Lenovo ThinkPad E14,Windows 11,Active,Assigned,2025-03-01,,,
AST-1925,EMP-07925,USR-5925,employee925@example.com,Employee 925,Customer Support,Noida,Laptop,Dell Latitude 5420,Windows 11,On Leave,Assigned,2025-03-01,,,
AST-1926,EMP-07926,USR-5926,employee926@example.com,Employee 926,Operations,Gurugram,Laptop,HP EliteBook 840 G8,Windows 11,Active,Assigned,2025-03-01,,,
AST-1927,EMP-07927,USR-5927,employee927@example.com,Employee 927,Customer Support,Bengaluru,Laptop,HP ProBook 440 G9,Windows 10,Active,Assigned,2025-03-01,,,
AST-1928,EMP-07928,USR-5928,employee928@example.com,Employee 928,Operations,Chennai,Laptop,HP EliteBook 840 G8,Windows 11,Active,Assigned,2025-03-01,,,
AST-1929,EMP-07929,USR-5929,employee929@example.com,Employee 929,Engineering,Bengaluru,Laptop,Dell Latitude 5420,Windows 10,Active,Assigned,2025-03-01,,,
AST-1930,EMP-07930,USR-5930,employee930@example.com,Employee 930,Sales,Mumbai,Laptop,Dell Latitude 5430,Windows 10,Active,Assigned,2025-03-01,,,
AST-1931,EMP-07931,USR-5931,employee931@example.com,Employee 931,Customer Support,Chennai,Laptop,HP EliteBook 840 G8,Windows 10,Active,Assigned,2025-03-01,,,
AST-1932,EMP-07932,USR-5932,employee932@example.com,Employee 932,HR,Hyderabad,Laptop,Dell Latitude 5430,Windows 10,Active,Assigned,2025-03-01,,,
AST-1933,EMP-07933,USR-5933,employee933@example.com,Employee 933,Customer Support,Chennai,Laptop,Dell Latitude 5430,Windows 11,Active,Assigned,2025-03-01,,,
AST-1934,EMP-07934,USR-5934,employee934@example.com,Employee 934,Procurement,Noida,Laptop,Dell Latitude 5430,Windows 11,Active,Assigned,2025-03-01,,,
AST-1935,EMP-07935,USR-5935,employee935@example.com,Employee 935,Procurement,Noida,Laptop,Dell Latitude 5430,Windows 11,Active,Assigned,2025-03-01,,,
AST-1936,EMP-07936,USR-5936,employee936@example.com,Employee 936,HR,Chennai,Laptop,HP EliteBook 840 G8,Windows 10,Active,Assigned,2025-03-01,,,
AST-1937,EMP-07937,USR-5937,employee937@example.com,Employee 937,Operations,Pune,Laptop,HP EliteBook 840 G8,Windows 11,Active,Assigned,2025-03-01,,,
AST-1938,EMP-07938,USR-5938,employee938@example.com,Employee 938,IT,Gurugram,Laptop,Lenovo ThinkPad E14,Windows 10,Active,Assigned,2025-03-01,,,
AST-1939,EMP-07939,USR-5939,employee939@example.com,Employee 939,Sales,Chennai,Laptop,Dell Latitude 5430,Windows 10,Active,Assigned,2025-03-01,,,
AST-1940,EMP-07940,USR-5940,employee940@example.com,Employee 940,Procurement,Gurugram,Laptop,Dell Latitude 5420,Windows 10,Active,Assigned,2025-03-01,,,
AST-1941,EMP-07941,USR-5941,employee941@example.com,Employee 941,Legal,Chennai,Laptop,HP EliteBook 840 G8,Windows 11,Active,Assigned,2025-03-01,,,
AST-1942,EMP-07942,USR-5942,employee942@example.com,Employee 942,Legal,Chennai,Laptop,HP ProBook 440 G9,Windows 11,Active,Assigned,2025-03-01,,,
AST-1943,EMP-07943,USR-5943,employee943@example.com,Employee 943,Procurement,Hyderabad,Laptop,Dell Latitude 5430,Windows 10,Active,Assigned,2025-03-01,,,
AST-1944,EMP-07944,USR-5944,employee944@example.com,Employee 944,Procurement,Gurugram,Laptop,HP EliteBook 840 G8,Windows 11,Active,Assigned,2025-03-01,,,
AST-1945,EMP-07945,USR-5945,employee945@example.com,Employee 945,Sales,Pune,Laptop,Lenovo ThinkPad E14,Windows 10,Active,Assigned,2025-03-01,,,
AST-1946,EMP-07946,USR-5946,employee946@example.com,Employee 946,Customer Support,Gurugram,Laptop,Dell Latitude 5420,Windows 11,Active,Assigned,2025-03-01,,,
AST-1947,EMP-07947,USR-5947,employee947@example.com,Employee 947,HR,Delhi,Laptop,HP ProBook 440 G9,Windows 10,Active,Assigned,2025-03-01,,,
AST-1948,EMP-07948,USR-5948,employee948@example.com,Employee 948,Procurement,Noida,Laptop,Lenovo ThinkPad T14,Windows 11,Active,Assigned,2025-03-01,,,
AST-1949,EMP-07949,USR-5949,employee949@example.com,Employee 949,HR,Noida,Laptop,HP ProBook 440 G9,Windows 10,Active,Assigned,2025-03-01,,,
AST-1950,EMP-07950,USR-5950,employee950@example.com,Employee 950,Customer Support,Mumbai,Laptop,Dell Latitude 5420,Windows 11,Active,Assigned,2025-03-01,,,
AST-1951,EMP-07951,USR-5951,employee951@example.com,Employee 951,IT,Mumbai,Laptop,Lenovo ThinkPad T14,Windows 10,Active,Assigned,2025-03-01,,,
AST-1952,EMP-07952,USR-5952,employee952@example.com,Employee 952,Operations,Noida,Laptop,HP EliteBook 840 G8,Windows 10,Active,Assigned,2025-03-01,,,
AST-1953,EMP-07953,USR-5953,employee953@example.com,Employee 953,Operations,Noida,Laptop,HP EliteBook 840 G8,Windows 11,Active,Assigned,2025-03-01,,,
AST-1954,EMP-07954,USR-5954,employee954@example.com,Employee 954,IT,Delhi,Laptop,Lenovo ThinkPad T14,Windows 11,Active,Assigned,2025-03-01,,,
AST-1955,EMP-07955,USR-5955,employee955@example.com,Employee 955,Customer Support,Pune,Laptop,Dell Latitude 5420,Windows 10,Active,Assigned,2025-03-01,,,
AST-1956,EMP-07956,USR-5956,employee956@example.com,Employee 956,Procurement,Mumbai,Laptop,Lenovo ThinkPad T14,Windows 11,Active,Assigned,2025-03-01,,,
AST-1957,EMP-07957,USR-5957,employee957@example.com,Employee 957,Procurement,Mumbai,Laptop,Lenovo ThinkPad E14,Windows 10,Active,Assigned,2025-03-01,,,
AST-1958,EMP-07958,USR-5958,employee958@example.com,Employee 958,Legal,Hyderabad,Laptop,HP ProBook 440 G9,Windows 10,Active,Assigned,2025-03-01,,,
AST-1959,EMP-07959,USR-5959,employee959@example.com,Employee 959,Customer Support,Gurugram,Laptop,HP ProBook 440 G9,Windows 11,Active,Assigned,2025-03-01,,,
AST-1960,EMP-07960,USR-5960,employee960@example.com,Employee 960,Customer Support,Bengaluru,Laptop,Lenovo ThinkPad T14,Windows 10,Active,Assigned,2025-03-01,,,
AST-1961,EMP-07961,USR-5961,employee961@example.com,Employee 961,IT,Chennai,Laptop,Dell Latitude 5420,Windows 10,Active,Assigned,2025-03-01,,,
AST-1962,EMP-07962,USR-5962,employee962@example.com,Employee 962,Customer Support,Mumbai,Laptop,Dell Latitude 5420,Windows 11,Active,Assigned,2025-03-01,,,
AST-1963,EMP-07963,USR-5963,employee963@example.com,Employee 963,Engineering,Bengaluru,Laptop,Dell Latitude 5420,Windows 11,Active,Assigned,2025-03-01,,,
AST-1964,EMP-07964,USR-5964,employee964@example.com,Employee 964,Legal,Gurugram,Laptop,HP EliteBook 840 G8,Windows 11,Active,Assigned,2025-03-01,,,
AST-1965,EMP-07965,USR-5965,employee965@example.com,Employee 965,Finance,Hyderabad,Laptop,Dell Latitude 5420,Windows 10,Active,Assigned,2025-03-01,,,
AST-1966,EMP-07966,USR-5966,employee966@example.com,Employee 966,Sales,Pune,Laptop,HP ProBook 440 G9,Windows 11,Active,Assigned,2025-03-01,,,
AST-1967,EMP-07967,USR-5967,employee967@example.com,Employee 967,Procurement,Gurugram,Laptop,Lenovo ThinkPad E14,Windows 11,Active,Assigned,2025-03-01,,,
AST-1968,EMP-07968,USR-5968,employee968@example.com,Employee 968,Legal,Hyderabad,Laptop,Dell Latitude 5420,Windows 11,Active,Assigned,2025-03-01,,,
AST-1969,EMP-07969,USR-5969,employee969@example.com,Employee 969,Customer Support,Mumbai,Laptop,Dell Latitude 5420,Windows 10,Active,Assigned,2025-03-01,,,
AST-1970,EMP-07970,USR-5970,employee970@example.com,Employee 970,Engineering,Hyderabad,Laptop,Dell Latitude 5420,Windows 11,Active,Assigned,2025-03-01,,,
AST-1971,EMP-07971,USR-5971,employee971@example.com,Employee 971,Sales,Delhi,Laptop,Lenovo ThinkPad T14,Windows 11,Active,Assigned,2025-03-01,,,
AST-1972,EMP-07972,USR-5972,employee972@example.com,Employee 972,Finance,Hyderabad,Laptop,Dell Latitude 5430,Windows 10,Active,Assigned,2025-03-01,,,
AST-1973,EMP-07973,USR-5973,employee973@example.com,Employee 973,Operations,Chennai,Laptop,Dell Latitude 5420,Windows 10,Active,Assigned,2025-03-01,,,
AST-1974,EMP-07974,USR-5974,employee974@example.com,Employee 974,HR,Mumbai,Laptop,Lenovo ThinkPad E14,Windows 11,Active,Assigned,2025-03-01,,,
AST-1975,EMP-07975,USR-5975,employee975@example.com,Employee 975,Operations,Pune,Laptop,HP EliteBook 840 G8,Windows 10,Active,Assigned,2025-03-01,,,
AST-1976,EMP-07976,USR-5976,employee976@example.com,Employee 976,Finance,Hyderabad,Laptop,Dell Latitude 5430,Windows 11,Active,Assigned,2025-03-01,,,
AST-1977,EMP-07977,USR-5977,employee977@example.com,Employee 977,Procurement,Gurugram,Laptop,Dell Latitude 5430,Windows 10,Active,Assigned,2025-03-01,,,
AST-1978,EMP-07978,USR-5978,employee978@example.com,Employee 978,Procurement,Hyderabad,Laptop,HP ProBook 440 G9,Windows 10,Active,Assigned,2025-03-01,,,
AST-1979,EMP-07979,USR-5979,employee979@example.com,Employee 979,Sales,Hyderabad,Laptop,Dell Latitude 5420,Windows 10,Active,Assigned,2025-03-01,,,
AST-1980,EMP-07980,USR-5980,employee980@example.com,Employee 980,Engineering,Chennai,Laptop,Dell Latitude 5420,Windows 10,Active,Assigned,2025-03-01,,,
AST-1981,EMP-07981,USR-5981,employee981@example.com,Employee 981,Engineering,Bengaluru,Laptop,HP ProBook 440 G9,Windows 10,Active,Assigned,2025-03-01,,,
AST-1982,EMP-07982,USR-5982,employee982@example.com,Employee 982,IT,Hyderabad,Laptop,Lenovo ThinkPad T14,Windows 11,Active,Assigned,2025-03-01,,,
AST-1983,EMP-07983,USR-5983,employee983@example.com,Employee 983,Customer Support,Hyderabad,Laptop,Dell Latitude 5430,Windows 11,Active,Assigned,2025-03-01,,,
AST-1984,EMP-07984,USR-5984,employee984@example.com,Employee 984,Procurement,Chennai,Laptop,Lenovo ThinkPad E14,Windows 10,On Leave,Assigned,2025-03-01,,,
AST-1985,EMP-07985,USR-5985,employee985@example.com,Employee 985,IT,Gurugram,Laptop,Lenovo ThinkPad T14,Windows 11,Active,Assigned,2025-03-01,,,
AST-1986,EMP-07986,USR-5986,employee986@example.com,Employee 986,Legal,Bengaluru,Laptop,Dell Latitude 5430,Windows 11,On Leave,Assigned,2025-03-01,,,
AST-1987,EMP-07987,USR-5987,employee987@example.com,Employee 987,Finance,Bengaluru,Laptop,Lenovo ThinkPad T14,Windows 11,Active,Assigned,2025-03-01,,,
AST-1988,EMP-07988,USR-5988,employee988@example.com,Employee 988,Procurement,Noida,Laptop,Dell Latitude 5430,Windows 11,Active,Assigned,2025-03-01,,,
AST-1989,EMP-07989,USR-5989,employee989@example.com,Employee 989,HR,Hyderabad,Laptop,HP EliteBook 840 G8,Windows 10,Active,Assigned,2025-03-01,,,
AST-1990,EMP-07990,USR-5990,employee990@example.com,Employee 990,Legal,Delhi,Laptop,HP EliteBook 840 G8,Windows 11,Active,Assigned,2025-03-01,,,
AST-1991,EMP-07991,USR-5991,employee991@example.com,Employee 991,HR,Noida,Laptop,HP EliteBook 840 G8,Windows 11,Active,Assigned,2025-03-01,,,
AST-1992,EMP-07992,USR-5992,employee992@example.com,Employee 992,Engineering,Chennai,Laptop,Dell Latitude 5430,Windows 11,Active,Assigned,2025-03-01,,,
AST-1993,EMP-07993,USR-5993,employee993@example.com,Employee 993,IT,Pune,Laptop,Dell Latitude 5420,Windows 10,Active,Assigned,2025-03-01,,,
AST-1994,EMP-07994,USR-5994,employee994@example.com,Employee 994,Engineering,Pune,Laptop,Dell Latitude 5430,Windows 10,Active,Assigned,2025-03-01,,,
AST-1995,EMP-07995,USR-5995,employee995@example.com,Employee 995,Finance,Pune,Laptop,HP EliteBook 840 G8,Windows 11,Active,Assigned,2025-03-01,,,
AST-1996,EMP-07996,USR-5996,employee996@example.com,Employee 996,Engineering,Noida,Laptop,Lenovo ThinkPad T14,Windows 11,Active,Assigned,2025-03-01,,,
AST-1997,EMP-07997,USR-5997,employee997@example.com,Employee 997,HR,Bengaluru,Laptop,HP EliteBook 840 G8,Windows 11,Active,Assigned,2025-03-01,,,
AST-1998,EMP-07998,USR-5998,employee998@example.com,Employee 998,Procurement,Delhi,Laptop,HP ProBook 440 G9,Windows 10,Active,Assigned,2025-03-01,,,
AST-1999,EMP-07999,USR-5999,employee999@example.com,Employee 999,Finance,Chennai,Laptop,Lenovo ThinkPad T14,Windows 10,Active,Assigned,2025-03-01,,,
AST-2000,EMP-08000,USR-6000,employee1000@example.com,Employee 1000,Finance,Pune,Laptop,Lenovo ThinkPad T14,Windows 11,Active,Assigned,2025-03-01,,,
AST-2001,EMP-08001,USR-6001,employee1001@example.com,Employee 1001,Operations,Chennai,Laptop,HP ProBook 440 G9,Windows 10,Active,Assigned,2025-03-01,,,
AST-2002,EMP-08002,USR-6002,employee1002@example.com,Employee 1002,HR,Bengaluru,Laptop,Lenovo ThinkPad T14,Windows 11,Active,Assigned,2025-03-01,,,
AST-2003,EMP-08003,USR-6003,employee1003@example.com,Employee 1003,Engineering,Delhi,Laptop,HP EliteBook 840 G8,Windows 11,Active,Assigned,2025-03-01,,,
AST-2004,EMP-08004,USR-6004,employee1004@example.com,Employee 1004,Customer Support,Bengaluru,Laptop,HP EliteBook 840 G8,Windows 11,Active,Assigned,2025-03-01,,,
AST-2005,EMP-08005,USR-6005,employee1005@example.com,Employee 1005,Customer Support,Chennai,Laptop,HP ProBook 440 G9,Windows 10,Active,Assigned,2025-03-01,,,
AST-2006,EMP-08006,USR-6006,employee1006@example.com,Employee 1006,IT,Bengaluru,Laptop,Dell Latitude 5420,Windows 10,Active,Assigned,2025-03-01,,,
AST-2007,EMP-08007,USR-6007,employee1007@example.com,Employee 1007,IT,Mumbai,Laptop,Dell Latitude 5430,Windows 10,Active,Assigned,2025-03-01,,,
AST-2008,EMP-08008,USR-6008,employee1008@example.com,Employee 1008,Legal,Pune,Laptop,Dell Latitude 5430,Windows 11,Active,Assigned,2025-03-01,,,
AST-2009,EMP-08009,USR-6009,employee1009@example.com,Employee 1009,Legal,Hyderabad,Laptop,HP ProBook 440 G9,Windows 10,Active,Assigned,2025-03-01,,,
AST-2010,EMP-08010,USR-6010,employee1010@example.com,Employee 1010,Operations,Bengaluru,Laptop,Lenovo ThinkPad E14,Windows 11,On Leave,Assigned,2025-03-01,,,
AST-2011,EMP-08011,USR-6011,employee1011@example.com,Employee 1011,Customer Support,Chennai,Laptop,HP EliteBook 840 G8,Windows 10,Active,Assigned,2025-03-01,,,
AST-2012,EMP-08012,USR-6012,employee1012@example.com,Employee 1012,Legal,Chennai,Laptop,Dell Latitude 5430,Windows 11,Active,Assigned,2025-03-01,,,
AST-2013,EMP-08013,USR-6013,employee1013@example.com,Employee 1013,HR,Chennai,Laptop,Dell Latitude 5430,Windows 10,Active,Assigned,2025-03-01,,,
AST-2014,EMP-08014,USR-6014,employee1014@example.com,Employee 1014,Engineering,Bengaluru,Laptop,HP EliteBook 840 G8,Windows 11,Active,Assigned,2025-03-01,,,
AST-2015,EMP-08015,USR-6015,employee1015@example.com,Employee 1015,Procurement,Mumbai,Laptop,HP ProBook 440 G9,Windows 10,Active,Assigned,2025-03-01,,,
AST-2016,EMP-08016,USR-6016,employee1016@example.com,Employee 1016,Finance,Noida,Laptop,Dell Latitude 5420,Windows 11,Active,Assigned,2025-03-01,,,
AST-2017,EMP-08017,USR-6017,employee1017@example.com,Employee 1017,Legal,Delhi,Laptop,Lenovo ThinkPad T14,Windows 11,On Leave,Assigned,2025-03-01,,,
AST-2018,EMP-08018,USR-6018,employee1018@example.com,Employee 1018,Customer Support,Gurugram,Laptop,Lenovo ThinkPad T14,Windows 11,Active,Assigned,2025-03-01,,,
AST-2019,EMP-08019,USR-6019,employee1019@example.com,Employee 1019,IT,Mumbai,Laptop,Dell Latitude 5420,Windows 10,Active,Assigned,2025-03-01,,,
AST-2020,EMP-08020,USR-6020,employee1020@example.com,Employee 1020,Sales,Delhi,Laptop,Lenovo ThinkPad T14,Windows 11,Active,Assigned,2025-03-01,,,
AST-2021,EMP-08021,USR-6021,employee1021@example.com,Employee 1021,Engineering,Bengaluru,Laptop,Lenovo ThinkPad T14,Windows 11,Active,Assigned,2025-03-01,,,
AST-2022,EMP-08022,USR-6022,employee1022@example.com,Employee 1022,Finance,Noida,Laptop,Lenovo ThinkPad T14,Windows 11,On Leave,Assigned,2025-03-01,,,
AST-2023,EMP-08023,USR-6023,employee1023@example.com,Employee 1023,Operations,Bengaluru,Laptop,HP EliteBook 840 G8,Windows 10,Active,Assigned,2025-03-01,,,
AST-2024,EMP-08024,USR-6024,employee1024@example.com,Employee 1024,Engineering,Chennai,Laptop,HP ProBook 440 G9,Windows 10,Active,Assigned,2025-03-01,,,
AST-2025,EMP-08025,USR-6025,employee1025@example.com,Employee 1025,Operations,Gurugram,Laptop,HP ProBook 440 G9,Windows 11,Active,Assigned,2025-03-01,,,
AST-2026,EMP-08026,USR-6026,employee1026@example.com,Employee 1026,Engineering,Delhi,Laptop,Dell Latitude 5420,Windows 11,Active,Assigned,2025-03-01,,,
AST-2027,EMP-08027,USR-6027,employee1027@example.com,Employee 1027,Sales,Bengaluru,Laptop,Lenovo ThinkPad E14,Windows 10,Active,Assigned,2025-03-01,,,
AST-2028,EMP-08028,USR-6028,employee1028@example.com,Employee 1028,Operations,Noida,Laptop,Lenovo ThinkPad T14,Windows 10,On Leave,Assigned,2025-03-01,,,
AST-2029,EMP-08029,USR-6029,employee1029@example.com,Employee 1029,Legal,Noida,Laptop,HP ProBook 440 G9,Windows 10,Active,Assigned,2025-03-01,,,
AST-2030,EMP-08030,USR-6030,employee1030@example.com,Employee 1030,Finance,Chennai,Laptop,Dell Latitude 5430,Windows 11,Active,Assigned,2025-03-01,,,
AST-2031,EMP-08031,USR-6031,employee1031@example.com,Employee 1031,Finance,Noida,Laptop,HP ProBook 440 G9,Windows 10,Active,Assigned,2025-03-01,,,
AST-2032,EMP-08032,USR-6032,employee1032@example.com,Employee 1032,HR,Gurugram,Laptop,HP ProBook 440 G9,Windows 11,Active,Assigned,2025-03-01,,,
AST-2033,EMP-08033,USR-6033,employee1033@example.com,Employee 1033,Sales,Noida,Laptop,HP EliteBook 840 G8,Windows 11,Active,Assigned,2025-03-01,,,
AST-2034,EMP-08034,USR-6034,employee1034@example.com,Employee 1034,IT,Noida,Laptop,Dell Latitude 5430,Windows 10,Active,Assigned,2025-03-01,,,
AST-2035,EMP-08035,USR-6035,employee1035@example.com,Employee 1035,Engineering,Pune,Laptop,Dell Latitude 5430,Windows 11,Active,Assigned,2025-03-01,,,
AST-2036,EMP-08036,USR-6036,employee1036@example.com,Employee 1036,Operations,Noida,Laptop,Dell Latitude 5420,Windows 10,Active,Assigned,2025-03-01,,,
AST-2037,EMP-08037,USR-6037,employee1037@example.com,Employee 1037,Legal,Chennai,Laptop,Dell Latitude 5430,Windows 11,Active,Assigned,2025-03-01,,,
AST-2038,EMP-08038,USR-6038,employee1038@example.com,Employee 1038,IT,Pune,Laptop,HP EliteBook 840 G8,Windows 11,Active,Assigned,2025-03-01,,,
AST-2039,EMP-08039,USR-6039,employee1039@example.com,Employee 1039,Finance,Noida,Laptop,Dell Latitude 5420,Windows 10,Active,Assigned,2025-03-01,,,
AST-2040,EMP-08040,USR-6040,employee1040@example.com,Employee 1040,HR,Noida,Laptop,HP ProBook 440 G9,Windows 10,Active,Assigned,2025-03-01,,,
AST-2041,EMP-08041,USR-6041,employee1041@example.com,Employee 1041,Customer Support,Delhi,Laptop,Lenovo ThinkPad T14,Windows 11,Active,Assigned,2025-03-01,,,
AST-2042,EMP-08042,USR-6042,employee1042@example.com,Employee 1042,IT,Hyderabad,Laptop,Dell Latitude 5430,Windows 11,Active,Assigned,2025-03-01,,,
AST-2043,EMP-08043,USR-6043,employee1043@example.com,Employee 1043,IT,Pune,Laptop,Dell Latitude 5420,Windows 10,Active,Assigned,2025-03-01,,,
AST-2044,EMP-08044,USR-6044,employee1044@example.com,Employee 1044,IT,Noida,Laptop,HP ProBook 440 G9,Windows 10,Active,Assigned,2025-03-01,,,
AST-2045,EMP-08045,USR-6045,employee1045@example.com,Employee 1045,Operations,Mumbai,Laptop,Dell Latitude 5420,Windows 10,Active,Assigned,2025-03-01,,,
AST-2046,EMP-08046,USR-6046,employee1046@example.com,Employee 1046,IT,Pune,Laptop,HP EliteBook 840 G8,Windows 10,Active,Assigned,2025-03-01,,,
AST-2047,EMP-08047,USR-6047,employee1047@example.com,Employee 1047,HR,Chennai,Laptop,Dell Latitude 5430,Windows 10,Active,Assigned,2025-03-01,,,
AST-2048,EMP-08048,USR-6048,employee1048@example.com,Employee 1048,Engineering,Hyderabad,Laptop,Lenovo ThinkPad T14,Windows 10,Active,Assigned,2025-03-01,,,
AST-2049,EMP-08049,USR-6049,employee1049@example.com,Employee 1049,Engineering,Hyderabad,Laptop,HP ProBook 440 G9,Windows 10,Active,Assigned,2025-03-01,,,
AST-2050,EMP-08050,USR-6050,employee1050@example.com,Employee 1050,Sales,Mumbai,Laptop,Dell Latitude 5420,Windows 10,Active,Assigned,2025-03-01,,,
AST-2051,EMP-08051,USR-6051,employee1051@example.com,Employee 1051,Engineering,Hyderabad,Laptop,Lenovo ThinkPad T14,Windows 11,Active,Assigned,2025-03-01,,,
AST-2052,EMP-08052,USR-6052,employee1052@example.com,Employee 1052,Legal,Hyderabad,Laptop,Lenovo ThinkPad E14,Windows 10,Active,Assigned,2025-03-01,,,
AST-2053,EMP-08053,USR-6053,employee1053@example.com,Employee 1053,Legal,Delhi,Laptop,Dell Latitude 5430,Windows 10,Active,Assigned,2025-03-01,,,
AST-2054,EMP-08054,USR-6054,employee1054@example.com,Employee 1054,Procurement,Mumbai,Laptop,Dell Latitude 5430,Windows 11,Active,Assigned,2025-03-01,,,
AST-2055,EMP-08055,USR-6055,employee1055@example.com,Employee 1055,Customer Support,Mumbai,Laptop,Lenovo ThinkPad E14,Windows 11,Active,Assigned,2025-03-01,,,
AST-2056,EMP-08056,USR-6056,employee1056@example.com,Employee 1056,Sales,Gurugram,Laptop,Lenovo ThinkPad E14,Windows 10,Active,Assigned,2025-03-01,,,
AST-2057,EMP-08057,USR-6057,employee1057@example.com,Employee 1057,Procurement,Mumbai,Laptop,HP ProBook 440 G9,Windows 11,Active,Assigned,2025-03-01,,,
AST-2058,EMP-08058,USR-6058,employee1058@example.com,Employee 1058,Customer Support,Noida,Laptop,HP ProBook 440 G9,Windows 10,Active,Assigned,2025-03-01,,,
AST-2059,EMP-08059,USR-6059,employee1059@example.com,Employee 1059,Legal,Noida,Laptop,HP ProBook 440 G9,Windows 10,Active,Assigned,2025-03-01,,,
AST-2060,EMP-08060,USR-6060,employee1060@example.com,Employee 1060,Engineering,Delhi,Laptop,Dell Latitude 5430,Windows 10,Active,Assigned,2025-03-01,,,
AST-2061,EMP-08061,USR-6061,employee1061@example.com,Employee 1061,Operations,Noida,Laptop,Dell Latitude 5420,Windows 11,Active,Assigned,2025-03-01,,,
AST-2062,EMP-08062,USR-6062,employee1062@example.com,Employee 1062,Customer Support,Hyderabad,Laptop,Lenovo ThinkPad E14,Windows 11,Active,Assigned,2025-03-01,,,
AST-2063,EMP-08063,USR-6063,employee1063@example.com,Employee 1063,Procurement,Gurugram,Laptop,Lenovo ThinkPad E14,Windows 10,Active,Assigned,2025-03-01,,,
AST-2064,EMP-08064,USR-6064,employee1064@example.com,Employee 1064,Customer Support,Mumbai,Laptop,Dell Latitude 5420,Windows 10,Active,Assigned,2025-03-01,,,
AST-2065,EMP-08065,USR-6065,employee1065@example.com,Employee 1065,Engineering,Chennai,Laptop,Lenovo ThinkPad T14,Windows 11,Active,Assigned,2025-03-01,,,
AST-2066,EMP-08066,USR-6066,employee1066@example.com,Employee 1066,IT,Gurugram,Laptop,Lenovo ThinkPad E14,Windows 11,Active,Assigned,2025-03-01,,,
AST-2067,EMP-08067,USR-6067,employee1067@example.com,Employee 1067,IT,Hyderabad,Laptop,Dell Latitude 5430,Windows 11,Active,Assigned,2025-03-01,,,
AST-2068,EMP-08068,USR-6068,employee1068@example.com,Employee 1068,Customer Support,Mumbai,Laptop,Dell Latitude 5420,Windows 10,Active,Assigned,2025-03-01,,,
AST-2069,EMP-08069,USR-6069,employee1069@example.com,Employee 1069,Operations,Noida,Laptop,Dell Latitude 5430,Windows 10,Active,Assigned,2025-03-01,,,
AST-2070,EMP-08070,USR-6070,employee1070@example.com,Employee 1070,Legal,Chennai,Laptop,Dell Latitude 5430,Windows 11,Active,Assigned,2025-03-01,,,
AST-2071,EMP-08071,USR-6071,employee1071@example.com,Employee 1071,Operations,Bengaluru,Laptop,HP EliteBook 840 G8,Windows 10,Active,Assigned,2025-03-01,,,
AST-2072,EMP-08072,USR-6072,employee1072@example.com,Employee 1072,HR,Noida,Laptop,Dell Latitude 5420,Windows 10,Active,Assigned,2025-03-01,,,
AST-2073,EMP-08073,USR-6073,employee1073@example.com,Employee 1073,Engineering,Noida,Laptop,Lenovo ThinkPad T14,Windows 10,Active,Assigned,2025-03-01,,,
AST-2074,EMP-08074,USR-6074,employee1074@example.com,Employee 1074,IT,Noida,Laptop,HP ProBook 440 G9,Windows 10,Active,Assigned,2025-03-01,,,
AST-2075,EMP-08075,USR-6075,employee1075@example.com,Employee 1075,IT,Noida,Laptop,Dell Latitude 5420,Windows 11,Active,Assigned,2025-03-01,,,
AST-2076,EMP-08076,USR-6076,employee1076@example.com,Employee 1076,HR,Gurugram,Laptop,HP EliteBook 840 G8,Windows 10,Active,Assigned,2025-03-01,,,
AST-2077,EMP-08077,USR-6077,employee1077@example.com,Employee 1077,HR,Gurugram,Laptop,Lenovo ThinkPad E14,Windows 11,Active,Assigned,2025-03-01,,,
AST-2078,EMP-08078,USR-6078,employee1078@example.com,Employee 1078,Engineering,Bengaluru,Laptop,HP EliteBook 840 G8,Windows 11,Active,Assigned,2025-03-01,,,
AST-2079,EMP-08079,USR-6079,employee1079@example.com,Employee 1079,Engineering,Pune,Laptop,Lenovo ThinkPad E14,Windows 10,Active,Assigned,2025-03-01,,,
AST-2080,EMP-08080,USR-6080,employee1080@example.com,Employee 1080,Finance,Delhi,Laptop,Dell Latitude 5420,Windows 11,Active,Assigned,2025-03-01,,,
AST-2081,EMP-08081,USR-6081,employee1081@example.com,Employee 1081,Finance,Bengaluru,Laptop,Dell Latitude 5420,Windows 11,Active,Assigned,2025-03-01,,,
AST-2082,EMP-08082,USR-6082,employee1082@example.com,Employee 1082,Finance,Hyderabad,Laptop,Dell Latitude 5430,Windows 10,Active,Assigned,2025-03-01,,,
AST-2083,EMP-08083,USR-6083,employee1083@example.com,Employee 1083,Procurement,Hyderabad,Laptop,Dell Latitude 5420,Windows 10,Active,Assigned,2025-03-01,,,
AST-2084,EMP-08084,USR-6084,employee1084@example.com,Employee 1084,Sales,Hyderabad,Laptop,Lenovo ThinkPad E14,Windows 10,Active,Assigned,2025-03-01,,,
AST-2085,EMP-08085,USR-6085,employee1085@example.com,Employee 1085,Legal,Delhi,Laptop,Lenovo ThinkPad E14,Windows 11,Active,Assigned,2025-03-01,,,
AST-2086,EMP-08086,USR-6086,employee1086@example.com,Employee 1086,Procurement,Noida,Laptop,Lenovo ThinkPad E14,Windows 11,Active,Assigned,2025-03-01,,,
AST-2087,EMP-08087,USR-6087,employee1087@example.com,Employee 1087,HR,Hyderabad,Laptop,Dell Latitude 5430,Windows 10,Active,Assigned,2025-03-01,,,
AST-2088,EMP-08088,USR-6088,employee1088@example.com,Employee 1088,Legal,Noida,Laptop,Dell Latitude 5420,Windows 10,On Leave,Assigned,2025-03-01,,,
AST-2089,EMP-08089,USR-6089,employee1089@example.com,Employee 1089,Operations,Bengaluru,Laptop,Lenovo ThinkPad E14,Windows 11,Active,Assigned,2025-03-01,,,
AST-2090,EMP-08090,USR-6090,employee1090@example.com,Employee 1090,Finance,Hyderabad,Laptop,HP ProBook 440 G9,Windows 10,Active,Assigned,2025-03-01,,,
AST-2091,EMP-08091,USR-6091,employee1091@example.com,Employee 1091,HR,Bengaluru,Laptop,Lenovo ThinkPad T14,Windows 11,Active,Assigned,2025-03-01,,,
AST-2092,EMP-08092,USR-6092,employee1092@example.com,Employee 1092,IT,Mumbai,Laptop,HP EliteBook 840 G8,Windows 10,Active,Assigned,2025-03-01,,,
AST-2093,EMP-08093,USR-6093,employee1093@example.com,Employee 1093,HR,Bengaluru,Laptop,Lenovo ThinkPad E14,Windows 10,Active,Assigned,2025-03-01,,,
AST-2094,EMP-08094,USR-6094,employee1094@example.com,Employee 1094,Legal,Chennai,Laptop,Lenovo ThinkPad E14,Windows 10,Active,Assigned,2025-03-01,,,
AST-2095,EMP-08095,USR-6095,employee1095@example.com,Employee 1095,Procurement,Bengaluru,Laptop,Dell Latitude 5430,Windows 11,Active,Assigned,2025-03-01,,,
AST-2096,EMP-08096,USR-6096,employee1096@example.com,Employee 1096,Sales,Noida,Laptop,Dell Latitude 5420,Windows 11,Active,Assigned,2025-03-01,,,
AST-2097,EMP-08097,USR-6097,employee1097@example.com,Employee 1097,Legal,Hyderabad,Laptop,HP ProBook 440 G9,Windows 11,Active,Assigned,2025-03-01,,,
AST-2098,EMP-08098,USR-6098,employee1098@example.com,Employee 1098,Operations,Bengaluru,Laptop,Lenovo ThinkPad T14,Windows 10,Active,Assigned,2025-03-01,,,
AST-2099,EMP-08099,USR-6099,employee1099@example.com,Employee 1099,Sales,Bengaluru,Laptop,HP ProBook 440 G9,Windows 10,Active,Assigned,2025-03-01,,,
AST-2100,EMP-08100,USR-6100,employee1100@example.com,Employee 1100,Operations,Mumbai,Laptop,Lenovo ThinkPad T14,Windows 10,On Leave,Assigned,2025-03-01,,,
AST-2101,EMP-08101,USR-6101,employee1101@example.com,Employee 1101,IT,Hyderabad,Laptop,Lenovo ThinkPad T14,Windows 10,Active,Assigned,2025-03-01,,,
AST-2102,EMP-08102,USR-6102,employee1102@example.com,Employee 1102,HR,Gurugram,Laptop,Dell Latitude 5420,Windows 10,Active,Assigned,2025-03-01,,,
AST-2103,EMP-08103,USR-6103,employee1103@example.com,Employee 1103,Operations,Pune,Laptop,Dell Latitude 5420,Windows 11,Active,Assigned,2025-03-01,,,
AST-2104,EMP-08104,USR-6104,employee1104@example.com,Employee 1104,Customer Support,Noida,Laptop,Dell Latitude 5430,Windows 10,Active,Assigned,2025-03-01,,,
AST-2105,EMP-08105,USR-6105,employee1105@example.com,Employee 1105,Operations,Gurugram,Laptop,Lenovo ThinkPad E14,Windows 10,Active,Assigned,2025-03-01,,,
AST-2106,EMP-08106,USR-6106,employee1106@example.com,Employee 1106,Procurement,Chennai,Laptop,Lenovo ThinkPad T14,Windows 10,Active,Assigned,2025-03-01,,,
AST-2107,EMP-08107,USR-6107,employee1107@example.com,Employee 1107,Procurement,Gurugram,Laptop,Dell Latitude 5430,Windows 10,Active,Assigned,2025-03-01,,,
AST-2108,EMP-08108,USR-6108,employee1108@example.com,Employee 1108,Procurement,Pune,Laptop,Lenovo ThinkPad E14,Windows 10,Active,Assigned,2025-03-01,,,
AST-2109,EMP-08109,USR-6109,employee1109@example.com,Employee 1109,Operations,Pune,Laptop,Lenovo ThinkPad T14,Windows 10,Active,Assigned,2025-03-01,,,
AST-2110,EMP-08110,USR-6110,employee1110@example.com,Employee 1110,Sales,Chennai,Laptop,Lenovo ThinkPad E14,Windows 10,Active,Assigned,2025-03-01,,,
AST-2111,EMP-08111,USR-6111,employee1111@example.com,Employee 1111,Engineering,Hyderabad,Laptop,HP ProBook 440 G9,Windows 10,Active,Assigned,2025-03-01,,,
AST-2112,EMP-08112,USR-6112,employee1112@example.com,Employee 1112,Procurement,Noida,Laptop,HP EliteBook 840 G8,Windows 11,Active,Assigned,2025-03-01,,,
AST-2113,EMP-08113,USR-6113,employee1113@example.com,Employee 1113,HR,Delhi,Laptop,Dell Latitude 5430,Windows 10,Active,Assigned,2025-03-01,,,
AST-2114,EMP-08114,USR-6114,employee1114@example.com,Employee 1114,Finance,Mumbai,Laptop,Lenovo ThinkPad T14,Windows 10,Active,Assigned,2025-03-01,,,
AST-2115,EMP-08115,USR-6115,employee1115@example.com,Employee 1115,Finance,Noida,Laptop,Dell Latitude 5430,Windows 10,Active,Assigned,2025-03-01,,,
AST-2116,EMP-08116,USR-6116,employee1116@example.com,Employee 1116,Customer Support,Bengaluru,Laptop,HP ProBook 440 G9,Windows 10,Active,Assigned,2025-03-01,,,
AST-2117,EMP-08117,USR-6117,employee1117@example.com,Employee 1117,Customer Support,Delhi,Laptop,Dell Latitude 5420,Windows 10,Active,Assigned,2025-03-01,,,
AST-2118,EMP-08118,USR-6118,employee1118@example.com,Employee 1118,Procurement,Bengaluru,Laptop,Dell Latitude 5430,Windows 11,Active,Assigned,2025-03-01,,,
AST-2119,EMP-08119,USR-6119,employee1119@example.com,Employee 1119,Customer Support,Delhi,Laptop,Lenovo ThinkPad E14,Windows 11,Active,Assigned,2025-03-01,,,
AST-2120,EMP-08120,USR-6120,employee1120@example.com,Employee 1120,Engineering,Delhi,Laptop,Lenovo ThinkPad E14,Windows 10,Active,Assigned,2025-03-01,,,
AST-2121,EMP-08121,USR-6121,employee1121@example.com,Employee 1121,Procurement,Chennai,Laptop,HP EliteBook 840 G8,Windows 11,Active,Assigned,2025-03-01,,,
AST-2122,EMP-08122,USR-6122,employee1122@example.com,Employee 1122,Procurement,Hyderabad,Laptop,HP ProBook 440 G9,Windows 11,On Leave,Assigned,2025-03-01,,,
AST-2123,EMP-08123,USR-6123,employee1123@example.com,Employee 1123,Legal,Hyderabad,Laptop,Dell Latitude 5420,Windows 10,Active,Assigned,2025-03-01,,,
AST-2124,EMP-08124,USR-6124,employee1124@example.com,Employee 1124,IT,Bengaluru,Laptop,Dell Latitude 5420,Windows 10,Active,Assigned,2025-03-01,,,
AST-2125,EMP-08125,USR-6125,employee1125@example.com,Employee 1125,Customer Support,Pune,Laptop,Dell Latitude 5430,Windows 10,Active,Assigned,2025-03-01,,,
AST-2126,EMP-08126,USR-6126,employee1126@example.com,Employee 1126,HR,Gurugram,Laptop,HP EliteBook 840 G8,Windows 11,Active,Assigned,2025-03-01,,,
AST-2127,EMP-08127,USR-6127,employee1127@example.com,Employee 1127,IT,Mumbai,Laptop,Lenovo ThinkPad E14,Windows 11,Active,Assigned,2025-03-01,,,
AST-2128,EMP-08128,USR-6128,employee1128@example.com,Employee 1128,Engineering,Gurugram,Laptop,Dell Latitude 5420,Windows 11,Active,Assigned,2025-03-01,,,
AST-2129,EMP-08129,USR-6129,employee1129@example.com,Employee 1129,Customer Support,Mumbai,Laptop,Lenovo ThinkPad T14,Windows 11,Active,Assigned,2025-03-01,,,
AST-2130,EMP-08130,USR-6130,employee1130@example.com,Employee 1130,Operations,Chennai,Laptop,Lenovo ThinkPad T14,Windows 11,Active,Assigned,2025-03-01,,,
AST-2131,EMP-08131,USR-6131,employee1131@example.com,Employee 1131,Sales,Gurugram,Laptop,HP ProBook 440 G9,Windows 11,Active,Assigned,2025-03-01,,,
AST-2132,EMP-08132,USR-6132,employee1132@example.com,Employee 1132,Finance,Mumbai,Laptop,HP EliteBook 840 G8,Windows 11,Active,Assigned,2025-03-01,,,
AST-2133,EMP-08133,USR-6133,employee1133@example.com,Employee 1133,Operations,Gurugram,Laptop,HP EliteBook 840 G8,Windows 10,Active,Assigned,2025-03-01,,,
AST-2134,EMP-08134,USR-6134,employee1134@example.com,Employee 1134,Operations,Noida,Laptop,HP EliteBook 840 G8,Windows 10,Active,Assigned,2025-03-01,,,
AST-2135,EMP-08135,USR-6135,employee1135@example.com,Employee 1135,Customer Support,Noida,Laptop,Lenovo ThinkPad T14,Windows 11,Active,Assigned,2025-03-01,,,
AST-2136,EMP-08136,USR-6136,employee1136@example.com,Employee 1136,Procurement,Delhi,Laptop,Dell Latitude 5420,Windows 10,Active,Assigned,2025-03-01,,,
AST-2137,EMP-08137,USR-6137,employee1137@example.com,Employee 1137,Legal,Noida,Laptop,HP EliteBook 840 G8,Windows 10,Active,Assigned,2025-03-01,,,
AST-2138,EMP-08138,USR-6138,employee1138@example.com,Employee 1138,HR,Noida,Laptop,Dell Latitude 5430,Windows 10,Active,Assigned,2025-03-01,,,
AST-2139,EMP-08139,USR-6139,employee1139@example.com,Employee 1139,HR,Chennai,Laptop,HP ProBook 440 G9,Windows 10,Active,Assigned,2025-03-01,,,
AST-2140,EMP-08140,USR-6140,employee1140@example.com,Employee 1140,Sales,Bengaluru,Laptop,Dell Latitude 5430,Windows 10,Active,Assigned,2025-03-01,,,
AST-2141,EMP-08141,USR-6141,employee1141@example.com,Employee 1141,IT,Noida,Laptop,Lenovo ThinkPad T14,Windows 11,Active,Assigned,2025-03-01,,,
AST-2142,EMP-08142,USR-6142,employee1142@example.com,Employee 1142,Legal,Gurugram,Laptop,Dell Latitude 5420,Windows 10,Active,Assigned,2025-03-01,,,
AST-2143,EMP-08143,USR-6143,employee1143@example.com,Employee 1143,IT,Hyderabad,Laptop,Dell Latitude 5430,Windows 10,Active,Assigned,2025-03-01,,,
AST-2144,EMP-08144,USR-6144,employee1144@example.com,Employee 1144,Sales,Mumbai,Laptop,Dell Latitude 5430,Windows 11,Active,Assigned,2025-03-01,,,
AST-2145,EMP-08145,USR-6145,employee1145@example.com,Employee 1145,Legal,Bengaluru,Laptop,Dell Latitude 5430,Windows 10,Active,Assigned,2025-03-01,,,
AST-2146,EMP-08146,USR-6146,employee1146@example.com,Employee 1146,Operations,Pune,Laptop,HP EliteBook 840 G8,Windows 11,Active,Assigned,2025-03-01,,,
AST-2147,EMP-08147,USR-6147,employee1147@example.com,Employee 1147,IT,Mumbai,Laptop,Dell Latitude 5430,Windows 11,On Leave,Assigned,2025-03-01,,,
AST-2148,EMP-08148,USR-6148,employee1148@example.com,Employee 1148,Sales,Bengaluru,Laptop,Dell Latitude 5420,Windows 10,Active,Assigned,2025-03-01,,,
AST-2149,EMP-08149,USR-6149,employee1149@example.com,Employee 1149,IT,Gurugram,Laptop,Dell Latitude 5420,Windows 11,Active,Assigned,2025-03-01,,,
AST-2150,EMP-08150,USR-6150,employee1150@example.com,Employee 1150,Finance,Gurugram,Laptop,HP EliteBook 840 G8,Windows 10,Active,Assigned,2025-03-01,,,
AST-2151,EMP-08151,USR-6151,employee1151@example.com,Employee 1151,Engineering,Noida,Laptop,Dell Latitude 5420,Windows 10,Active,Assigned,2025-03-01,,,
AST-2152,EMP-08152,USR-6152,employee1152@example.com,Employee 1152,IT,Bengaluru,Laptop,Dell Latitude 5420,Windows 11,Active,Assigned,2025-03-01,,,
AST-2153,EMP-08153,USR-6153,employee1153@example.com,Employee 1153,Sales,Pune,Laptop,Lenovo ThinkPad E14,Windows 11,Active,Assigned,2025-03-01,,,
AST-2154,EMP-08154,USR-6154,employee1154@example.com,Employee 1154,Finance,Hyderabad,Laptop,Lenovo ThinkPad T14,Windows 11,Active,Assigned,2025-03-01,,,
AST-2155,EMP-08155,USR-6155,employee1155@example.com,Employee 1155,Procurement,Mumbai,Laptop,Lenovo ThinkPad E14,Windows 10,Active,Assigned,2025-03-01,,,
AST-2156,EMP-08156,USR-6156,employee1156@example.com,Employee 1156,Engineering,Hyderabad,Laptop,HP EliteBook 840 G8,Windows 11,Active,Assigned,2025-03-01,,,
AST-2157,EMP-08157,USR-6157,employee1157@example.com,Employee 1157,Procurement,Noida,Laptop,Lenovo ThinkPad T14,Windows 11,Active,Assigned,2025-03-01,,,
AST-2158,EMP-08158,USR-6158,employee1158@example.com,Employee 1158,Legal,Gurugram,Laptop,HP ProBook 440 G9,Windows 10,Active,Assigned,2025-03-01,,,
AST-2159,EMP-08159,USR-6159,employee1159@example.com,Employee 1159,Procurement,Chennai,Laptop,Dell Latitude 5420,Windows 11,Active,Assigned,2025-03-01,,,
AST-2160,EMP-08160,USR-6160,employee1160@example.com,Employee 1160,HR,Bengaluru,Laptop,Lenovo ThinkPad E14,Windows 11,Active,Assigned,2025-03-01,,,
AST-2161,EMP-08161,USR-6161,employee1161@example.com,Employee 1161,HR,Pune,Laptop,Dell Latitude 5430,Windows 11,Active,Assigned,2025-03-01,,,
AST-2162,EMP-08162,USR-6162,employee1162@example.com,Employee 1162,IT,Gurugram,Laptop,Dell Latitude 5420,Windows 11,Active,Assigned,2025-03-01,,,
AST-2163,EMP-08163,USR-6163,employee1163@example.com,Employee 1163,Operations,Pune,Laptop,HP ProBook 440 G9,Windows 11,Active,Assigned,2025-03-01,,,
AST-2164,EMP-08164,USR-6164,employee1164@example.com,Employee 1164,Legal,Gurugram,Laptop,HP ProBook 440 G9,Windows 11,Active,Assigned,2025-03-01,,,
AST-2165,EMP-08165,USR-6165,employee1165@example.com,Employee 1165,Customer Support,Gurugram,Laptop,Dell Latitude 5420,Windows 10,Active,Assigned,2025-03-01,,,
AST-2166,EMP-08166,USR-6166,employee1166@example.com,Employee 1166,Sales,Chennai,Laptop,Dell Latitude 5430,Windows 11,On Leave,Assigned,2025-03-01,,,
AST-2167,EMP-08167,USR-6167,employee1167@example.com,Employee 1167,Engineering,Pune,Laptop,Lenovo ThinkPad E14,Windows 11,Active,Assigned,2025-03-01,,,
AST-2168,EMP-08168,USR-6168,employee1168@example.com,Employee 1168,Sales,Noida,Laptop,Dell Latitude 5420,Windows 11,Active,Assigned,2025-03-01,,,
AST-2169,EMP-08169,USR-6169,employee1169@example.com,Employee 1169,IT,Hyderabad,Laptop,Dell Latitude 5420,Windows 11,On Leave,Assigned,2025-03-01,,,
AST-2170,EMP-08170,USR-6170,employee1170@example.com,Employee 1170,IT,Noida,Laptop,Lenovo ThinkPad E14,Windows 10,Active,Assigned,2025-03-01,,,
AST-2171,EMP-08171,USR-6171,employee1171@example.com,Employee 1171,Finance,Pune,Laptop,HP ProBook 440 G9,Windows 11,Active,Assigned,2025-03-01,,,
AST-2172,EMP-08172,USR-6172,employee1172@example.com,Employee 1172,IT,Gurugram,Laptop,Dell Latitude 5420,Windows 10,Active,Assigned,2025-03-01,,,
AST-2173,EMP-08173,USR-6173,employee1173@example.com,Employee 1173,IT,Hyderabad,Laptop,Dell Latitude 5420,Windows 10,Active,Assigned,2025-03-01,,,
AST-2174,EMP-08174,USR-6174,employee1174@example.com,Employee 1174,HR,Pune,Laptop,Lenovo ThinkPad T14,Windows 10,Active,Assigned,2025-03-01,,,
AST-2175,EMP-08175,USR-6175,employee1175@example.com,Employee 1175,Operations,Gurugram,Laptop,Dell Latitude 5430,Windows 11,Active,Assigned,2025-03-01,,,
AST-2176,EMP-08176,USR-6176,employee1176@example.com,Employee 1176,HR,Chennai,Laptop,Lenovo ThinkPad T14,Windows 10,Active,Assigned,2025-03-01,,,
AST-2177,EMP-08177,USR-6177,employee1177@example.com,Employee 1177,Legal,Delhi,Laptop,HP EliteBook 840 G8,Windows 11,Active,Assigned,2025-03-01,,,
AST-2178,EMP-08178,USR-6178,employee1178@example.com,Employee 1178,Customer Support,Hyderabad,Laptop,Lenovo ThinkPad E14,Windows 10,Active,Assigned,2025-03-01,,,
AST-2179,EMP-08179,USR-6179,employee1179@example.com,Employee 1179,IT,Delhi,Laptop,HP EliteBook 840 G8,Windows 11,Active,Assigned,2025-03-01,,,
AST-2180,EMP-08180,USR-6180,employee1180@example.com,Employee 1180,Engineering,Chennai,Laptop,HP ProBook 440 G9,Windows 10,Active,Assigned,2025-03-01,,,
AST-2181,EMP-08181,USR-6181,employee1181@example.com,Employee 1181,Sales,Pune,Laptop,HP EliteBook 840 G8,Windows 10,Active,Assigned,2025-03-01,,,
AST-2182,EMP-08182,USR-6182,employee1182@example.com,Employee 1182,Legal,Pune,Laptop,HP EliteBook 840 G8,Windows 11,Active,Assigned,2025-03-01,,,
AST-2183,EMP-08183,USR-6183,employee1183@example.com,Employee 1183,Procurement,Mumbai,Laptop,Dell Latitude 5430,Windows 11,Active,Assigned,2025-03-01,,,
AST-2184,EMP-08184,USR-6184,employee1184@example.com,Employee 1184,Engineering,Mumbai,Laptop,Dell Latitude 5430,Windows 11,Active,Assigned,2025-03-01,,,
AST-2185,EMP-08185,USR-6185,employee1185@example.com,Employee 1185,Legal,Hyderabad,Laptop,Dell Latitude 5420,Windows 10,Active,Assigned,2025-03-01,,,
AST-2186,EMP-08186,USR-6186,employee1186@example.com,Employee 1186,Legal,Bengaluru,Laptop,HP EliteBook 840 G8,Windows 10,Active,Assigned,2025-03-01,,,
AST-2187,EMP-08187,USR-6187,employee1187@example.com,Employee 1187,Procurement,Delhi,Laptop,Dell Latitude 5420,Windows 10,Active,Assigned,2025-03-01,,,
AST-2188,EMP-08188,USR-6188,employee1188@example.com,Employee 1188,Finance,Delhi,Laptop,Dell Latitude 5420,Windows 11,On Leave,Assigned,2025-03-01,,,
AST-2189,EMP-08189,USR-6189,employee1189@example.com,Employee 1189,Procurement,Bengaluru,Laptop,Dell Latitude 5430,Windows 10,Active,Assigned,2025-03-01,,,
AST-2190,EMP-08190,USR-6190,employee1190@example.com,Employee 1190,HR,Pune,Laptop,HP ProBook 440 G9,Windows 10,Active,Assigned,2025-03-01,,,
AST-2191,EMP-08191,USR-6191,employee1191@example.com,Employee 1191,Finance,Bengaluru,Laptop,Lenovo ThinkPad E14,Windows 11,Active,Assigned,2025-03-01,,,
AST-2192,EMP-08192,USR-6192,employee1192@example.com,Employee 1192,Engineering,Noida,Laptop,Lenovo ThinkPad E14,Windows 11,Active,Assigned,2025-03-01,,,
AST-2193,EMP-08193,USR-6193,employee1193@example.com,Employee 1193,Customer Support,Mumbai,Laptop,HP EliteBook 840 G8,Windows 10,Active,Assigned,2025-03-01,,,
AST-2194,EMP-08194,USR-6194,employee1194@example.com,Employee 1194,Legal,Bengaluru,Laptop,Dell Latitude 5430,Windows 11,Active,Assigned,2025-03-01,,,
AST-2195,EMP-08195,USR-6195,employee1195@example.com,Employee 1195,Operations,Gurugram,Laptop,HP ProBook 440 G9,Windows 10,Active,Assigned,2025-03-01,,,
AST-2196,EMP-08196,USR-6196,employee1196@example.com,Employee 1196,Sales,Mumbai,Laptop,Dell Latitude 5430,Windows 11,Active,Assigned,2025-03-01,,,
AST-2197,EMP-08197,USR-6197,employee1197@example.com,Employee 1197,Legal,Mumbai,Laptop,Dell Latitude 5420,Windows 10,Active,Assigned,2025-03-01,,,
AST-2198,EMP-08198,USR-6198,employee1198@example.com,Employee 1198,Sales,Noida,Laptop,HP ProBook 440 G9,Windows 11,Active,Assigned,2025-03-01,,,
AST-2199,EMP-08199,USR-6199,employee1199@example.com,Employee 1199,IT,Pune,Laptop,Lenovo ThinkPad T14,Windows 11,Active,Assigned,2025-03-01,,,
AST-2200,EMP-08200,USR-6200,employee1200@example.com,Employee 1200,Sales,Noida,Laptop,Lenovo ThinkPad T14,Windows 10,Active,Assigned,2025-03-01,,,
