asset_id,compliance_user_id,source_system,last_check_date,bitlocker_status,antivirus_status,patch_status,dlp_status,proxy_status,device_health,overall_compliance,primary_issue,action_required,compliance_notes
AST-1001,USR-5001,Intune,2026-03-01,Enabled,Up-to-Date,Pending,Compliant,Installed,Healthy,Non-Compliant,Patching,Yes,
AST-1002,USR-5002,Intune,2026-03-01,Disabled,Outdated,Compliant,Compliant,Installed,Warning,Non-Compliant,BitLocker,Yes,
AST-1003,USR-5003,Intune,2026-03-01,Unknown,Up-to-Date,Compliant,Compliant,Missing,Healthy,Non-Compliant,BitLocker,Yes,
AST-1004,USR-5004,Intune,2026-03-01,Enabled,Outdated,Pending,Non-Compliant,Installed,Warning,Non-Compliant,Antivirus,Yes,
AST-1005,USR-5005,Intune,2026-03-01,Enabled,Up-to-Date,Outdated,Compliant,Installed,Warning,Non-Compliant,Patching,Yes,
AST-1006,USR-5006,Intune,2026-03-01,Enabled,Missing,Pending,Compliant,Installed,Warning,Non-Compliant,Antivirus,Yes,
AST-1007,USR-5007,Intune,2026-03-01,Enabled,Outdated,Compliant,Compliant,Installed,Healthy,Non-Compliant,Antivirus,Yes,
AST-1008,USR-5008,Intune,2026-03-01,Disabled,Up-to-Date,Pending,Compliant,Unknown,Healthy,Non-Compliant,Patching,Yes,
AST-1009,USR-5009,Intune,2026-03-01,Disabled,Up-to-Date,Compliant,Compliant,Unknown,Healthy,Non-Compliant,BitLocker,Yes,
AST-1010,USR-5010,Intune,2026-03-01,Enabled,Up-to-Date,Compliant,Unknown,Missing,Healthy,Non-Compliant,DLP,Yes,
AST-1011,USR-5011,Intune,2026-03-01,Enabled,Outdated,Compliant,Non-Compliant,Installed,Healthy,Non-Compliant,DLP,Yes,
AST-1012,USR-5012,Intune,2026-03-01,Enabled,Outdated,Outdated,Compliant,Installed,Healthy,Non-Compliant,Antivirus,Yes,Stale: employee exited; validate before remediation
AST-1013,USR-5013,Intune,2026-03-01,Unknown,Missing,Pending,Compliant,Installed,Healthy,Non-Compliant,Patching,Yes,
AST-1014,USR-5014,Intune,2026-03-01,Enabled,Up-to-Date,Pending,Compliant,Installed,Healthy,Non-Compliant,Patching,Yes,
AST-1015,USR-5015,Intune,2026-03-01,Enabled,Up-to-Date,Compliant,Non-Compliant,Missing,Healthy,Non-Compliant,DLP,Yes,
AST-1016,USR-5016,Intune,2026-03-01,Enabled,Up-to-Date,Compliant,Non-Compliant,Installed,Warning,Non-Compliant,DLP,Yes,
AST-1017,USR-5017,Intune,2026-03-01,Enabled,Up-to-Date,Compliant,Compliant,Installed,Critical,Non-Compliant,Device Health,Yes,
AST-1018,USR-5018,Intune,2026-03-01,Unknown,Missing,Outdated,Compliant,Installed,Healthy,Non-Compliant,Antivirus,Yes,
AST-1019,USR-5019,Intune,2026-03-01,Enabled,Outdated,Compliant,Compliant,Unknown,Critical,Non-Compliant,Device Health,Yes,
AST-1020,USR-5020,Intune,2026-03-01,Enabled,Up-to-Date,Pending,Compliant,Installed,Healthy,Non-Compliant,Patching,Yes,
AST-1021,USR-5021,Intune,2026-03-01,Disabled,Up-to-Date,Compliant,Non-Compliant,Installed,Critical,Non-Compliant,Device Health,Yes,
AST-1022,USR-5022,Intune,2026-03-01,Unknown,Up-to-Date,Pending,Compliant,Installed,Warning,Non-Compliant,Patching,Yes,
AST-1023,USR-5023,Intune,2026-03-01,Enabled,Up-to-Date,Compliant,Non-Compliant,Missing,Warning,Non-Compliant,Proxy,Yes,
AST-1024,USR-5024,Intune,2026-03-01,Enabled,Up-to-Date,Outdated,Compliant,Missing,Healthy,Non-Compliant,Patching,Yes,
AST-1025,USR-5025,Intune,2026-03-01,Disabled,Up-to-Date,Pending,Compliant,Installed,Warning,Non-Compliant,BitLocker,Yes,Stale: asset returned; false-positive candidate
AST-1026,USR-5026,Intune,2026-03-01,Enabled,Up-to-Date,Unknown,Compliant,Installed,Warning,Non-Compliant,Patching,Yes,
AST-1027,USR-5027,Intune,2026-03-01,Enabled,Up-to-Date,Compliant,Non-Compliant,Unknown,Healthy,Non-Compliant,Proxy,Yes,
AST-1028,USR-5028,Intune,2026-03-01,Unknown,Outdated,Outdated,Compliant,Installed,Warning,Non-Compliant,BitLocker,Yes,
AST-1029,USR-5029,Intune,2026-03-01,Disabled,Up-to-Date,Pending,Non-Compliant,Installed,Healthy,Non-Compliant,DLP,Yes,
AST-1030,USR-5030,Intune,2026-03-01,Disabled,Up-to-Date,Compliant,Non-Compliant,Installed,Healthy,Non-Compliant,BitLocker,Yes,
AST-1031,USR-5031,Intune,2026-03-01,Enabled,Up-to-Date,Unknown,Compliant,Missing,Healthy,Non-Compliant,Proxy,Yes,
AST-1032,USR-5032,Intune,2026-03-01,Enabled,Outdated,Compliant,Unknown,Installed,Warning,Non-Compliant,Antivirus,Yes,
AST-1033,USR-5033,Intune,2026-03-01,Enabled,Up-to-Date,Pending,Compliant,Installed,Warning,Non-Compliant,Patching,Yes,
AST-1034,USR-5034,Intune,2026-03-01,Enabled,Up-to-Date,Pending,Compliant,Missing,Healthy,Non-Compliant,Proxy,Yes,
AST-1035,USR-5035,Intune,2026-03-01,Enabled,Up-to-Date,Pending,Compliant,Installed,Healthy,Non-Compliant,Patching,Yes,
AST-1036,USR-5036,Intune,2026-03-01,Enabled,Missing,Compliant,Compliant,Missing,Healthy,Non-Compliant,Antivirus,Yes,
AST-1037,USR-5037,Intune,2026-03-01,Enabled,Outdated,Compliant,Compliant,Installed,Healthy,Non-Compliant,Antivirus,Yes,Decommissioned; exclude from active remediation
AST-1038,USR-5038,Intune,2026-03-01,Enabled,Missing,Compliant,Compliant,Installed,Warning,Non-Compliant,Antivirus,Yes,
AST-1039,USR-5039,Intune,2026-03-01,Disabled,Up-to-Date,Outdated,Non-Compliant,Installed,Healthy,Non-Compliant,BitLocker,Yes,
AST-1040,USR-5040,Intune,2026-03-01,Enabled,Up-to-Date,Compliant,Compliant,Installed,Healthy,Compliant,None,No,
AST-1041,USR-5041,Intune,2026-03-01,Disabled,Up-to-Date,Compliant,Compliant,Installed,Healthy,Non-Compliant,BitLocker,Yes,
AST-1042,USR-5042,Intune,2026-03-01,Unknown,Up-to-Date,Compliant,Non-Compliant,Missing,Healthy,Non-Compliant,Proxy,Yes,
AST-1043,USR-5043,Intune,2026-03-01,Enabled,Up-to-Date,Compliant,Compliant,Installed,Healthy,Compliant,None,No,
AST-1044,USR-5044,Intune,2026-03-01,Enabled,Up-to-Date,Outdated,Compliant,Installed,Healthy,Non-Compliant,Patching,Yes,
AST-1045,USR-5045,Intune,2026-03-01,Disabled,Up-to-Date,Pending,Compliant,Unknown,Healthy,Non-Compliant,BitLocker,Yes,
AST-1046,USR-5046,Intune,2026-03-01,Disabled,Outdated,Compliant,Compliant,Installed,Critical,Non-Compliant,Antivirus,Yes,
AST-1047,USR-5047,Intune,2026-03-01,Disabled,Up-to-Date,Compliant,Compliant,Missing,Healthy,Non-Compliant,Proxy,Yes,
AST-1048,USR-5048,Intune,2026-03-01,Enabled,Outdated,Outdated,Compliant,Installed,Critical,Non-Compliant,Antivirus,Yes,
AST-1049,USR-5049,Intune,2026-03-01,Enabled,Up-to-Date,Compliant,Compliant,Installed,Warning,Compliant,None,No,
AST-1050,USR-5050,Intune,2026-03-01,Enabled,Outdated,Pending,Compliant,Missing,Healthy,Non-Compliant,Patching,Yes,
AST-1051,USR-5053,Intune,2026-03-01,Enabled,Up-to-Date,Pending,Compliant,Installed,Warning,Non-Compliant,Patching,Yes,User mapping mismatch
AST-1052,USR-5052,Intune,2026-03-01,Disabled,Outdated,Compliant,Compliant,Unknown,Healthy,Non-Compliant,Proxy,Yes,
AST-1053,USR-5053,Intune,2026-03-01,Enabled,Up-to-Date,Pending,Compliant,Installed,Warning,Non-Compliant,Patching,Yes,
AST-1054,USR-5054,Intune,2026-03-01,Enabled,Outdated,Compliant,Compliant,Installed,Healthy,Non-Compliant,Antivirus,Yes,
AST-1055,USR-5055,Intune,2026-03-01,Enabled,Outdated,Compliant,Compliant,Missing,Healthy,Non-Compliant,Antivirus,Yes,
AST-1056,USR-5056,Intune,2026-03-01,Enabled,Outdated,Compliant,Compliant,Installed,Healthy,Non-Compliant,Antivirus,Yes,
AST-1057,USR-5057,Intune,2026-03-01,Enabled,Up-to-Date,Compliant,Compliant,Unknown,Healthy,Non-Compliant,Proxy,Yes,
AST-1058,USR-5058,Intune,2026-03-01,Disabled,Missing,Compliant,Compliant,Installed,Healthy,Non-Compliant,BitLocker,Yes,
AST-1059,USR-5059,Intune,2026-03-01,Disabled,Missing,Compliant,Compliant,Installed,Warning,Non-Compliant,BitLocker,Yes,
AST-1060,USR-5060,Intune,2026-03-01,Enabled,Up-to-Date,Compliant,Compliant,Installed,Healthy,Compliant,None,No,
AST-1061,USR-5061,Intune,2026-03-01,Disabled,Outdated,Pending,Compliant,Missing,Healthy,Non-Compliant,Antivirus,Yes,
AST-1062,USR-5062,Intune,2026-03-01,Enabled,Up-to-Date,Pending,Compliant,Installed,Healthy,Non-Compliant,Patching,Yes,
AST-1063,USR-5063,Intune,2026-03-01,Enabled,Outdated,Pending,Compliant,Installed,Healthy,Non-Compliant,Antivirus,Yes,
AST-1064,USR-5064,Intune,2026-03-01,Enabled,Up-to-Date,Compliant,Unknown,Installed,Warning,Non-Compliant,DLP,Yes,
AST-1065,USR-5065,Intune,2026-03-01,Disabled,Up-to-Date,Pending,Compliant,Unknown,Warning,Non-Compliant,Proxy,Yes,
AST-1066,USR-5066,Intune,2026-03-01,Enabled,Outdated,Outdated,Non-Compliant,Installed,Warning,Non-Compliant,Patching,Yes,
AST-1067,USR-5067,Intune,2026-03-01,Enabled,Outdated,Compliant,Compliant,Missing,Healthy,Non-Compliant,Proxy,Yes,
AST-1068,USR-5068,Intune,2026-03-01,Enabled,Up-to-Date,Unknown,Non-Compliant,Installed,Healthy,Non-Compliant,Patching,Yes,
AST-1069,USR-5069,Intune,2026-03-01,Unknown,Up-to-Date,Compliant,Compliant,Missing,Healthy,Non-Compliant,BitLocker,Yes,
AST-1070,USR-5070,Intune,2026-03-01,Disabled,Up-to-Date,Compliant,Compliant,Unknown,Healthy,Non-Compliant,BitLocker,Yes,
AST-1071,USR-5071,Intune,2026-03-01,Enabled,Up-to-Date,Compliant,Compliant,Installed,Healthy,Compliant,None,No,
AST-1072,USR-5072,Intune,2026-03-01,Disabled,Outdated,Compliant,Compliant,Missing,Critical,Non-Compliant,Device Health,Yes,
AST-1073,USR-5073,Intune,2026-03-01,Enabled,Outdated,Compliant,Compliant,Missing,Critical,Non-Compliant,Antivirus,Yes,Stale: employee exited; validate before remediation
AST-1074,USR-5074,Intune,2026-03-01,Enabled,Outdated,Outdated,Non-Compliant,Installed,Healthy,Non-Compliant,DLP,Yes,
AST-1075,USR-5075,Intune,2026-03-01,Enabled,Outdated,Compliant,Compliant,Installed,Critical,Non-Compliant,Antivirus,Yes,
AST-1076,USR-5076,Intune,2026-03-01,Disabled,Up-to-Date,Compliant,Compliant,Installed,Healthy,Non-Compliant,BitLocker,Yes,
AST-1077,USR-5077,Intune,2026-03-01,Enabled,Up-to-Date,Compliant,Compliant,Installed,Warning,Compliant,None,No,
AST-1078,USR-5078,Intune,2026-03-01,Enabled,Missing,Unknown,Compliant,Unknown,Warning,Non-Compliant,Patching,Yes,
AST-1079,USR-5079,Intune,2026-03-01,Enabled,Up-to-Date,Compliant,Unknown,Installed,Critical,Non-Compliant,Device Health,Yes,
AST-1080,USR-5080,Intune,2026-03-01,Enabled,Up-to-Date,Pending,Compliant,Installed,Warning,Non-Compliant,Patching,Yes,
AST-1081,USR-5081,Intune,2026-03-01,Enabled,Outdated,Compliant,Compliant,Missing,Healthy,Non-Compliant,Antivirus,Yes,
AST-1082,USR-5082,Intune,2026-03-01,Disabled,Missing,Unknown,Compliant,Missing,Warning,Non-Compliant,Proxy,Yes,
AST-1083,USR-5083,Intune,2026-03-01,Unknown,Outdated,Compliant,Non-Compliant,Installed,Healthy,Non-Compliant,Antivirus,Yes,
AST-1084,USR-5084,Intune,2026-03-01,Enabled,Up-to-Date,Compliant,Non-Compliant,Installed,Critical,Non-Compliant,DLP,Yes,
AST-1085,USR-5085,Intune,2026-03-01,Enabled,Up-to-Date,Compliant,Unknown,Installed,Healthy,Non-Compliant,DLP,Yes,
AST-1086,USR-5086,Intune,2026-03-01,Disabled,Outdated,Outdated,Compliant,Missing,Healthy,Non-Compliant,Patching,Yes,
AST-1087,USR-5087,Intune,2026-03-01,Unknown,Up-to-Date,Outdated,Compliant,Installed,Healthy,Non-Compliant,BitLocker,Yes,
AST-1088,USR-5088,Intune,2026-03-01,Enabled,Up-to-Date,Compliant,Non-Compliant,Installed,Healthy,Non-Compliant,DLP,Yes,
AST-1089,USR-5089,Intune,2026-03-01,Disabled,Up-to-Date,Pending,Non-Compliant,Installed,Healthy,Non-Compliant,BitLocker,Yes,
AST-1090,USR-5090,Intune,2026-03-01,Enabled,Up-to-Date,Compliant,Non-Compliant,Installed,Healthy,Non-Compliant,DLP,Yes,
AST-1091,USR-5091,Intune,2026-03-01,Disabled,Up-to-Date,Pending,Compliant,Installed,Healthy,Non-Compliant,BitLocker,Yes,Stale: asset returned; false-positive candidate
AST-1092,USR-5092,Intune,2026-03-01,Enabled,Up-to-Date,Compliant,Compliant,Installed,Warning,Compliant,None,No,
AST-1093,USR-5093,Intune,2026-03-01,Enabled,Up-to-Date,Pending,Compliant,Installed,Critical,Non-Compliant,Device Health,Yes,
AST-1094,USR-5094,Intune,2026-03-01,Disabled,Outdated,Pending,Non-Compliant,Installed,Healthy,Non-Compliant,Antivirus,Yes,
AST-1095,USR-5095,Intune,2026-03-01,Enabled,Up-to-Date,Compliant,Unknown,Installed,Healthy,Non-Compliant,DLP,Yes,
AST-1096,USR-5096,Intune,2026-03-01,Disabled,Up-to-Date,Pending,Compliant,Installed,Healthy,Non-Compliant,Patching,Yes,
AST-1097,USR-5097,Intune,2026-03-01,Enabled,Up-to-Date,Compliant,Compliant,Installed,Healthy,Compliant,None,No,
AST-1098,USR-5098,Intune,2026-03-01,Disabled,Outdated,Unknown,Non-Compliant,Installed,Warning,Non-Compliant,BitLocker,Yes,
AST-1099,USR-5099,Intune,2026-03-01,Disabled,Up-to-Date,Compliant,Compliant,Missing,Healthy,Non-Compliant,Proxy,Yes,
AST-1100,USR-5100,Intune,2026-03-01,Enabled,Up-to-Date,Compliant,Compliant,Installed,Critical,Non-Compliant,Device Health,Yes,
AST-1101,USR-5101,Intune,2026-03-01,Enabled,Up-to-Date,Pending,Compliant,Installed,Healthy,Non-Compliant,Patching,Yes,
AST-1102,USR-5102,Intune,2026-03-01,Enabled,Up-to-Date,Compliant,Unknown,Installed,Healthy,Non-Compliant,DLP,Yes,
AST-1103,USR-5103,Intune,2026-03-01,Enabled,Outdated,Compliant,Compliant,Installed,Healthy,Non-Compliant,Antivirus,Yes,
AST-1104,USR-5104,Intune,2026-03-01,Disabled,Outdated,Compliant,Compliant,Installed,Healthy,Non-Compliant,BitLocker,Yes,
AST-1105,USR-5105,Intune,2026-03-01,Disabled,Outdated,Compliant,Non-Compliant,Installed,Healthy,Non-Compliant,DLP,Yes,
AST-1106,USR-5106,Intune,2026-03-01,Disabled,Up-to-Date,Pending,Compliant,Installed,Warning,Non-Compliant,Patching,Yes,
AST-1107,USR-5107,Intune,2026-03-01,Enabled,Up-to-Date,Compliant,Non-Compliant,Installed,Critical,Non-Compliant,Device Health,Yes,
AST-1108,USR-5108,Intune,2026-03-01,Enabled,Up-to-Date,Compliant,Compliant,Installed,Healthy,Compliant,None,No,
AST-1109,USR-5109,Intune,2026-03-01,Enabled,Outdated,Compliant,Non-Compliant,Missing,Healthy,Non-Compliant,Proxy,Yes,
AST-1110,USR-5110,Intune,2026-03-01,Enabled,Up-to-Date,Compliant,Compliant,Installed,Warning,Compliant,None,No,
AST-1111,USR-5111,Intune,2026-03-01,Disabled,Missing,Compliant,Compliant,Installed,Critical,Non-Compliant,Antivirus,Yes,Duplicate compliance record
AST-1111,USR-5111,Intune,2026-03-01,Disabled,Missing,Compliant,Compliant,Installed,Critical,Non-Compliant,Antivirus,Yes,Duplicate compliance record
AST-1112,USR-5112,Intune,2026-03-01,Enabled,Up-to-Date,Pending,Compliant,Installed,Warning,Non-Compliant,Patching,Yes,
AST-1113,USR-5113,Intune,2026-03-01,Enabled,Outdated,Compliant,Compliant,Installed,Healthy,Non-Compliant,Antivirus,Yes,
AST-1114,USR-5114,Intune,2026-03-01,Enabled,Up-to-Date,Compliant,Unknown,Installed,Warning,Non-Compliant,DLP,Yes,
AST-1115,USR-5115,Intune,2026-03-01,Disabled,Up-to-Date,Pending,Non-Compliant,Missing,Healthy,Non-Compliant,DLP,Yes,
AST-1116,USR-5116,Intune,2026-03-01,Enabled,Outdated,Pending,Non-Compliant,Installed,Healthy,Non-Compliant,Patching,Yes,
AST-1117,USR-5117,Intune,2026-03-01,Disabled,Outdated,Compliant,Compliant,Unknown,Warning,Non-Compliant,BitLocker,Yes,
AST-1118,USR-5118,Intune,2026-03-01,Enabled,Up-to-Date,Compliant,Compliant,Installed,Warning,Compliant,None,No,
AST-1119,USR-5119,Intune,2026-03-01,Disabled,Up-to-Date,Compliant,Compliant,Installed,Healthy,Non-Compliant,BitLocker,Yes,
AST-1120,USR-5120,Intune,2026-03-01,Unknown,Up-to-Date,Compliant,Compliant,Installed,Healthy,Non-Compliant,BitLocker,Yes,
AST-1121,USR-5121,Intune,2026-03-01,Enabled,Outdated,Compliant,Non-Compliant,Missing,Healthy,Non-Compliant,Proxy,Yes,
AST-1122,USR-5122,Intune,2026-03-01,Disabled,Up-to-Date,Pending,Compliant,Installed,Healthy,Non-Compliant,Patching,Yes,
AST-1123,USR-5123,Intune,2026-03-01,Enabled,Outdated,Compliant,Compliant,Installed,Healthy,Non-Compliant,Antivirus,Yes,
AST-1124,USR-5124,Intune,2026-03-01,Enabled,Outdated,Compliant,Compliant,Unknown,Healthy,Non-Compliant,Antivirus,Yes,
AST-1125,USR-5125,Intune,2026-03-01,Unknown,Up-to-Date,Compliant,Non-Compliant,Installed,Warning,Non-Compliant,BitLocker,Yes,
AST-1126,USR-5126,Intune,2026-03-01,Enabled,Outdated,Compliant,Non-Compliant,Installed,Warning,Non-Compliant,Antivirus,Yes,
AST-1127,USR-5127,Intune,2026-03-01,Enabled,Outdated,Outdated,Compliant,Installed,Healthy,Non-Compliant,Patching,Yes,
AST-1128,USR-5128,Intune,2026-03-01,Disabled,Up-to-Date,Compliant,Compliant,Missing,Warning,Non-Compliant,Proxy,Yes,
AST-1129,USR-5129,Intune,2026-03-01,Enabled,Outdated,Compliant,Compliant,Installed,Healthy,Non-Compliant,Antivirus,Yes,
AST-1130,USR-5130,Intune,2026-03-01,Enabled,Up-to-Date,Pending,Compliant,Installed,Healthy,Non-Compliant,Patching,Yes,
AST-1131,USR-5131,Intune,2026-03-01,Enabled,Outdated,Compliant,Non-Compliant,Installed,Critical,Non-Compliant,Antivirus,Yes,
AST-1132,USR-5132,Intune,2026-03-01,Enabled,Outdated,Compliant,Unknown,Installed,Healthy,Non-Compliant,DLP,Yes,
AST-1133,USR-5133,Intune,2026-03-01,Enabled,Up-to-Date,Pending,Compliant,Installed,Warning,Non-Compliant,Patching,Yes,
AST-1134,USR-5134,Intune,2026-03-01,Disabled,Up-to-Date,Pending,Compliant,Unknown,Healthy,Non-Compliant,BitLocker,Yes,
AST-1135,USR-5135,Intune,2026-03-01,Unknown,Outdated,Unknown,Unknown,Installed,Warning,Non-Compliant,Patching,Yes,
AST-1136,USR-5136,Intune,2026-03-01,Enabled,Up-to-Date,Compliant,Non-Compliant,Installed,Healthy,Non-Compliant,DLP,Yes,
AST-1137,USR-5137,Intune,2026-03-01,Enabled,Up-to-Date,Pending,Compliant,Installed,Healthy,Non-Compliant,Patching,Yes,
AST-1138,USR-5138,Intune,2026-03-01,Disabled,Up-to-Date,Outdated,Non-Compliant,Installed,Healthy,Non-Compliant,BitLocker,Yes,
AST-1139,USR-5139,Intune,2026-03-01,Enabled,Up-to-Date,Outdated,Compliant,Unknown,Healthy,Non-Compliant,Proxy,Yes,
AST-1140,USR-5140,Intune,2026-03-01,Enabled,Up-to-Date,Compliant,Compliant,Installed,Critical,Non-Compliant,Device Health,Yes,
AST-1141,USR-5141,Intune,2026-03-01,Enabled,Outdated,Compliant,Compliant,Missing,Healthy,Non-Compliant,Antivirus,Yes,
AST-1142,USR-5142,Intune,2026-03-01,Enabled,Outdated,Pending,Compliant,Installed,Healthy,Non-Compliant,Patching,Yes,
AST-1143,USR-5143,Intune,2026-03-01,Enabled,Outdated,Pending,Non-Compliant,Unknown,Healthy,Non-Compliant,DLP,Yes,
AST-1144,USR-5144,Intune,2026-03-01,Enabled,Up-to-Date,Compliant,Compliant,Unknown,Warning,Non-Compliant,Proxy,Yes,
AST-1145,USR-5145,Intune,2026-03-01,Enabled,Up-to-Date,Unknown,Compliant,Missing,Healthy,Non-Compliant,Patching,Yes,Decommissioned; exclude from active remediation
AST-1146,USR-5146,Intune,2026-03-01,Enabled,Up-to-Date,Compliant,Compliant,Missing,Warning,Non-Compliant,Proxy,Yes,
AST-1147,USR-5147,Intune,2026-03-01,Disabled,Outdated,Compliant,Compliant,Installed,Healthy,Non-Compliant,Antivirus,Yes,
AST-1148,USR-5148,Intune,2026-03-01,Disabled,Outdated,Pending,Compliant,Installed,Healthy,Non-Compliant,Antivirus,Yes,
AST-1149,USR-5149,Intune,2026-03-01,Enabled,Up-to-Date,Compliant,Compliant,Installed,Healthy,Compliant,None,No,
AST-1150,USR-5150,Intune,2026-03-01,Enabled,Missing,Pending,Compliant,Installed,Warning,Non-Compliant,Patching,Yes,
AST-1151,USR-5151,Intune,2026-03-01,Enabled,Up-to-Date,Compliant,Compliant,Missing,Warning,Non-Compliant,Proxy,Yes,
AST-1152,USR-5152,Intune,2026-03-01,Enabled,Up-to-Date,Pending,Compliant,Missing,Healthy,Non-Compliant,Patching,Yes,
AST-1153,USR-5153,Intune,2026-03-01,Enabled,Up-to-Date,Pending,Compliant,Missing,Critical,Non-Compliant,Device Health,Yes,
AST-1154,USR-5154,Intune,2026-03-01,Unknown,Up-to-Date,Compliant,Unknown,Installed,Healthy,Non-Compliant,DLP,Yes,
AST-1155,USR-5155,Intune,2026-03-01,Enabled,Up-to-Date,Outdated,Unknown,Missing,Warning,Non-Compliant,Proxy,Yes,
AST-1156,USR-5156,Intune,2026-03-01,Enabled,Up-to-Date,Compliant,Non-Compliant,Installed,Healthy,Non-Compliant,DLP,Yes,
AST-1157,USR-5157,Intune,2026-03-01,Enabled,Outdated,Compliant,Non-Compliant,Installed,Healthy,Non-Compliant,DLP,Yes,
AST-1158,USR-5158,Intune,2026-03-01,Enabled,Up-to-Date,Compliant,Compliant,Installed,Warning,Compliant,None,No,
AST-1159,USR-5159,Intune,2026-03-01,Enabled,Up-to-Date,Unknown,Compliant,Installed,Warning,Non-Compliant,Patching,Yes,
AST-1160,USR-5160,Intune,2026-03-01,Disabled,Up-to-Date,Outdated,Unknown,Installed,Healthy,Non-Compliant,DLP,Yes,
AST-1161,USR-5161,Intune,2026-03-01,Enabled,Up-to-Date,Unknown,Compliant,Unknown,Healthy,Non-Compliant,Proxy,Yes,
AST-1162,USR-5162,Intune,2026-03-01,Disabled,Up-to-Date,Pending,Compliant,Installed,Healthy,Non-Compliant,Patching,Yes,
AST-1163,USR-5163,Intune,2026-03-01,Disabled,Up-to-Date,Compliant,Compliant,Installed,Healthy,Non-Compliant,BitLocker,Yes,
AST-1164,USR-5164,Intune,2026-03-01,Enabled,Up-to-Date,Compliant,Compliant,Installed,Healthy,Compliant,None,No,
AST-1165,USR-5165,Intune,2026-03-01,Enabled,Up-to-Date,Pending,Non-Compliant,Missing,Warning,Non-Compliant,Proxy,Yes,
AST-1166,USR-5166,Intune,2026-03-01,Enabled,Up-to-Date,Compliant,Non-Compliant,Installed,Healthy,Non-Compliant,DLP,Yes,
AST-1167,USR-5167,Intune,2026-03-01,Enabled,Up-to-Date,Compliant,Non-Compliant,Installed,Warning,Non-Compliant,DLP,Yes,
AST-1168,USR-5168,Intune,2026-03-01,Enabled,Up-to-Date,Pending,Compliant,Installed,Warning,Non-Compliant,Patching,Yes,
AST-1169,USR-5169,Intune,2026-03-01,Enabled,Outdated,Compliant,Compliant,Installed,Healthy,Non-Compliant,Antivirus,Yes,
AST-1170,USR-5170,Intune,2026-03-01,Enabled,Up-to-Date,Outdated,Unknown,Installed,Healthy,Non-Compliant,Patching,Yes,
AST-1171,USR-5171,Intune,2026-03-01,Disabled,Outdated,Compliant,Compliant,Installed,Healthy,Non-Compliant,Antivirus,Yes,
AST-1172,USR-5172,Intune,2026-03-01,Disabled,Up-to-Date,Compliant,Compliant,Installed,Warning,Non-Compliant,BitLocker,Yes,
AST-1173,USR-5173,Intune,2026-03-01,Enabled,Up-to-Date,Outdated,Non-Compliant,Installed,Warning,Non-Compliant,Patching,Yes,
AST-1174,USR-5174,Intune,2026-03-01,Enabled,Outdated,Outdated,Compliant,Installed,Healthy,Non-Compliant,Antivirus,Yes,
AST-1175,USR-5175,Intune,2026-03-01,Enabled,Outdated,Compliant,Compliant,Missing,Warning,Non-Compliant,Antivirus,Yes,
AST-1176,USR-5176,Intune,2026-03-01,Enabled,Up-to-Date,Pending,Non-Compliant,Installed,Warning,Non-Compliant,DLP,Yes,
AST-1177,USR-5179,Intune,2026-03-01,Disabled,Up-to-Date,Compliant,Compliant,Installed,Warning,Non-Compliant,BitLocker,Yes,User mapping mismatch
AST-1178,USR-5178,Intune,2026-03-01,Disabled,Outdated,Compliant,Unknown,Installed,Healthy,Non-Compliant,BitLocker,Yes,
AST-1179,USR-5179,Intune,2026-03-01,Enabled,Outdated,Compliant,Compliant,Installed,Healthy,Non-Compliant,Antivirus,Yes,
AST-1180,USR-5180,Intune,2026-03-01,Disabled,Up-to-Date,Unknown,Compliant,Missing,Critical,Non-Compliant,BitLocker,Yes,
AST-1181,USR-5181,Intune,2026-03-01,Enabled,Up-to-Date,Compliant,Compliant,Installed,Warning,Compliant,None,No,
AST-1182,USR-5182,Intune,2026-03-01,Disabled,Outdated,Pending,Compliant,Installed,Healthy,Non-Compliant,BitLocker,Yes,
AST-1183,USR-5183,Intune,2026-03-01,Enabled,Up-to-Date,Pending,Compliant,Installed,Healthy,Non-Compliant,Patching,Yes,
AST-1184,USR-5184,Intune,2026-03-01,Enabled,Outdated,Compliant,Compliant,Installed,Healthy,Non-Compliant,Antivirus,Yes,
AST-1185,USR-5185,Intune,2026-03-01,Enabled,Outdated,Compliant,Compliant,Installed,Healthy,Non-Compliant,Antivirus,Yes,
AST-1186,USR-5186,Intune,2026-03-01,Enabled,Up-to-Date,Compliant,Non-Compliant,Installed,Healthy,Non-Compliant,DLP,Yes,
AST-1187,USR-5187,Intune,2026-03-01,Enabled,Up-to-Date,Compliant,Compliant,Missing,Healthy,Non-Compliant,Proxy,Yes,
AST-1188,USR-5188,Intune,2026-03-01,Enabled,Outdated,Pending,Compliant,Installed,Healthy,Non-Compliant,Antivirus,Yes,
AST-1189,USR-5189,Intune,2026-03-01,Enabled,Up-to-Date,Unknown,Unknown,Missing,Critical,Non-Compliant,DLP,Yes,
AST-1190,USR-5190,Intune,2026-03-01,Disabled,Up-to-Date,Compliant,Compliant,Installed,Warning,Non-Compliant,BitLocker,Yes,
AST-1191,USR-5191,Intune,2026-03-01,Enabled,Up-to-Date,Outdated,Compliant,Missing,Healthy,Non-Compliant,Patching,Yes,
AST-1192,USR-5192,Intune,2026-03-01,Enabled,Outdated,Compliant,Non-Compliant,Unknown,Healthy,Non-Compliant,DLP,Yes,
AST-1193,USR-5193,Intune,2026-03-01,Enabled,Missing,Compliant,Compliant,Installed,Healthy,Non-Compliant,Antivirus,Yes,
AST-1194,USR-5194,Intune,2026-03-01,Enabled,Outdated,Compliant,Compliant,Installed,Healthy,Non-Compliant,Antivirus,Yes,
AST-1195,USR-5195,Intune,2026-03-01,Enabled,Up-to-Date,Compliant,Compliant,Installed,Healthy,Compliant,None,No,
AST-1196,USR-5196,Intune,2026-03-01,Enabled,Outdated,Pending,Compliant,Unknown,Healthy,Non-Compliant,Proxy,Yes,
AST-1197,USR-5197,Intune,2026-03-01,Enabled,Up-to-Date,Compliant,Compliant,Installed,Healthy,Compliant,None,No,
AST-1198,USR-5198,Intune,2026-03-01,Enabled,Up-to-Date,Compliant,Compliant,Unknown,Healthy,Non-Compliant,Proxy,Yes,
AST-1199,USR-5199,Intune,2026-03-01,Disabled,Outdated,Unknown,Compliant,Installed,Critical,Non-Compliant,Antivirus,Yes,
AST-1200,USR-5200,Intune,2026-03-01,Disabled,Outdated,Unknown,Non-Compliant,Installed,Healthy,Non-Compliant,DLP,Yes,
AST-1201,USR-5201,Intune,2026-03-01,Unknown,Up-to-Date,Pending,Compliant,Installed,Warning,Non-Compliant,Patching,Yes,
AST-1202,USR-5202,Intune,2026-03-01,Enabled,Outdated,Pending,Compliant,Unknown,Healthy,Non-Compliant,Patching,Yes,
AST-1203,USR-5203,Intune,2026-03-01,Enabled,Up-to-Date,Pending,Compliant,Installed,Healthy,Non-Compliant,Patching,Yes,
AST-1204,USR-5204,Intune,2026-03-01,Enabled,Up-to-Date,Pending,Compliant,Installed,Healthy,Non-Compliant,Patching,Yes,
AST-1205,USR-5205,Intune,2026-03-01,Enabled,Up-to-Date,Outdated,Compliant,Missing,Warning,Non-Compliant,Proxy,Yes,Stale: asset returned; false-positive candidate
AST-1206,USR-5206,Intune,2026-03-01,Enabled,Up-to-Date,Pending,Compliant,Installed,Healthy,Non-Compliant,Patching,Yes,
AST-1207,USR-5207,Intune,2026-03-01,Disabled,Outdated,Compliant,Compliant,Installed,Healthy,Non-Compliant,Antivirus,Yes,
AST-1208,USR-5208,Intune,2026-03-01,Enabled,Outdated,Outdated,Compliant,Installed,Healthy,Non-Compliant,Antivirus,Yes,
AST-1209,USR-5209,Intune,2026-03-01,Enabled,Up-to-Date,Compliant,Compliant,Installed,Critical,Non-Compliant,Device Health,Yes,
AST-1210,USR-5210,Intune,2026-03-01,Disabled,Up-to-Date,Outdated,Compliant,Installed,Healthy,Non-Compliant,BitLocker,Yes,
AST-1211,USR-5211,Intune,2026-03-01,Enabled,Up-to-Date,Compliant,Compliant,Installed,Healthy,Compliant,None,No,
AST-1212,USR-5212,Intune,2026-03-01,Enabled,Up-to-Date,Compliant,Compliant,Installed,Healthy,Compliant,None,No,
AST-1213,USR-5213,Intune,2026-03-01,Enabled,Up-to-Date,Pending,Compliant,Installed,Healthy,Non-Compliant,Patching,Yes,
AST-1214,USR-5214,Intune,2026-03-01,Enabled,Up-to-Date,Pending,Non-Compliant,Installed,Healthy,Non-Compliant,Patching,Yes,
AST-1215,USR-5215,Intune,2026-03-01,Disabled,Up-to-Date,Compliant,Compliant,Installed,Warning,Non-Compliant,BitLocker,Yes,
AST-1216,USR-5216,Intune,2026-03-01,Disabled,Up-to-Date,Outdated,Compliant,Missing,Healthy,Non-Compliant,Proxy,Yes,
AST-1217,USR-5217,Intune,2026-03-01,Disabled,Outdated,Outdated,Compliant,Installed,Healthy,Non-Compliant,BitLocker,Yes,
AST-1218,USR-5218,Intune,2026-03-01,Unknown,Up-to-Date,Outdated,Non-Compliant,Installed,Warning,Non-Compliant,Patching,Yes,
AST-1219,USR-5219,Intune,2026-03-01,Enabled,Outdated,Outdated,Non-Compliant,Installed,Healthy,Non-Compliant,DLP,Yes,
AST-1220,USR-5220,Intune,2026-03-01,Enabled,Outdated,Compliant,Compliant,Installed,Critical,Non-Compliant,Device Health,Yes,
AST-1221,USR-5221,Intune,2026-03-01,Disabled,Outdated,Compliant,Unknown,Installed,Warning,Non-Compliant,BitLocker,Yes,
AST-1222,USR-5222,Intune,2026-03-01,Enabled,Up-to-Date,Compliant,Compliant,Installed,Warning,Compliant,None,No,
AST-1223,USR-5223,Intune,2026-03-01,Enabled,Missing,Compliant,Compliant,Unknown,Healthy,Non-Compliant,Antivirus,Yes,
AST-1224,USR-5224,Intune,2026-03-01,Enabled,Up-to-Date,Compliant,Non-Compliant,Installed,Healthy,Non-Compliant,DLP,Yes,
AST-1225,USR-5225,Intune,2026-03-01,Disabled,Up-to-Date,Compliant,Compliant,Installed,Warning,Non-Compliant,BitLocker,Yes,
AST-1226,USR-5226,Intune,2026-03-01,Enabled,Up-to-Date,Compliant,Non-Compliant,Installed,Healthy,Non-Compliant,DLP,Yes,
AST-1227,USR-5227,Intune,2026-03-01,Enabled,Up-to-Date,Compliant,Compliant,Missing,Critical,Non-Compliant,Device Health,Yes,
AST-1228,USR-5228,Intune,2026-03-01,Enabled,Up-to-Date,Unknown,Compliant,Installed,Healthy,Non-Compliant,Patching,Yes,
AST-1229,USR-5229,Intune,2026-03-01,Enabled,Up-to-Date,Compliant,Compliant,Installed,Warning,Compliant,None,No,
AST-1230,USR-5230,Intune,2026-03-01,Enabled,Outdated,Compliant,Non-Compliant,Installed,Healthy,Non-Compliant,DLP,Yes,
AST-1231,USR-5231,Intune,2026-03-01,Disabled,Missing,Pending,Compliant,Installed,Healthy,Non-Compliant,BitLocker,Yes,
AST-1232,USR-5232,Intune,2026-03-01,Enabled,Up-to-Date,Pending,Compliant,Installed,Healthy,Non-Compliant,Patching,Yes,
AST-1233,USR-5233,Intune,2026-03-01,Enabled,Outdated,Outdated,Compliant,Installed,Warning,Non-Compliant,Antivirus,Yes,
AST-1234,USR-5234,Intune,2026-03-01,Enabled,Up-to-Date,Pending,Compliant,Installed,Healthy,Non-Compliant,Patching,Yes,
AST-1235,USR-5235,Intune,2026-03-01,Enabled,Up-to-Date,Pending,Compliant,Missing,Warning,Non-Compliant,Patching,Yes,
AST-1236,USR-5236,Intune,2026-03-01,Enabled,Missing,Pending,Compliant,Installed,Healthy,Non-Compliant,Antivirus,Yes,
AST-1237,USR-5237,Intune,2026-03-01,Enabled,Up-to-Date,Compliant,Non-Compliant,Installed,Healthy,Non-Compliant,DLP,Yes,
AST-1238,USR-5238,Intune,2026-03-01,Enabled,Up-to-Date,Outdated,Compliant,Missing,Healthy,Non-Compliant,Patching,Yes,
AST-1239,USR-5239,Intune,2026-03-01,Unknown,Up-to-Date,Compliant,Compliant,Missing,Healthy,Non-Compliant,Proxy,Yes,
AST-1240,USR-5240,Intune,2026-03-01,Disabled,Up-to-Date,Compliant,Unknown,Unknown,Warning,Non-Compliant,Proxy,Yes,
AST-1241,USR-5241,Intune,2026-03-01,Enabled,Up-to-Date,Pending,Compliant,Installed,Healthy,Non-Compliant,Patching,Yes,
AST-1242,USR-5242,Intune,2026-03-01,Enabled,Missing,Unknown,Compliant,Installed,Healthy,Non-Compliant,Antivirus,Yes,
AST-1243,USR-5243,Intune,2026-03-01,Enabled,Outdated,Pending,Compliant,Installed,Healthy,Non-Compliant,Antivirus,Yes,
AST-1244,USR-5244,Intune,2026-03-01,Disabled,Missing,Compliant,Non-Compliant,Installed,Healthy,Non-Compliant,BitLocker,Yes,
AST-1245,USR-5245,Intune,2026-03-01,Enabled,Up-to-Date,Compliant,Compliant,Installed,Critical,Non-Compliant,Device Health,Yes,
AST-1246,USR-5246,Intune,2026-03-01,Enabled,Outdated,Outdated,Compliant,Installed,Warning,Non-Compliant,Patching,Yes,
AST-1247,USR-5247,Intune,2026-03-01,Enabled,Up-to-Date,Unknown,Compliant,Installed,Healthy,Non-Compliant,Patching,Yes,
AST-1248,USR-5248,Intune,2026-03-01,Enabled,Outdated,Compliant,Compliant,Installed,Warning,Non-Compliant,Antivirus,Yes,
AST-1249,USR-5249,Intune,2026-03-01,Enabled,Outdated,Outdated,Compliant,Missing,Warning,Non-Compliant,Antivirus,Yes,
AST-1250,USR-5250,Intune,2026-03-01,Disabled,Up-to-Date,Compliant,Compliant,Installed,Healthy,Non-Compliant,BitLocker,Yes,
AST-1251,USR-5251,Intune,2026-03-01,Enabled,Up-to-Date,Outdated,Compliant,Installed,Healthy,Non-Compliant,Patching,Yes,
AST-1252,USR-5252,Intune,2026-03-01,Unknown,Outdated,Compliant,Compliant,Installed,Critical,Non-Compliant,Device Health,Yes,
AST-1253,USR-5253,Intune,2026-03-01,Enabled,Up-to-Date,Outdated,Compliant,Missing,Healthy,Non-Compliant,Proxy,Yes,
AST-1254,USR-5254,Intune,2026-03-01,Enabled,Up-to-Date,Outdated,Non-Compliant,Installed,Critical,Non-Compliant,Patching,Yes,
AST-1255,USR-5255,Intune,2026-03-01,Enabled,Up-to-Date,Pending,Compliant,Installed,Warning,Non-Compliant,Patching,Yes,
AST-1256,USR-5256,Intune,2026-03-01,Enabled,Up-to-Date,Compliant,Compliant,Installed,Healthy,Compliant,None,No,
AST-1257,USR-5257,Intune,2026-03-01,Disabled,Outdated,Compliant,Compliant,Installed,Critical,Non-Compliant,BitLocker,Yes,
AST-1258,USR-5258,Intune,2026-03-01,Enabled,Up-to-Date,Compliant,Unknown,Installed,Healthy,Non-Compliant,DLP,Yes,
AST-1259,USR-5259,Intune,2026-03-01,Enabled,Outdated,Compliant,Compliant,Installed,Warning,Non-Compliant,Antivirus,Yes,
AST-1260,USR-5260,Intune,2026-03-01,Disabled,Missing,Compliant,Compliant,Missing,Healthy,Non-Compliant,Proxy,Yes,
AST-1261,USR-5261,Intune,2026-03-01,Disabled,Outdated,Pending,Compliant,Installed,Healthy,Non-Compliant,Patching,Yes,
AST-1262,USR-5262,Intune,2026-03-01,Enabled,Up-to-Date,Compliant,Compliant,Installed,Warning,Compliant,None,No,
AST-1263,USR-5263,Intune,2026-03-01,Enabled,Up-to-Date,Outdated,Compliant,Installed,Critical,Non-Compliant,Patching,Yes,
AST-1264,USR-5264,Intune,2026-03-01,Enabled,Outdated,Compliant,Compliant,Installed,Healthy,Non-Compliant,Antivirus,Yes,
AST-1265,USR-5265,Intune,2026-03-01,Enabled,Up-to-Date,Compliant,Compliant,Installed,Warning,Compliant,None,No,
AST-1266,USR-5266,Intune,2026-03-01,Enabled,Up-to-Date,Outdated,Compliant,Installed,Healthy,Non-Compliant,Patching,Yes,
AST-1267,USR-5267,Intune,2026-03-01,Enabled,Outdated,Unknown,Compliant,Installed,Warning,Non-Compliant,Patching,Yes,
AST-1268,USR-5268,Intune,2026-03-01,Enabled,Outdated,Compliant,Compliant,Installed,Healthy,Non-Compliant,Antivirus,Yes,
AST-1269,USR-5269,Intune,2026-03-01,Enabled,Up-to-Date,Compliant,Unknown,Installed,Healthy,Non-Compliant,DLP,Yes,
AST-1270,USR-5270,Intune,2026-03-01,Enabled,Up-to-Date,Outdated,Compliant,Installed,Warning,Non-Compliant,Patching,Yes,
AST-1271,USR-5271,Intune,2026-03-01,Disabled,Up-to-Date,Compliant,Unknown,Installed,Critical,Non-Compliant,Device Health,Yes,
AST-1272,USR-5272,Intune,2026-03-01,Enabled,Up-to-Date,Compliant,Non-Compliant,Installed,Critical,Non-Compliant,DLP,Yes,
AST-1273,USR-5273,Intune,2026-03-01,Enabled,Up-to-Date,Pending,Unknown,Installed,Healthy,Non-Compliant,Patching,Yes,
AST-1274,USR-5274,Intune,2026-03-01,Enabled,Up-to-Date,Pending,Compliant,Installed,Healthy,Non-Compliant,Patching,Yes,
AST-1275,USR-5275,Intune,2026-03-01,Disabled,Outdated,Compliant,Non-Compliant,Installed,Healthy,Non-Compliant,Antivirus,Yes,
AST-1276,USR-5276,Intune,2026-03-01,Unknown,Up-to-Date,Outdated,Compliant,Installed,Warning,Non-Compliant,BitLocker,Yes,
AST-1277,USR-5277,Intune,2026-03-01,Disabled,Up-to-Date,Compliant,Compliant,Installed,Healthy,Non-Compliant,BitLocker,Yes,
AST-1278,USR-5278,Intune,2026-03-01,Enabled,Outdated,Pending,Compliant,Missing,Healthy,Non-Compliant,Proxy,Yes,
AST-1279,USR-5279,Intune,2026-03-01,Enabled,Up-to-Date,Outdated,Compliant,Installed,Healthy,Non-Compliant,Patching,Yes,
AST-1280,USR-5280,Intune,2026-03-01,Enabled,Outdated,Pending,Compliant,Installed,Healthy,Non-Compliant,Antivirus,Yes,
AST-1281,USR-5281,Intune,2026-03-01,Enabled,Up-to-Date,Compliant,Non-Compliant,Installed,Healthy,Non-Compliant,DLP,Yes,
AST-1282,USR-5282,Intune,2026-03-01,Enabled,Up-to-Date,Compliant,Compliant,Installed,Healthy,Compliant,None,No,
AST-1283,USR-5283,Intune,2026-03-01,Enabled,Up-to-Date,Compliant,Compliant,Installed,Warning,Compliant,None,No,
AST-1284,USR-5284,Intune,2026-03-01,Disabled,Outdated,Outdated,Compliant,Installed,Warning,Non-Compliant,Patching,Yes,
AST-1285,USR-5285,Intune,2026-03-01,Enabled,Outdated,Pending,Unknown,Missing,Healthy,Non-Compliant,Patching,Yes,
AST-1286,USR-5286,Intune,2026-03-01,Disabled,Outdated,Outdated,Compliant,Installed,Healthy,Non-Compliant,Antivirus,Yes,
AST-1287,USR-5287,Intune,2026-03-01,Enabled,Up-to-Date,Compliant,Non-Compliant,Installed,Warning,Non-Compliant,DLP,Yes,
AST-1288,USR-5288,Intune,2026-03-01,Enabled,Outdated,Pending,Compliant,Installed,Healthy,Non-Compliant,Antivirus,Yes,
AST-1289,USR-5289,Intune,2026-03-01,Disabled,Up-to-Date,Unknown,Compliant,Unknown,Warning,Non-Compliant,Patching,Yes,
AST-1290,USR-5290,Intune,2026-03-01,Enabled,Up-to-Date,Pending,Compliant,Installed,Warning,Non-Compliant,Patching,Yes,
AST-1291,USR-5291,Intune,2026-03-01,Enabled,Outdated,Compliant,Unknown,Installed,Healthy,Non-Compliant,Antivirus,Yes,
AST-1292,USR-5292,Intune,2026-03-01,Enabled,Up-to-Date,Pending,Compliant,Missing,Healthy,Non-Compliant,Patching,Yes,
AST-1293,USR-5293,Intune,2026-03-01,Enabled,Up-to-Date,Pending,Compliant,Installed,Warning,Non-Compliant,Patching,Yes,
AST-1294,USR-5294,Intune,2026-03-01,Unknown,Outdated,Compliant,Compliant,Installed,Healthy,Non-Compliant,BitLocker,Yes,
AST-1295,USR-5295,Intune,2026-03-01,Enabled,Outdated,Pending,Compliant,Installed,Healthy,Non-Compliant,Antivirus,Yes,
AST-1296,USR-5296,Intune,2026-03-01,Enabled,Up-to-Date,Compliant,Compliant,Installed,Warning,Compliant,None,No,
AST-1297,USR-5297,Intune,2026-03-01,Enabled,Up-to-Date,Pending,Compliant,Missing,Healthy,Non-Compliant,Patching,Yes,
AST-1298,USR-5298,Intune,2026-03-01,Disabled,Outdated,Unknown,Compliant,Installed,Healthy,Non-Compliant,Patching,Yes,
AST-1299,USR-5299,Intune,2026-03-01,Enabled,Outdated,Outdated,Non-Compliant,Installed,Healthy,Non-Compliant,Antivirus,Yes,
AST-1300,USR-5300,Intune,2026-03-01,Enabled,Missing,Compliant,Compliant,Missing,Warning,Non-Compliant,Proxy,Yes,
AST-1301,USR-5301,Intune,2026-03-01,Enabled,Outdated,Compliant,Non-Compliant,Installed,Healthy,Non-Compliant,DLP,Yes,
AST-1302,USR-5302,Intune,2026-03-01,Enabled,Up-to-Date,Unknown,Compliant,Installed,Warning,Non-Compliant,Patching,Yes,
AST-1303,USR-5303,Intune,2026-03-01,Unknown,Outdated,Compliant,Non-Compliant,Installed,Healthy,Non-Compliant,Antivirus,Yes,
AST-1304,USR-5304,Intune,2026-03-01,Disabled,Outdated,Pending,Non-Compliant,Installed,Healthy,Non-Compliant,DLP,Yes,
AST-1305,USR-5305,Intune,2026-03-01,Enabled,Outdated,Compliant,Non-Compliant,Installed,Healthy,Non-Compliant,DLP,Yes,
AST-1306,USR-5306,Intune,2026-03-01,Enabled,Outdated,Pending,Compliant,Missing,Warning,Non-Compliant,Proxy,Yes,
AST-1307,USR-5307,Intune,2026-03-01,Enabled,Up-to-Date,Compliant,Unknown,Installed,Healthy,Non-Compliant,DLP,Yes,
AST-1308,USR-5308,Intune,2026-03-01,Disabled,Up-to-Date,Outdated,Compliant,Installed,Healthy,Non-Compliant,BitLocker,Yes,
AST-1309,USR-5309,Intune,2026-03-01,Disabled,Outdated,Unknown,Compliant,Missing,Healthy,Non-Compliant,Proxy,Yes,
AST-1310,USR-5310,Intune,2026-03-01,Enabled,Outdated,Pending,Compliant,Installed,Healthy,Non-Compliant,Antivirus,Yes,
AST-1311,USR-5311,Intune,2026-03-01,Disabled,Missing,Compliant,Compliant,Installed,Healthy,Non-Compliant,BitLocker,Yes,
AST-1312,USR-5312,Intune,2026-03-01,Enabled,Missing,Compliant,Compliant,Missing,Warning,Non-Compliant,Antivirus,Yes,
AST-1313,USR-5313,Intune,2026-03-01,Enabled,Missing,Compliant,Compliant,Installed,Healthy,Non-Compliant,Antivirus,Yes,
AST-1314,USR-5314,Intune,2026-03-01,Disabled,Up-to-Date,Compliant,Compliant,Missing,Healthy,Non-Compliant,Proxy,Yes,
AST-1315,USR-5315,Intune,2026-03-01,Unknown,Up-to-Date,Compliant,Compliant,Installed,Warning,Non-Compliant,BitLocker,Yes,
AST-1316,USR-5316,Intune,2026-03-01,Enabled,Outdated,Compliant,Compliant,Installed,Critical,Non-Compliant,Antivirus,Yes,
AST-1317,USR-5317,Intune,2026-03-01,Enabled,Missing,Pending,Compliant,Missing,Healthy,Non-Compliant,Patching,Yes,
AST-1318,USR-5318,Intune,2026-03-01,Enabled,Outdated,Compliant,Non-Compliant,Installed,Healthy,Non-Compliant,DLP,Yes,
AST-1319,USR-5319,Intune,2026-03-01,Enabled,Up-to-Date,Pending,Compliant,Installed,Healthy,Non-Compliant,Patching,Yes,
AST-1320,USR-5320,Intune,2026-03-01,Enabled,Outdated,Pending,Unknown,Installed,Warning,Non-Compliant,Antivirus,Yes,
AST-1321,USR-5321,Intune,2026-03-01,Disabled,Up-to-Date,Pending,Non-Compliant,Unknown,Healthy,Non-Compliant,Patching,Yes,
AST-1322,USR-5322,Intune,2026-03-01,Enabled,Up-to-Date,Compliant,Compliant,Installed,Healthy,Compliant,None,No,
AST-1323,USR-5323,Intune,2026-03-01,Enabled,Outdated,Pending,Non-Compliant,Installed,Warning,Non-Compliant,DLP,Yes,
AST-1324,USR-5324,Intune,2026-03-01,Disabled,Up-to-Date,Compliant,Compliant,Installed,Warning,Non-Compliant,BitLocker,Yes,
AST-1325,USR-5325,Intune,2026-03-01,Unknown,Outdated,Unknown,Compliant,Installed,Healthy,Non-Compliant,Patching,Yes,
AST-1326,USR-5326,Intune,2026-03-01,Enabled,Outdated,Compliant,Compliant,Installed,Healthy,Non-Compliant,Antivirus,Yes,
AST-1327,USR-5327,Intune,2026-03-01,Enabled,Outdated,Compliant,Compliant,Installed,Critical,Non-Compliant,Antivirus,Yes,
AST-1328,USR-5328,Intune,2026-03-01,Disabled,Up-to-Date,Outdated,Non-Compliant,Missing,Healthy,Non-Compliant,BitLocker,Yes,
AST-1329,USR-5329,Intune,2026-03-01,Enabled,Up-to-Date,Compliant,Compliant,Installed,Warning,Compliant,None,No,
AST-1330,USR-5330,Intune,2026-03-01,Enabled,Up-to-Date,Pending,Compliant,Installed,Healthy,Non-Compliant,Patching,Yes,
AST-1331,USR-5331,Intune,2026-03-01,Enabled,Outdated,Pending,Compliant,Missing,Healthy,Non-Compliant,Proxy,Yes,
AST-1332,USR-5332,Intune,2026-03-01,Disabled,Outdated,Compliant,Compliant,Installed,Warning,Non-Compliant,Antivirus,Yes,
AST-1333,USR-5333,Intune,2026-03-01,Enabled,Up-to-Date,Compliant,Unknown,Installed,Warning,Non-Compliant,DLP,Yes,
AST-1334,USR-5334,Intune,2026-03-01,Enabled,Outdated,Compliant,Compliant,Missing,Warning,Non-Compliant,Proxy,Yes,
AST-1335,USR-5335,Intune,2026-03-01,Enabled,Up-to-Date,Pending,Unknown,Installed,Warning,Non-Compliant,Patching,Yes,
AST-1336,USR-5336,Intune,2026-03-01,Enabled,Up-to-Date,Compliant,Compliant,Installed,Healthy,Compliant,None,No,
AST-1337,USR-5337,Intune,2026-03-01,Enabled,Up-to-Date,Pending,Compliant,Missing,Healthy,Non-Compliant,Proxy,Yes,
AST-1338,USR-5338,Intune,2026-03-01,Enabled,Up-to-Date,Pending,Compliant,Installed,Warning,Non-Compliant,Patching,Yes,
AST-1339,USR-5339,Intune,2026-03-01,Disabled,Up-to-Date,Pending,Compliant,Installed,Healthy,Non-Compliant,Patching,Yes,
AST-1340,USR-5340,Intune,2026-03-01,Disabled,Up-to-Date,Outdated,Compliant,Installed,Healthy,Non-Compliant,Patching,Yes,
AST-1341,USR-5341,Intune,2026-03-01,Enabled,Up-to-Date,Outdated,Compliant,Unknown,Warning,Non-Compliant,Proxy,Yes,
AST-1342,USR-5342,Intune,2026-03-01,Enabled,Up-to-Date,Compliant,Compliant,Missing,Healthy,Non-Compliant,Proxy,Yes,
AST-1343,USR-5343,Intune,2026-03-01,Enabled,Missing,Pending,Compliant,Missing,Healthy,Non-Compliant,Proxy,Yes,
AST-1344,USR-5344,Intune,2026-03-01,Enabled,Up-to-Date,Outdated,Compliant,Installed,Warning,Non-Compliant,Patching,Yes,
AST-1345,USR-5345,Intune,2026-03-01,Enabled,Up-to-Date,Compliant,Compliant,Installed,Healthy,Compliant,None,No,
AST-1346,USR-5346,Intune,2026-03-01,Enabled,Up-to-Date,Compliant,Compliant,Missing,Healthy,Non-Compliant,Proxy,Yes,
AST-1347,USR-5347,Intune,2026-03-01,Disabled,Up-to-Date,Compliant,Non-Compliant,Installed,Healthy,Non-Compliant,BitLocker,Yes,
AST-1348,USR-5348,Intune,2026-03-01,Enabled,Up-to-Date,Compliant,Compliant,Installed,Healthy,Compliant,None,No,
AST-1349,USR-5349,Intune,2026-03-01,Disabled,Up-to-Date,Compliant,Compliant,Installed,Healthy,Non-Compliant,BitLocker,Yes,
AST-1350,USR-5350,Intune,2026-03-01,Disabled,Up-to-Date,Pending,Compliant,Installed,Warning,Non-Compliant,BitLocker,Yes,
AST-1351,USR-5351,Intune,2026-03-01,Disabled,Up-to-Date,Outdated,Compliant,Missing,Healthy,Non-Compliant,Proxy,Yes,
AST-1352,USR-5352,Intune,2026-03-01,Enabled,Up-to-Date,Outdated,Compliant,Missing,Healthy,Non-Compliant,Patching,Yes,
AST-1353,USR-5353,Intune,2026-03-01,Enabled,Up-to-Date,Outdated,Compliant,Installed,Healthy,Non-Compliant,Patching,Yes,
AST-1354,USR-5354,Intune,2026-03-01,Enabled,Missing,Compliant,Compliant,Installed,Healthy,Non-Compliant,Antivirus,Yes,
AST-1355,USR-5355,Intune,2026-03-01,Enabled,Outdated,Compliant,Compliant,Missing,Healthy,Non-Compliant,Antivirus,Yes,
AST-1356,USR-5356,Intune,2026-03-01,Disabled,Outdated,Pending,Compliant,Installed,Healthy,Non-Compliant,Patching,Yes,
AST-1357,USR-5357,Intune,2026-03-01,Enabled,Up-to-Date,Compliant,Compliant,Installed,Critical,Non-Compliant,Device Health,Yes,
AST-1358,USR-5358,Intune,2026-03-01,Unknown,Outdated,Pending,Compliant,Installed,Warning,Non-Compliant,Patching,Yes,
AST-1359,USR-5359,Intune,2026-03-01,Enabled,Up-to-Date,Pending,Unknown,Installed,Healthy,Non-Compliant,DLP,Yes,
AST-1360,USR-5360,Intune,2026-03-01,Enabled,Outdated,Compliant,Compliant,Installed,Warning,Non-Compliant,Antivirus,Yes,
AST-1361,USR-5361,Intune,2026-03-01,Enabled,Up-to-Date,Compliant,Compliant,Installed,Healthy,Compliant,None,No,
AST-1362,USR-5362,Intune,2026-03-01,Disabled,Outdated,Compliant,Compliant,Unknown,Healthy,Non-Compliant,BitLocker,Yes,
AST-1363,USR-5363,Intune,2026-03-01,Enabled,Up-to-Date,Compliant,Non-Compliant,Installed,Warning,Non-Compliant,DLP,Yes,
AST-1364,USR-5364,Intune,2026-03-01,Enabled,Up-to-Date,Pending,Non-Compliant,Installed,Critical,Non-Compliant,DLP,Yes,
AST-1365,USR-5365,Intune,2026-03-01,Enabled,Up-to-Date,Pending,Non-Compliant,Installed,Healthy,Non-Compliant,Patching,Yes,
AST-1366,USR-5366,Intune,2026-03-01,Disabled,Outdated,Pending,Compliant,Missing,Healthy,Non-Compliant,BitLocker,Yes,
AST-1367,USR-5367,Intune,2026-03-01,Enabled,Missing,Outdated,Compliant,Installed,Healthy,Non-Compliant,Antivirus,Yes,
AST-1368,USR-5368,Intune,2026-03-01,Enabled,Up-to-Date,Pending,Compliant,Unknown,Warning,Non-Compliant,Proxy,Yes,
AST-1369,USR-5369,Intune,2026-03-01,Enabled,Up-to-Date,Compliant,Non-Compliant,Installed,Healthy,Non-Compliant,DLP,Yes,
AST-1370,USR-5370,Intune,2026-03-01,Enabled,Up-to-Date,Pending,Compliant,Installed,Healthy,Non-Compliant,Patching,Yes,
AST-1371,USR-5371,Intune,2026-03-01,Disabled,Up-to-Date,Outdated,Compliant,Missing,Warning,Non-Compliant,Patching,Yes,
AST-1372,USR-5372,Intune,2026-03-01,Unknown,Outdated,Compliant,Non-Compliant,Missing,Healthy,Non-Compliant,BitLocker,Yes,
AST-1373,USR-5373,Intune,2026-03-01,Enabled,Outdated,Compliant,Compliant,Installed,Healthy,Non-Compliant,Antivirus,Yes,
AST-1374,USR-5374,Intune,2026-03-01,Enabled,Outdated,Compliant,Unknown,Installed,Healthy,Non-Compliant,DLP,Yes,
AST-1375,USR-5375,Intune,2026-03-01,Enabled,Missing,Outdated,Compliant,Missing,Healthy,Non-Compliant,Proxy,Yes,
AST-1376,USR-5376,Intune,2026-03-01,Enabled,Up-to-Date,Compliant,Compliant,Installed,Healthy,Compliant,None,No,
AST-1377,USR-5377,Intune,2026-03-01,Enabled,Up-to-Date,Pending,Compliant,Unknown,Warning,Non-Compliant,Patching,Yes,
AST-1378,USR-5378,Intune,2026-03-01,Unknown,Up-to-Date,Compliant,Non-Compliant,Installed,Critical,Non-Compliant,BitLocker,Yes,
AST-1379,USR-5379,Intune,2026-03-01,Enabled,Up-to-Date,Compliant,Compliant,Installed,Warning,Compliant,None,No,
AST-1380,USR-5380,Intune,2026-03-01,Unknown,Up-to-Date,Compliant,Compliant,Unknown,Warning,Non-Compliant,BitLocker,Yes,
AST-1381,USR-5381,Intune,2026-03-01,Disabled,Up-to-Date,Compliant,Compliant,Installed,Healthy,Non-Compliant,BitLocker,Yes,
AST-1382,USR-5382,Intune,2026-03-01,Enabled,Up-to-Date,Outdated,Unknown,Installed,Healthy,Non-Compliant,DLP,Yes,
AST-1383,USR-5383,Intune,2026-03-01,Enabled,Outdated,Compliant,Compliant,Installed,Warning,Non-Compliant,Antivirus,Yes,
AST-1384,USR-5384,Intune,2026-03-01,Enabled,Outdated,Pending,Compliant,Installed,Warning,Non-Compliant,Patching,Yes,
AST-1385,USR-5385,Intune,2026-03-01,Enabled,Up-to-Date,Compliant,Compliant,Installed,Healthy,Compliant,None,No,
AST-1386,USR-5386,Intune,2026-03-01,Enabled,Up-to-Date,Compliant,Compliant,Installed,Healthy,Compliant,None,No,
AST-1387,USR-5387,Intune,2026-03-01,Enabled,Outdated,Compliant,Non-Compliant,Unknown,Healthy,Non-Compliant,DLP,Yes,
AST-1388,USR-5388,Intune,2026-03-01,Disabled,Outdated,Compliant,Non-Compliant,Installed,Warning,Non-Compliant,Antivirus,Yes,
AST-1389,USR-5389,Intune,2026-03-01,Enabled,Missing,Compliant,Compliant,Installed,Healthy,Non-Compliant,Antivirus,Yes,
AST-1390,USR-5390,Intune,2026-03-01,Enabled,Up-to-Date,Outdated,Non-Compliant,Installed,Healthy,Non-Compliant,DLP,Yes,
AST-1391,USR-5391,Intune,2026-03-01,Enabled,Up-to-Date,Unknown,Compliant,Installed,Warning,Non-Compliant,Patching,Yes,
AST-1392,USR-5392,Intune,2026-03-01,Enabled,Up-to-Date,Outdated,Unknown,Installed,Healthy,Non-Compliant,Patching,Yes,
AST-1393,USR-5393,Intune,2026-03-01,Enabled,Up-to-Date,Pending,Compliant,Missing,Warning,Non-Compliant,Patching,Yes,
AST-1394,USR-5394,Intune,2026-03-01,Enabled,Up-to-Date,Compliant,Compliant,Installed,Healthy,Compliant,None,No,
AST-1395,USR-5395,Intune,2026-03-01,Enabled,Up-to-Date,Compliant,Compliant,Installed,Healthy,Compliant,None,No,
AST-1396,USR-5396,Intune,2026-03-01,Disabled,Up-to-Date,Pending,Compliant,Installed,Healthy,Non-Compliant,Patching,Yes,
AST-1397,USR-5397,Intune,2026-03-01,Enabled,Up-to-Date,Compliant,Compliant,Missing,Healthy,Non-Compliant,Proxy,Yes,
AST-1398,USR-5398,Intune,2026-03-01,Enabled,Outdated,Pending,Compliant,Installed,Healthy,Non-Compliant,Patching,Yes,
AST-1399,USR-5399,Intune,2026-03-01,Disabled,Outdated,Compliant,Compliant,Installed,Warning,Non-Compliant,Antivirus,Yes,
AST-1400,USR-5400,Intune,2026-03-01,Disabled,Outdated,Compliant,Compliant,Installed,Healthy,Non-Compliant,BitLocker,Yes,
AST-1401,USR-5401,Intune,2026-03-01,Enabled,Missing,Compliant,Compliant,Missing,Warning,Non-Compliant,Proxy,Yes,
AST-1402,USR-5402,Intune,2026-03-01,Enabled,Up-to-Date,Pending,Compliant,Installed,Critical,Non-Compliant,Device Health,Yes,
AST-1403,USR-5403,Intune,2026-03-01,Disabled,Up-to-Date,Compliant,Compliant,Installed,Healthy,Non-Compliant,BitLocker,Yes,
AST-1404,USR-5404,Intune,2026-03-01,Disabled,Missing,Pending,Compliant,Unknown,Healthy,Non-Compliant,Patching,Yes,
AST-1405,USR-5405,Intune,2026-03-01,Disabled,Up-to-Date,Compliant,Compliant,Installed,Healthy,Non-Compliant,BitLocker,Yes,
AST-1406,USR-5406,Intune,2026-03-01,Disabled,Up-to-Date,Compliant,Non-Compliant,Installed,Warning,Non-Compliant,DLP,Yes,
AST-1407,USR-5407,Intune,2026-03-01,Enabled,Up-to-Date,Pending,Compliant,Missing,Healthy,Non-Compliant,Patching,Yes,
AST-1408,USR-5408,Intune,2026-03-01,Enabled,Up-to-Date,Compliant,Compliant,Installed,Warning,Compliant,None,No,
AST-1409,USR-5409,Intune,2026-03-01,Enabled,Up-to-Date,Compliant,Compliant,Installed,Healthy,Compliant,None,No,
AST-1410,USR-5410,Intune,2026-03-01,Enabled,Outdated,Compliant,Compliant,Installed,Healthy,Non-Compliant,Antivirus,Yes,
AST-1411,USR-5411,Intune,2026-03-01,Enabled,Up-to-Date,Pending,Compliant,Installed,Healthy,Non-Compliant,Patching,Yes,
AST-1412,USR-5412,Intune,2026-03-01,Disabled,Up-to-Date,Compliant,Non-Compliant,Missing,Healthy,Non-Compliant,DLP,Yes,
AST-1413,USR-5413,Intune,2026-03-01,Enabled,Outdated,Compliant,Non-Compliant,Installed,Healthy,Non-Compliant,Antivirus,Yes,
AST-1414,USR-5414,Intune,2026-03-01,Enabled,Up-to-Date,Compliant,Non-Compliant,Installed,Healthy,Non-Compliant,DLP,Yes,
AST-1415,USR-5415,Intune,2026-03-01,Enabled,Up-to-Date,Compliant,Compliant,Installed,Healthy,Compliant,None,No,
AST-1416,USR-5416,Intune,2026-03-01,Enabled,Outdated,Compliant,Compliant,Installed,Warning,Non-Compliant,Antivirus,Yes,
AST-1417,USR-5417,Intune,2026-03-01,Disabled,Up-to-Date,Compliant,Compliant,Installed,Critical,Non-Compliant,BitLocker,Yes,
AST-1418,USR-5418,Intune,2026-03-01,Enabled,Up-to-Date,Compliant,Compliant,Installed,Healthy,Compliant,None,No,
AST-1419,USR-5419,Intune,2026-03-01,Disabled,Outdated,Outdated,Compliant,Installed,Healthy,Non-Compliant,BitLocker,Yes,
AST-1420,USR-5420,Intune,2026-03-01,Enabled,Outdated,Outdated,Compliant,Installed,Healthy,Non-Compliant,Patching,Yes,
AST-1421,USR-5421,Intune,2026-03-01,Enabled,Up-to-Date,Compliant,Non-Compliant,Missing,Healthy,Non-Compliant,DLP,Yes,
AST-1422,USR-5422,Intune,2026-03-01,Enabled,Missing,Compliant,Compliant,Missing,Warning,Non-Compliant,Proxy,Yes,
AST-1423,USR-5423,Intune,2026-03-01,Disabled,Outdated,Pending,Non-Compliant,Installed,Healthy,Non-Compliant,Antivirus,Yes,
AST-1424,USR-5424,Intune,2026-03-01,Enabled,Up-to-Date,Compliant,Non-Compliant,Installed,Warning,Non-Compliant,DLP,Yes,
AST-1425,USR-5425,Intune,2026-03-01,Enabled,Up-to-Date,Compliant,Compliant,Unknown,Critical,Non-Compliant,Device Health,Yes,
AST-1426,USR-5426,Intune,2026-03-01,Disabled,Missing,Outdated,Compliant,Installed,Healthy,Non-Compliant,BitLocker,Yes,
AST-1427,USR-5427,Intune,2026-03-01,Enabled,Missing,Compliant,Compliant,Installed,Warning,Non-Compliant,Antivirus,Yes,
AST-1428,USR-5428,Intune,2026-03-01,Enabled,Up-to-Date,Pending,Compliant,Installed,Healthy,Non-Compliant,Patching,Yes,
AST-1429,USR-5429,Intune,2026-03-01,Enabled,Up-to-Date,Pending,Compliant,Installed,Healthy,Non-Compliant,Patching,Yes,
AST-1430,USR-5430,Intune,2026-03-01,Enabled,Up-to-Date,Compliant,Compliant,Missing,Warning,Non-Compliant,Proxy,Yes,
AST-1431,USR-5431,Intune,2026-03-01,Enabled,Outdated,Pending,Compliant,Installed,Warning,Non-Compliant,Antivirus,Yes,
AST-1432,USR-5432,Intune,2026-03-01,Enabled,Outdated,Compliant,Non-Compliant,Installed,Warning,Non-Compliant,DLP,Yes,
AST-1433,USR-5433,Intune,2026-03-01,Enabled,Up-to-Date,Compliant,Compliant,Installed,Healthy,Compliant,None,No,
AST-1434,USR-5434,Intune,2026-03-01,Enabled,Up-to-Date,Compliant,Compliant,Installed,Healthy,Compliant,None,No,
AST-1435,USR-5435,Intune,2026-03-01,Enabled,Up-to-Date,Pending,Compliant,Missing,Warning,Non-Compliant,Proxy,Yes,
AST-1436,USR-5436,Intune,2026-03-01,Unknown,Up-to-Date,Compliant,Compliant,Installed,Healthy,Non-Compliant,BitLocker,Yes,
AST-1437,USR-5437,Intune,2026-03-01,Enabled,Outdated,Outdated,Non-Compliant,Missing,Healthy,Non-Compliant,Proxy,Yes,
AST-1438,USR-5438,Intune,2026-03-01,Enabled,Outdated,Pending,Compliant,Installed,Healthy,Non-Compliant,Antivirus,Yes,
AST-1439,USR-5439,Intune,2026-03-01,Enabled,Up-to-Date,Pending,Non-Compliant,Installed,Healthy,Non-Compliant,DLP,Yes,
AST-1440,USR-5440,Intune,2026-03-01,Unknown,Up-to-Date,Compliant,Compliant,Installed,Warning,Non-Compliant,BitLocker,Yes,
AST-1441,USR-5441,Intune,2026-03-01,Enabled,Up-to-Date,Compliant,Non-Compliant,Installed,Healthy,Non-Compliant,DLP,Yes,
AST-1442,USR-5442,Intune,2026-03-01,Disabled,Up-to-Date,Compliant,Compliant,Installed,Healthy,Non-Compliant,BitLocker,Yes,
AST-1443,USR-5443,Intune,2026-03-01,Enabled,Outdated,Compliant,Compliant,Missing,Healthy,Non-Compliant,Antivirus,Yes,
AST-1444,USR-5444,Intune,2026-03-01,Enabled,Outdated,Pending,Non-Compliant,Installed,Critical,Non-Compliant,DLP,Yes,
AST-1445,USR-5445,Intune,2026-03-01,Enabled,Up-to-Date,Pending,Non-Compliant,Missing,Warning,Non-Compliant,DLP,Yes,
AST-1446,USR-5446,Intune,2026-03-01,Disabled,Up-to-Date,Outdated,Compliant,Installed,Healthy,Non-Compliant,Patching,Yes,
AST-1447,USR-5447,Intune,2026-03-01,Disabled,Outdated,Compliant,Compliant,Installed,Warning,Non-Compliant,Antivirus,Yes,
AST-1448,USR-5448,Intune,2026-03-01,Enabled,Up-to-Date,Compliant,Non-Compliant,Installed,Healthy,Non-Compliant,DLP,Yes,
AST-1449,USR-5449,Intune,2026-03-01,Enabled,Outdated,Pending,Compliant,Missing,Healthy,Non-Compliant,Antivirus,Yes,
AST-1450,USR-5450,Intune,2026-03-01,Disabled,Outdated,Compliant,Compliant,Installed,Critical,Non-Compliant,Device Health,Yes,
AST-1451,USR-5451,Intune,2026-03-01,Enabled,Missing,Outdated,Compliant,Installed,Healthy,Non-Compliant,Patching,Yes,
AST-1452,USR-5452,Intune,2026-03-01,Disabled,Up-to-Date,Compliant,Compliant,Installed,Warning,Non-Compliant,BitLocker,Yes,
AST-1453,USR-5453,Intune,2026-03-01,Unknown,Outdated,Compliant,Compliant,Missing,Critical,Non-Compliant,Device Health,Yes,
AST-1454,USR-5454,Intune,2026-03-01,Unknown,Up-to-Date,Outdated,Compliant,Installed,Healthy,Non-Compliant,Patching,Yes,
AST-1455,USR-5455,Intune,2026-03-01,Enabled,Up-to-Date,Compliant,Non-Compliant,Installed,Healthy,Non-Compliant,DLP,Yes,
AST-1456,USR-5456,Intune,2026-03-01,Disabled,Up-to-Date,Compliant,Compliant,Installed,Healthy,Non-Compliant,BitLocker,Yes,
AST-1457,USR-5457,Intune,2026-03-01,Disabled,Up-to-Date,Pending,Compliant,Installed,Warning,Non-Compliant,BitLocker,Yes,
AST-1458,USR-5458,Intune,2026-03-01,Enabled,Up-to-Date,Compliant,Compliant,Installed,Healthy,Compliant,None,No,
AST-1459,USR-5459,Intune,2026-03-01,Enabled,Outdated,Outdated,Non-Compliant,Installed,Healthy,Non-Compliant,Antivirus,Yes,
AST-1460,USR-5460,Intune,2026-03-01,Enabled,Outdated,Compliant,Compliant,Missing,Healthy,Non-Compliant,Proxy,Yes,
AST-1461,USR-5461,Intune,2026-03-01,Enabled,Up-to-Date,Outdated,Non-Compliant,Installed,Warning,Non-Compliant,Patching,Yes,
AST-1462,USR-5462,Intune,2026-03-01,Disabled,Up-to-Date,Pending,Compliant,Installed,Healthy,Non-Compliant,Patching,Yes,
AST-1463,USR-5463,Intune,2026-03-01,Enabled,Up-to-Date,Outdated,Non-Compliant,Installed,Critical,Non-Compliant,Device Health,Yes,
AST-1464,USR-5464,Intune,2026-03-01,Enabled,Outdated,Pending,Unknown,Installed,Healthy,Non-Compliant,Patching,Yes,
AST-1465,USR-5465,Intune,2026-03-01,Enabled,Up-to-Date,Compliant,Compliant,Installed,Healthy,Compliant,None,No,
AST-1466,USR-5466,Intune,2026-03-01,Enabled,Up-to-Date,Compliant,Compliant,Installed,Critical,Non-Compliant,Device Health,Yes,
AST-1467,USR-5467,Intune,2026-03-01,Enabled,Up-to-Date,Compliant,Compliant,Installed,Warning,Compliant,None,No,
AST-1468,USR-5468,Intune,2026-03-01,Disabled,Up-to-Date,Compliant,Compliant,Missing,Healthy,Non-Compliant,Proxy,Yes,
AST-1469,USR-5469,Intune,2026-03-01,Disabled,Up-to-Date,Compliant,Non-Compliant,Installed,Healthy,Non-Compliant,BitLocker,Yes,
AST-1470,USR-5470,Intune,2026-03-01,Enabled,Up-to-Date,Outdated,Compliant,Installed,Healthy,Non-Compliant,Patching,Yes,
AST-1471,USR-5471,Intune,2026-03-01,Enabled,Up-to-Date,Compliant,Non-Compliant,Installed,Healthy,Non-Compliant,DLP,Yes,
AST-1472,USR-5472,Intune,2026-03-01,Disabled,Outdated,Compliant,Compliant,Installed,Warning,Non-Compliant,BitLocker,Yes,
AST-1473,USR-5473,Intune,2026-03-01,Disabled,Up-to-Date,Compliant,Compliant,Installed,Warning,Non-Compliant,BitLocker,Yes,
AST-1474,USR-5474,Intune,2026-03-01,Enabled,Up-to-Date,Compliant,Non-Compliant,Installed,Healthy,Non-Compliant,DLP,Yes,
AST-1475,USR-5475,Intune,2026-03-01,Enabled,Up-to-Date,Compliant,Compliant,Installed,Warning,Compliant,None,No,
AST-1476,USR-5476,Intune,2026-03-01,Enabled,Up-to-Date,Compliant,Compliant,Installed,Healthy,Compliant,None,No,
AST-1477,USR-5477,Intune,2026-03-01,Enabled,Up-to-Date,Pending,Compliant,Installed,Warning,Non-Compliant,Patching,Yes,
AST-1478,USR-5478,Intune,2026-03-01,Enabled,Outdated,Pending,Non-Compliant,Installed,Healthy,Non-Compliant,Antivirus,Yes,
AST-1479,USR-5479,Intune,2026-03-01,Disabled,Up-to-Date,Compliant,Non-Compliant,Missing,Healthy,Non-Compliant,BitLocker,Yes,
AST-1480,USR-5480,Intune,2026-03-01,Enabled,Up-to-Date,Unknown,Compliant,Installed,Healthy,Non-Compliant,Patching,Yes,
AST-1481,USR-5481,Intune,2026-03-01,Enabled,Up-to-Date,Pending,Compliant,Installed,Healthy,Non-Compliant,Patching,Yes,
AST-1482,USR-5482,Intune,2026-03-01,Enabled,Outdated,Outdated,Compliant,Installed,Warning,Non-Compliant,Patching,Yes,
AST-1483,USR-5483,Intune,2026-03-01,Enabled,Outdated,Outdated,Compliant,Installed,Healthy,Non-Compliant,Patching,Yes,
AST-1484,USR-5484,Intune,2026-03-01,Enabled,Outdated,Unknown,Compliant,Installed,Critical,Non-Compliant,Antivirus,Yes,
AST-1485,USR-5485,Intune,2026-03-01,Unknown,Outdated,Compliant,Compliant,Installed,Warning,Non-Compliant,Antivirus,Yes,
AST-1486,USR-5486,Intune,2026-03-01,Enabled,Outdated,Pending,Compliant,Installed,Healthy,Non-Compliant,Patching,Yes,
AST-1487,USR-5487,Intune,2026-03-01,Enabled,Outdated,Compliant,Compliant,Missing,Warning,Non-Compliant,Proxy,Yes,
AST-1488,USR-5488,Intune,2026-03-01,Disabled,Up-to-Date,Compliant,Compliant,Installed,Critical,Non-Compliant,BitLocker,Yes,
AST-1489,USR-5489,Intune,2026-03-01,Disabled,Outdated,Compliant,Compliant,Missing,Healthy,Non-Compliant,BitLocker,Yes,
AST-1490,USR-5490,Intune,2026-03-01,Enabled,Outdated,Pending,Compliant,Installed,Warning,Non-Compliant,Antivirus,Yes,
AST-1491,USR-5491,Intune,2026-03-01,Enabled,Up-to-Date,Compliant,Compliant,Installed,Healthy,Compliant,None,No,
AST-1492,USR-5492,Intune,2026-03-01,Disabled,Up-to-Date,Compliant,Compliant,Installed,Healthy,Non-Compliant,BitLocker,Yes,
AST-1493,USR-5493,Intune,2026-03-01,Enabled,Up-to-Date,Compliant,Non-Compliant,Installed,Healthy,Non-Compliant,DLP,Yes,
AST-1494,USR-5494,Intune,2026-03-01,Enabled,Up-to-Date,Compliant,Compliant,Installed,Healthy,Compliant,None,No,
AST-1495,USR-5495,Intune,2026-03-01,Enabled,Up-to-Date,Pending,Compliant,Unknown,Healthy,Non-Compliant,Patching,Yes,
AST-1496,USR-5496,Intune,2026-03-01,Enabled,Up-to-Date,Compliant,Non-Compliant,Missing,Healthy,Non-Compliant,DLP,Yes,
AST-1497,USR-5497,Intune,2026-03-01,Enabled,Up-to-Date,Compliant,Compliant,Installed,Healthy,Compliant,None,No,
AST-1498,USR-5498,Intune,2026-03-01,Enabled,Up-to-Date,Compliant,Compliant,Missing,Healthy,Non-Compliant,Proxy,Yes,
AST-1499,USR-5499,Intune,2026-03-01,Enabled,Up-to-Date,Compliant,Compliant,Installed,Healthy,Compliant,None,No,
AST-1500,USR-5500,Intune,2026-03-01,Enabled,Up-to-Date,Compliant,Non-Compliant,Installed,Healthy,Non-Compliant,DLP,Yes,
AST-1501,USR-5501,Intune,2026-03-01,Disabled,Up-to-Date,Unknown,Compliant,Missing,Healthy,Non-Compliant,Proxy,Yes,
AST-1502,USR-5502,Intune,2026-03-01,Enabled,Outdated,Pending,Compliant,Installed,Healthy,Non-Compliant,Antivirus,Yes,
AST-1503,USR-5503,Intune,2026-03-01,Enabled,Outdated,Outdated,Compliant,Installed,Healthy,Non-Compliant,Antivirus,Yes,
AST-1504,USR-5504,Intune,2026-03-01,Enabled,Outdated,Compliant,Compliant,Installed,Warning,Non-Compliant,Antivirus,Yes,
AST-1505,USR-5505,Intune,2026-03-01,Enabled,Outdated,Pending,Compliant,Installed,Healthy,Non-Compliant,Patching,Yes,
AST-1506,USR-5506,Intune,2026-03-01,Disabled,Outdated,Pending,Compliant,Installed,Warning,Non-Compliant,Patching,Yes,
AST-1507,USR-5507,Intune,2026-03-01,Enabled,Up-to-Date,Compliant,Compliant,Installed,Warning,Compliant,None,No,
AST-1508,USR-5508,Intune,2026-03-01,Enabled,Outdated,Pending,Non-Compliant,Missing,Warning,Non-Compliant,Patching,Yes,
AST-1509,USR-5509,Intune,2026-03-01,Enabled,Up-to-Date,Compliant,Compliant,Installed,Warning,Compliant,None,No,
AST-1510,USR-5510,Intune,2026-03-01,Disabled,Missing,Outdated,Unknown,Installed,Warning,Non-Compliant,DLP,Yes,
AST-1511,USR-5511,Intune,2026-03-01,Enabled,Up-to-Date,Pending,Compliant,Missing,Healthy,Non-Compliant,Patching,Yes,
AST-1512,USR-5512,Intune,2026-03-01,Enabled,Outdated,Compliant,Compliant,Installed,Warning,Non-Compliant,Antivirus,Yes,
AST-1513,USR-5513,Intune,2026-03-01,Enabled,Up-to-Date,Outdated,Compliant,Missing,Healthy,Non-Compliant,Proxy,Yes,
AST-1514,USR-5514,Intune,2026-03-01,Enabled,Up-to-Date,Outdated,Compliant,Installed,Critical,Non-Compliant,Patching,Yes,
AST-1515,USR-5515,Intune,2026-03-01,Enabled,Up-to-Date,Compliant,Compliant,Installed,Critical,Non-Compliant,Device Health,Yes,
AST-1516,USR-5516,Intune,2026-03-01,Enabled,Up-to-Date,Outdated,Non-Compliant,Unknown,Critical,Non-Compliant,DLP,Yes,
AST-1517,USR-5517,Intune,2026-03-01,Enabled,Up-to-Date,Outdated,Unknown,Installed,Healthy,Non-Compliant,DLP,Yes,
AST-1518,USR-5518,Intune,2026-03-01,Enabled,Up-to-Date,Compliant,Compliant,Installed,Healthy,Compliant,None,No,
AST-1519,USR-5519,Intune,2026-03-01,Enabled,Up-to-Date,Compliant,Compliant,Installed,Healthy,Compliant,None,No,
AST-1520,USR-5520,Intune,2026-03-01,Enabled,Outdated,Compliant,Compliant,Installed,Healthy,Non-Compliant,Antivirus,Yes,
AST-1521,USR-5521,Intune,2026-03-01,Disabled,Up-to-Date,Compliant,Compliant,Installed,Warning,Non-Compliant,BitLocker,Yes,
AST-1522,USR-5522,Intune,2026-03-01,Enabled,Outdated,Unknown,Compliant,Unknown,Warning,Non-Compliant,Antivirus,Yes,
AST-1523,USR-5523,Intune,2026-03-01,Disabled,Outdated,Compliant,Compliant,Installed,Healthy,Non-Compliant,BitLocker,Yes,
AST-1524,USR-5524,Intune,2026-03-01,Enabled,Outdated,Compliant,Compliant,Installed,Healthy,Non-Compliant,Antivirus,Yes,
AST-1525,USR-5525,Intune,2026-03-01,Disabled,Outdated,Compliant,Non-Compliant,Installed,Critical,Non-Compliant,DLP,Yes,
AST-1526,USR-5526,Intune,2026-03-01,Unknown,Outdated,Compliant,Non-Compliant,Installed,Healthy,Non-Compliant,DLP,Yes,
AST-1527,USR-5527,Intune,2026-03-01,Enabled,Up-to-Date,Compliant,Compliant,Unknown,Healthy,Non-Compliant,Proxy,Yes,
AST-1528,USR-5528,Intune,2026-03-01,Disabled,Up-to-Date,Compliant,Compliant,Installed,Warning,Non-Compliant,BitLocker,Yes,
AST-1529,USR-5529,Intune,2026-03-01,Disabled,Up-to-Date,Compliant,Compliant,Installed,Healthy,Non-Compliant,BitLocker,Yes,
AST-1530,USR-5530,Intune,2026-03-01,Enabled,Outdated,Compliant,Compliant,Installed,Healthy,Non-Compliant,Antivirus,Yes,
AST-1531,USR-5531,Intune,2026-03-01,Enabled,Outdated,Compliant,Non-Compliant,Installed,Healthy,Non-Compliant,Antivirus,Yes,
AST-1532,USR-5532,Intune,2026-03-01,Enabled,Outdated,Pending,Compliant,Installed,Warning,Non-Compliant,Antivirus,Yes,
AST-1533,USR-5533,Intune,2026-03-01,Enabled,Outdated,Pending,Non-Compliant,Installed,Warning,Non-Compliant,Antivirus,Yes,
AST-1534,USR-5534,Intune,2026-03-01,Unknown,Up-to-Date,Compliant,Compliant,Installed,Healthy,Non-Compliant,BitLocker,Yes,
AST-1535,USR-5535,Intune,2026-03-01,Unknown,Up-to-Date,Pending,Compliant,Installed,Critical,Non-Compliant,Device Health,Yes,
AST-1536,USR-5536,Intune,2026-03-01,Enabled,Missing,Compliant,Compliant,Installed,Healthy,Non-Compliant,Antivirus,Yes,
AST-1537,USR-5537,Intune,2026-03-01,Enabled,Up-to-Date,Compliant,Compliant,Installed,Healthy,Compliant,None,No,
AST-1538,USR-5538,Intune,2026-03-01,Disabled,Outdated,Compliant,Compliant,Unknown,Healthy,Non-Compliant,BitLocker,Yes,
AST-1539,USR-5539,Intune,2026-03-01,Unknown,Up-to-Date,Compliant,Compliant,Installed,Healthy,Non-Compliant,BitLocker,Yes,
AST-1540,USR-5540,Intune,2026-03-01,Unknown,Up-to-Date,Pending,Unknown,Installed,Warning,Non-Compliant,DLP,Yes,
AST-1541,USR-5541,Intune,2026-03-01,Enabled,Missing,Unknown,Compliant,Installed,Healthy,Non-Compliant,Antivirus,Yes,
AST-1542,USR-5542,Intune,2026-03-01,Enabled,Outdated,Outdated,Compliant,Installed,Healthy,Non-Compliant,Patching,Yes,
AST-1543,USR-5543,Intune,2026-03-01,Disabled,Up-to-Date,Pending,Compliant,Installed,Healthy,Non-Compliant,BitLocker,Yes,
AST-1544,USR-5544,Intune,2026-03-01,Enabled,Outdated,Compliant,Compliant,Installed,Warning,Non-Compliant,Antivirus,Yes,
AST-1545,USR-5545,Intune,2026-03-01,Enabled,Up-to-Date,Pending,Compliant,Installed,Healthy,Non-Compliant,Patching,Yes,
AST-1546,USR-5546,Intune,2026-03-01,Enabled,Missing,Pending,Compliant,Unknown,Healthy,Non-Compliant,Antivirus,Yes,
AST-1547,USR-5547,Intune,2026-03-01,Disabled,Outdated,Compliant,Compliant,Unknown,Healthy,Non-Compliant,BitLocker,Yes,
AST-1548,USR-5548,Intune,2026-03-01,Enabled,Outdated,Compliant,Compliant,Installed,Healthy,Non-Compliant,Antivirus,Yes,
AST-1549,USR-5549,Intune,2026-03-01,Disabled,Up-to-Date,Unknown,Compliant,Installed,Healthy,Non-Compliant,Patching,Yes,
AST-1550,USR-5550,Intune,2026-03-01,Enabled,Up-to-Date,Unknown,Compliant,Installed,Critical,Non-Compliant,Patching,Yes,
AST-1551,USR-5551,Intune,2026-03-01,Enabled,Missing,Compliant,Compliant,Missing,Healthy,Non-Compliant,Antivirus,Yes,
AST-1552,USR-5552,Intune,2026-03-01,Enabled,Up-to-Date,Compliant,Non-Compliant,Installed,Healthy,Non-Compliant,DLP,Yes,
AST-1553,USR-5553,Intune,2026-03-01,Enabled,Up-to-Date,Outdated,Compliant,Installed,Healthy,Non-Compliant,Patching,Yes,
AST-1554,USR-5554,Intune,2026-03-01,Unknown,Outdated,Compliant,Compliant,Installed,Healthy,Non-Compliant,Antivirus,Yes,
AST-1555,USR-5555,Intune,2026-03-01,Disabled,Up-to-Date,Compliant,Compliant,Installed,Healthy,Non-Compliant,BitLocker,Yes,
AST-1556,USR-5556,Intune,2026-03-01,Enabled,Up-to-Date,Compliant,Compliant,Installed,Healthy,Compliant,None,No,
AST-1557,USR-5557,Intune,2026-03-01,Enabled,Up-to-Date,Pending,Non-Compliant,Installed,Warning,Non-Compliant,DLP,Yes,
AST-1558,USR-5558,Intune,2026-03-01,Enabled,Outdated,Outdated,Compliant,Installed,Healthy,Non-Compliant,Antivirus,Yes,
AST-1559,USR-5559,Intune,2026-03-01,Enabled,Up-to-Date,Outdated,Compliant,Installed,Healthy,Non-Compliant,Patching,Yes,
AST-1560,USR-5560,Intune,2026-03-01,Enabled,Up-to-Date,Compliant,Non-Compliant,Installed,Healthy,Non-Compliant,DLP,Yes,
AST-1561,USR-5561,Intune,2026-03-01,Unknown,Outdated,Outdated,Compliant,Installed,Warning,Non-Compliant,BitLocker,Yes,
AST-1562,USR-5562,Intune,2026-03-01,Enabled,Up-to-Date,Pending,Compliant,Missing,Warning,Non-Compliant,Patching,Yes,
AST-1563,USR-5563,Intune,2026-03-01,Enabled,Missing,Pending,Compliant,Missing,Healthy,Non-Compliant,Patching,Yes,
AST-1564,USR-5564,Intune,2026-03-01,Disabled,Missing,Compliant,Compliant,Missing,Warning,Non-Compliant,BitLocker,Yes,
AST-1565,USR-5565,Intune,2026-03-01,Enabled,Outdated,Pending,Compliant,Installed,Healthy,Non-Compliant,Antivirus,Yes,
AST-1566,USR-5566,Intune,2026-03-01,Enabled,Up-to-Date,Compliant,Compliant,Installed,Critical,Non-Compliant,Device Health,Yes,
AST-1567,USR-5567,Intune,2026-03-01,Disabled,Up-to-Date,Compliant,Compliant,Installed,Healthy,Non-Compliant,BitLocker,Yes,
AST-1568,USR-5568,Intune,2026-03-01,Enabled,Up-to-Date,Compliant,Compliant,Installed,Healthy,Compliant,None,No,
AST-1569,USR-5569,Intune,2026-03-01,Enabled,Up-to-Date,Compliant,Unknown,Installed,Healthy,Non-Compliant,DLP,Yes,
AST-1570,USR-5570,Intune,2026-03-01,Enabled,Outdated,Compliant,Non-Compliant,Missing,Healthy,Non-Compliant,DLP,Yes,
AST-1571,USR-5571,Intune,2026-03-01,Unknown,Up-to-Date,Pending,Compliant,Installed,Healthy,Non-Compliant,Patching,Yes,
AST-1572,USR-5572,Intune,2026-03-01,Enabled,Outdated,Compliant,Compliant,Missing,Critical,Non-Compliant,Proxy,Yes,
AST-1573,USR-5573,Intune,2026-03-01,Enabled,Up-to-Date,Compliant,Non-Compliant,Installed,Healthy,Non-Compliant,DLP,Yes,
AST-1574,USR-5574,Intune,2026-03-01,Enabled,Up-to-Date,Outdated,Compliant,Installed,Healthy,Non-Compliant,Patching,Yes,
AST-1575,USR-5575,Intune,2026-03-01,Disabled,Up-to-Date,Compliant,Compliant,Unknown,Healthy,Non-Compliant,Proxy,Yes,
AST-1576,USR-5576,Intune,2026-03-01,Enabled,Up-to-Date,Compliant,Non-Compliant,Installed,Critical,Non-Compliant,Device Health,Yes,
AST-1577,USR-5577,Intune,2026-03-01,Enabled,Up-to-Date,Pending,Compliant,Unknown,Critical,Non-Compliant,Patching,Yes,
AST-1578,USR-5578,Intune,2026-03-01,Enabled,Outdated,Compliant,Compliant,Installed,Healthy,Non-Compliant,Antivirus,Yes,
AST-1579,USR-5579,Intune,2026-03-01,Enabled,Up-to-Date,Compliant,Compliant,Missing,Warning,Non-Compliant,Proxy,Yes,
AST-1580,USR-5580,Intune,2026-03-01,Disabled,Up-to-Date,Compliant,Non-Compliant,Installed,Healthy,Non-Compliant,DLP,Yes,
AST-1581,USR-5581,Intune,2026-03-01,Enabled,Outdated,Pending,Unknown,Installed,Healthy,Non-Compliant,Antivirus,Yes,
AST-1582,USR-5582,Intune,2026-03-01,Enabled,Up-to-Date,Compliant,Compliant,Installed,Warning,Compliant,None,No,
AST-1583,USR-5583,Intune,2026-03-01,Disabled,Up-to-Date,Pending,Compliant,Installed,Healthy,Non-Compliant,Patching,Yes,
AST-1584,USR-5584,Intune,2026-03-01,Disabled,Up-to-Date,Compliant,Non-Compliant,Installed,Healthy,Non-Compliant,DLP,Yes,
AST-1585,USR-5585,Intune,2026-03-01,Enabled,Up-to-Date,Compliant,Compliant,Installed,Healthy,Compliant,None,No,
AST-1586,USR-5586,Intune,2026-03-01,Enabled,Up-to-Date,Outdated,Compliant,Installed,Healthy,Non-Compliant,Patching,Yes,
AST-1587,USR-5587,Intune,2026-03-01,Enabled,Outdated,Compliant,Compliant,Installed,Healthy,Non-Compliant,Antivirus,Yes,
AST-1588,USR-5588,Intune,2026-03-01,Enabled,Up-to-Date,Compliant,Compliant,Missing,Healthy,Non-Compliant,Proxy,Yes,
AST-1589,USR-5589,Intune,2026-03-01,Enabled,Up-to-Date,Unknown,Compliant,Installed,Healthy,Non-Compliant,Patching,Yes,
AST-1590,USR-5590,Intune,2026-03-01,Enabled,Up-to-Date,Pending,Non-Compliant,Installed,Healthy,Non-Compliant,DLP,Yes,
AST-1591,USR-5591,Intune,2026-03-01,Enabled,Up-to-Date,Outdated,Compliant,Installed,Healthy,Non-Compliant,Patching,Yes,
AST-1592,USR-5592,Intune,2026-03-01,Enabled,Outdated,Compliant,Compliant,Installed,Warning,Non-Compliant,Antivirus,Yes,
AST-1593,USR-5593,Intune,2026-03-01,Enabled,Up-to-Date,Outdated,Compliant,Installed,Healthy,Non-Compliant,Patching,Yes,
AST-1594,USR-5594,Intune,2026-03-01,Enabled,Up-to-Date,Pending,Non-Compliant,Missing,Warning,Non-Compliant,Patching,Yes,
AST-1595,USR-5595,Intune,2026-03-01,Enabled,Up-to-Date,Pending,Non-Compliant,Installed,Healthy,Non-Compliant,DLP,Yes,
AST-1596,USR-5596,Intune,2026-03-01,Disabled,Up-to-Date,Compliant,Compliant,Installed,Warning,Non-Compliant,BitLocker,Yes,
AST-1597,USR-5597,Intune,2026-03-01,Disabled,Outdated,Outdated,Compliant,Installed,Warning,Non-Compliant,Patching,Yes,
AST-1598,USR-5598,Intune,2026-03-01,Enabled,Up-to-Date,Unknown,Compliant,Installed,Healthy,Non-Compliant,Patching,Yes,
AST-1599,USR-5599,Intune,2026-03-01,Enabled,Outdated,Compliant,Non-Compliant,Installed,Healthy,Non-Compliant,Antivirus,Yes,
AST-1600,USR-5600,Intune,2026-03-01,Disabled,Outdated,Pending,Compliant,Missing,Warning,Non-Compliant,BitLocker,Yes,
AST-1601,USR-5601,Intune,2026-03-01,Disabled,Up-to-Date,Outdated,Compliant,Installed,Healthy,Non-Compliant,BitLocker,Yes,
AST-1602,USR-5602,Intune,2026-03-01,Disabled,Outdated,Compliant,Non-Compliant,Installed,Healthy,Non-Compliant,BitLocker,Yes,
AST-1603,USR-5603,Intune,2026-03-01,Enabled,Outdated,Compliant,Compliant,Installed,Healthy,Non-Compliant,Antivirus,Yes,
AST-1604,USR-5604,Intune,2026-03-01,Disabled,Up-to-Date,Compliant,Non-Compliant,Missing,Critical,Non-Compliant,Proxy,Yes,
AST-1605,USR-5605,Intune,2026-03-01,Enabled,Up-to-Date,Unknown,Compliant,Installed,Warning,Non-Compliant,Patching,Yes,
AST-1606,USR-5606,Intune,2026-03-01,Disabled,Outdated,Outdated,Non-Compliant,Installed,Healthy,Non-Compliant,Patching,Yes,
AST-1607,USR-5607,Intune,2026-03-01,Disabled,Outdated,Pending,Compliant,Installed,Warning,Non-Compliant,Patching,Yes,
AST-1608,USR-5608,Intune,2026-03-01,Enabled,Up-to-Date,Pending,Non-Compliant,Installed,Healthy,Non-Compliant,Patching,Yes,
AST-1609,USR-5609,Intune,2026-03-01,Disabled,Up-to-Date,Compliant,Non-Compliant,Installed,Healthy,Non-Compliant,DLP,Yes,
AST-1610,USR-5610,Intune,2026-03-01,Disabled,Up-to-Date,Compliant,Compliant,Missing,Critical,Non-Compliant,Proxy,Yes,
AST-1611,USR-5611,Intune,2026-03-01,Disabled,Missing,Compliant,Non-Compliant,Installed,Healthy,Non-Compliant,DLP,Yes,
AST-1612,USR-5612,Intune,2026-03-01,Disabled,Up-to-Date,Compliant,Compliant,Installed,Warning,Non-Compliant,BitLocker,Yes,
AST-1613,USR-5613,Intune,2026-03-01,Enabled,Up-to-Date,Compliant,Compliant,Installed,Warning,Compliant,None,No,
AST-1614,USR-5614,Intune,2026-03-01,Enabled,Missing,Pending,Unknown,Installed,Healthy,Non-Compliant,Antivirus,Yes,
AST-1615,USR-5615,Intune,2026-03-01,Enabled,Outdated,Outdated,Compliant,Installed,Healthy,Non-Compliant,Antivirus,Yes,
AST-1616,USR-5616,Intune,2026-03-01,Enabled,Up-to-Date,Compliant,Compliant,Installed,Healthy,Compliant,None,No,
AST-1617,USR-5617,Intune,2026-03-01,Enabled,Up-to-Date,Compliant,Non-Compliant,Missing,Healthy,Non-Compliant,Proxy,Yes,
AST-1618,USR-5618,Intune,2026-03-01,Enabled,Up-to-Date,Compliant,Non-Compliant,Missing,Healthy,Non-Compliant,DLP,Yes,
AST-1619,USR-5619,Intune,2026-03-01,Enabled,Outdated,Compliant,Compliant,Installed,Healthy,Non-Compliant,Antivirus,Yes,
AST-1620,USR-5620,Intune,2026-03-01,Enabled,Outdated,Pending,Compliant,Missing,Warning,Non-Compliant,Proxy,Yes,
AST-1621,USR-5621,Intune,2026-03-01,Unknown,Up-to-Date,Pending,Compliant,Installed,Warning,Non-Compliant,BitLocker,Yes,
AST-1622,USR-5622,Intune,2026-03-01,Enabled,Up-to-Date,Compliant,Compliant,Installed,Critical,Non-Compliant,Device Health,Yes,
AST-1623,USR-5623,Intune,2026-03-01,Enabled,Up-to-Date,Unknown,Compliant,Installed,Healthy,Non-Compliant,Patching,Yes,
AST-1624,USR-5624,Intune,2026-03-01,Enabled,Outdated,Compliant,Compliant,Installed,Warning,Non-Compliant,Antivirus,Yes,
AST-1625,USR-5625,Intune,2026-03-01,Disabled,Up-to-Date,Compliant,Non-Compliant,Installed,Healthy,Non-Compliant,BitLocker,Yes,
AST-1626,USR-5626,Intune,2026-03-01,Enabled,Outdated,Outdated,Compliant,Installed,Healthy,Non-Compliant,Antivirus,Yes,
AST-1627,USR-5627,Intune,2026-03-01,Enabled,Outdated,Compliant,Non-Compliant,Installed,Healthy,Non-Compliant,Antivirus,Yes,
AST-1628,USR-5628,Intune,2026-03-01,Enabled,Outdated,Unknown,Compliant,Installed,Healthy,Non-Compliant,Antivirus,Yes,
AST-1629,USR-5629,Intune,2026-03-01,Disabled,Up-to-Date,Compliant,Compliant,Installed,Healthy,Non-Compliant,BitLocker,Yes,
AST-1630,USR-5630,Intune,2026-03-01,Enabled,Up-to-Date,Compliant,Compliant,Installed,Healthy,Compliant,None,No,
AST-1631,USR-5631,Intune,2026-03-01,Unknown,Outdated,Compliant,Compliant,Installed,Healthy,Non-Compliant,Antivirus,Yes,
AST-1632,USR-5632,Intune,2026-03-01,Enabled,Up-to-Date,Compliant,Compliant,Installed,Healthy,Compliant,None,No,
AST-1633,USR-5633,Intune,2026-03-01,Disabled,Outdated,Compliant,Compliant,Unknown,Healthy,Non-Compliant,Proxy,Yes,
AST-1634,USR-5634,Intune,2026-03-01,Enabled,Up-to-Date,Compliant,Non-Compliant,Missing,Warning,Non-Compliant,Proxy,Yes,
AST-1635,USR-5635,Intune,2026-03-01,Unknown,Up-to-Date,Compliant,Compliant,Installed,Healthy,Non-Compliant,BitLocker,Yes,
AST-1636,USR-5636,Intune,2026-03-01,Enabled,Up-to-Date,Pending,Compliant,Installed,Healthy,Non-Compliant,Patching,Yes,
AST-1637,USR-5637,Intune,2026-03-01,Unknown,Outdated,Compliant,Compliant,Installed,Healthy,Non-Compliant,Antivirus,Yes,
AST-1638,USR-5638,Intune,2026-03-01,Enabled,Outdated,Compliant,Compliant,Missing,Warning,Non-Compliant,Antivirus,Yes,
AST-1639,USR-5639,Intune,2026-03-01,Enabled,Up-to-Date,Outdated,Non-Compliant,Unknown,Healthy,Non-Compliant,Proxy,Yes,
AST-1640,USR-5640,Intune,2026-03-01,Enabled,Up-to-Date,Pending,Compliant,Installed,Healthy,Non-Compliant,Patching,Yes,
AST-1641,USR-5641,Intune,2026-03-01,Unknown,Outdated,Outdated,Compliant,Installed,Healthy,Non-Compliant,Patching,Yes,
AST-1642,USR-5642,Intune,2026-03-01,Enabled,Up-to-Date,Compliant,Compliant,Missing,Healthy,Non-Compliant,Proxy,Yes,
AST-1643,USR-5643,Intune,2026-03-01,Enabled,Outdated,Compliant,Compliant,Installed,Healthy,Non-Compliant,Antivirus,Yes,
AST-1644,USR-5644,Intune,2026-03-01,Disabled,Outdated,Pending,Compliant,Missing,Warning,Non-Compliant,Proxy,Yes,
AST-1645,USR-5645,Intune,2026-03-01,Enabled,Up-to-Date,Pending,Compliant,Installed,Healthy,Non-Compliant,Patching,Yes,
AST-1646,USR-5646,Intune,2026-03-01,Enabled,Up-to-Date,Compliant,Compliant,Installed,Warning,Compliant,None,No,
AST-1647,USR-5647,Intune,2026-03-01,Enabled,Up-to-Date,Compliant,Compliant,Installed,Warning,Compliant,None,No,
AST-1648,USR-5648,Intune,2026-03-01,Enabled,Up-to-Date,Outdated,Non-Compliant,Installed,Warning,Non-Compliant,DLP,Yes,
AST-1649,USR-5649,Intune,2026-03-01,Enabled,Up-to-Date,Compliant,Non-Compliant,Installed,Healthy,Non-Compliant,DLP,Yes,
AST-1650,USR-5650,Intune,2026-03-01,Enabled,Outdated,Unknown,Compliant,Missing,Healthy,Non-Compliant,Antivirus,Yes,
AST-1651,USR-5651,Intune,2026-03-01,Enabled,Up-to-Date,Compliant,Compliant,Installed,Critical,Non-Compliant,Device Health,Yes,
AST-1652,USR-5652,Intune,2026-03-01,Enabled,Outdated,Pending,Compliant,Installed,Healthy,Non-Compliant,Antivirus,Yes,
AST-1653,USR-5653,Intune,2026-03-01,Enabled,Outdated,Compliant,Non-Compliant,Installed,Healthy,Non-Compliant,DLP,Yes,
AST-1654,USR-5654,Intune,2026-03-01,Enabled,Outdated,Compliant,Compliant,Installed,Warning,Non-Compliant,Antivirus,Yes,
AST-1655,USR-5655,Intune,2026-03-01,Disabled,Up-to-Date,Compliant,Compliant,Installed,Healthy,Non-Compliant,BitLocker,Yes,
AST-1656,USR-5656,Intune,2026-03-01,Disabled,Outdated,Pending,Compliant,Installed,Warning,Non-Compliant,Patching,Yes,
AST-1657,USR-5657,Intune,2026-03-01,Disabled,Up-to-Date,Compliant,Unknown,Installed,Healthy,Non-Compliant,BitLocker,Yes,
AST-1658,USR-5658,Intune,2026-03-01,Enabled,Up-to-Date,Compliant,Compliant,Missing,Healthy,Non-Compliant,Proxy,Yes,
AST-1659,USR-5659,Intune,2026-03-01,Enabled,Up-to-Date,Compliant,Compliant,Installed,Healthy,Compliant,None,No,
AST-1660,USR-5660,Intune,2026-03-01,Enabled,Up-to-Date,Compliant,Compliant,Missing,Healthy,Non-Compliant,Proxy,Yes,
AST-1661,USR-5661,Intune,2026-03-01,Enabled,Up-to-Date,Compliant,Compliant,Installed,Warning,Compliant,None,No,
AST-1662,USR-5662,Intune,2026-03-01,Unknown,Outdated,Pending,Non-Compliant,Installed,Healthy,Non-Compliant,Patching,Yes,
AST-1663,USR-5663,Intune,2026-03-01,Enabled,Up-to-Date,Pending,Compliant,Installed,Healthy,Non-Compliant,Patching,Yes,
AST-1664,USR-5664,Intune,2026-03-01,Enabled,Up-to-Date,Outdated,Compliant,Unknown,Healthy,Non-Compliant,Proxy,Yes,
AST-1665,USR-5665,Intune,2026-03-01,Enabled,Up-to-Date,Outdated,Compliant,Missing,Warning,Non-Compliant,Proxy,Yes,
AST-1666,USR-5666,Intune,2026-03-01,Enabled,Up-to-Date,Pending,Non-Compliant,Installed,Critical,Non-Compliant,DLP,Yes,
AST-1667,USR-5667,Intune,2026-03-01,Enabled,Up-to-Date,Compliant,Compliant,Unknown,Healthy,Non-Compliant,Proxy,Yes,
AST-1668,USR-5668,Intune,2026-03-01,Enabled,Up-to-Date,Outdated,Compliant,Installed,Healthy,Non-Compliant,Patching,Yes,
AST-1669,USR-5669,Intune,2026-03-01,Disabled,Up-to-Date,Compliant,Compliant,Installed,Healthy,Non-Compliant,BitLocker,Yes,
AST-1670,USR-5670,Intune,2026-03-01,Enabled,Outdated,Compliant,Compliant,Missing,Healthy,Non-Compliant,Proxy,Yes,
AST-1671,USR-5671,Intune,2026-03-01,Disabled,Up-to-Date,Compliant,Compliant,Installed,Healthy,Non-Compliant,BitLocker,Yes,
AST-1672,USR-5672,Intune,2026-03-01,Enabled,Outdated,Pending,Compliant,Missing,Warning,Non-Compliant,Patching,Yes,
AST-1673,USR-5673,Intune,2026-03-01,Disabled,Up-to-Date,Pending,Compliant,Missing,Healthy,Non-Compliant,Proxy,Yes,
AST-1674,USR-5674,Intune,2026-03-01,Unknown,Up-to-Date,Unknown,Compliant,Installed,Warning,Non-Compliant,Patching,Yes,
AST-1675,USR-5675,Intune,2026-03-01,Enabled,Up-to-Date,Pending,Non-Compliant,Installed,Warning,Non-Compliant,Patching,Yes,
AST-1676,USR-5676,Intune,2026-03-01,Enabled,Outdated,Compliant,Compliant,Installed,Healthy,Non-Compliant,Antivirus,Yes,
AST-1677,USR-5677,Intune,2026-03-01,Enabled,Up-to-Date,Compliant,Non-Compliant,Installed,Warning,Non-Compliant,DLP,Yes,
AST-1678,USR-5678,Intune,2026-03-01,Enabled,Up-to-Date,Pending,Compliant,Installed,Warning,Non-Compliant,Patching,Yes,
AST-1679,USR-5679,Intune,2026-03-01,Enabled,Up-to-Date,Compliant,Compliant,Missing,Healthy,Non-Compliant,Proxy,Yes,
AST-1680,USR-5680,Intune,2026-03-01,Enabled,Outdated,Pending,Non-Compliant,Installed,Healthy,Non-Compliant,Patching,Yes,
AST-1681,USR-5681,Intune,2026-03-01,Enabled,Missing,Compliant,Compliant,Installed,Healthy,Non-Compliant,Antivirus,Yes,
AST-1682,USR-5682,Intune,2026-03-01,Enabled,Up-to-Date,Pending,Compliant,Installed,Healthy,Non-Compliant,Patching,Yes,
AST-1683,USR-5683,Intune,2026-03-01,Enabled,Up-to-Date,Compliant,Compliant,Installed,Critical,Non-Compliant,Device Health,Yes,
AST-1684,USR-5684,Intune,2026-03-01,Enabled,Outdated,Compliant,Compliant,Missing,Healthy,Non-Compliant,Antivirus,Yes,
AST-1685,USR-5685,Intune,2026-03-01,Disabled,Up-to-Date,Compliant,Compliant,Installed,Healthy,Non-Compliant,BitLocker,Yes,
AST-1686,USR-5686,Intune,2026-03-01,Enabled,Up-to-Date,Pending,Compliant,Missing,Healthy,Non-Compliant,Proxy,Yes,
AST-1687,USR-5687,Intune,2026-03-01,Enabled,Up-to-Date,Outdated,Unknown,Missing,Warning,Non-Compliant,Patching,Yes,
AST-1688,USR-5688,Intune,2026-03-01,Enabled,Up-to-Date,Compliant,Unknown,Installed,Critical,Non-Compliant,DLP,Yes,
AST-1689,USR-5689,Intune,2026-03-01,Enabled,Up-to-Date,Compliant,Compliant,Installed,Healthy,Compliant,None,No,
AST-1690,USR-5690,Intune,2026-03-01,Enabled,Missing,Compliant,Compliant,Installed,Healthy,Non-Compliant,Antivirus,Yes,
AST-1691,USR-5691,Intune,2026-03-01,Disabled,Outdated,Outdated,Compliant,Installed,Warning,Non-Compliant,Antivirus,Yes,
AST-1692,USR-5692,Intune,2026-03-01,Enabled,Up-to-Date,Compliant,Compliant,Installed,Critical,Non-Compliant,Device Health,Yes,
AST-1693,USR-5693,Intune,2026-03-01,Disabled,Missing,Unknown,Compliant,Installed,Warning,Non-Compliant,Patching,Yes,
AST-1694,USR-5694,Intune,2026-03-01,Enabled,Up-to-Date,Compliant,Non-Compliant,Installed,Healthy,Non-Compliant,DLP,Yes,
AST-1695,USR-5695,Intune,2026-03-01,Disabled,Outdated,Compliant,Compliant,Missing,Healthy,Non-Compliant,Proxy,Yes,
AST-1696,USR-5696,Intune,2026-03-01,Unknown,Up-to-Date,Compliant,Compliant,Installed,Healthy,Non-Compliant,BitLocker,Yes,
AST-1697,USR-5697,Intune,2026-03-01,Enabled,Up-to-Date,Compliant,Non-Compliant,Installed,Healthy,Non-Compliant,DLP,Yes,
AST-1698,USR-5698,Intune,2026-03-01,Disabled,Up-to-Date,Compliant,Non-Compliant,Installed,Healthy,Non-Compliant,BitLocker,Yes,
AST-1699,USR-5699,Intune,2026-03-01,Enabled,Outdated,Pending,Compliant,Installed,Warning,Non-Compliant,Antivirus,Yes,
AST-1700,USR-5700,Intune,2026-03-01,Enabled,Up-to-Date,Compliant,Non-Compliant,Installed,Warning,Non-Compliant,DLP,Yes,
AST-1701,USR-5701,Intune,2026-03-01,Enabled,Up-to-Date,Compliant,Compliant,Installed,Healthy,Compliant,None,No,
AST-1702,USR-5702,Intune,2026-03-01,Enabled,Outdated,Compliant,Compliant,Missing,Healthy,Non-Compliant,Proxy,Yes,
AST-1703,USR-5703,Intune,2026-03-01,Enabled,Outdated,Compliant,Compliant,Installed,Healthy,Non-Compliant,Antivirus,Yes,
AST-1704,USR-5704,Intune,2026-03-01,Enabled,Outdated,Compliant,Non-Compliant,Missing,Healthy,Non-Compliant,Antivirus,Yes,
AST-1705,USR-5705,Intune,2026-03-01,Enabled,Outdated,Compliant,Compliant,Installed,Critical,Non-Compliant,Device Health,Yes,
AST-1706,USR-5706,Intune,2026-03-01,Enabled,Up-to-Date,Compliant,Non-Compliant,Missing,Healthy,Non-Compliant,Proxy,Yes,
AST-1707,USR-5707,Intune,2026-03-01,Disabled,Outdated,Outdated,Non-Compliant,Installed,Healthy,Non-Compliant,DLP,Yes,
AST-1708,USR-5708,Intune,2026-03-01,Unknown,Up-to-Date,Compliant,Compliant,Installed,Critical,Non-Compliant,BitLocker,Yes,
AST-1709,USR-5709,Intune,2026-03-01,Disabled,Up-to-Date,Compliant,Compliant,Missing,Healthy,Non-Compliant,BitLocker,Yes,
AST-1710,USR-5710,Intune,2026-03-01,Disabled,Missing,Pending,Compliant,Installed,Healthy,Non-Compliant,Patching,Yes,
AST-1711,USR-5711,Intune,2026-03-01,Enabled,Up-to-Date,Compliant,Compliant,Installed,Healthy,Compliant,None,No,
AST-1712,USR-5712,Intune,2026-03-01,Enabled,Up-to-Date,Compliant,Compliant,Missing,Critical,Non-Compliant,Device Health,Yes,
AST-1713,USR-5713,Intune,2026-03-01,Enabled,Outdated,Compliant,Non-Compliant,Installed,Healthy,Non-Compliant,DLP,Yes,
AST-1714,USR-5714,Intune,2026-03-01,Enabled,Up-to-Date,Unknown,Compliant,Unknown,Warning,Non-Compliant,Proxy,Yes,
AST-1715,USR-5715,Intune,2026-03-01,Enabled,Outdated,Compliant,Compliant,Missing,Critical,Non-Compliant,Antivirus,Yes,
AST-1716,USR-5716,Intune,2026-03-01,Enabled,Outdated,Outdated,Compliant,Installed,Healthy,Non-Compliant,Patching,Yes,
AST-1717,USR-5717,Intune,2026-03-01,Enabled,Up-to-Date,Pending,Compliant,Missing,Healthy,Non-Compliant,Patching,Yes,
AST-1718,USR-5718,Intune,2026-03-01,Enabled,Up-to-Date,Compliant,Non-Compliant,Installed,Warning,Non-Compliant,DLP,Yes,
AST-1719,USR-5719,Intune,2026-03-01,Enabled,Missing,Compliant,Unknown,Installed,Warning,Non-Compliant,Antivirus,Yes,
AST-1720,USR-5720,Intune,2026-03-01,Unknown,Outdated,Pending,Unknown,Installed,Healthy,Non-Compliant,BitLocker,Yes,
AST-1721,USR-5721,Intune,2026-03-01,Enabled,Up-to-Date,Pending,Non-Compliant,Installed,Warning,Non-Compliant,DLP,Yes,
AST-1722,USR-5722,Intune,2026-03-01,Enabled,Up-to-Date,Pending,Non-Compliant,Installed,Healthy,Non-Compliant,DLP,Yes,
AST-1723,USR-5723,Intune,2026-03-01,Unknown,Outdated,Compliant,Compliant,Installed,Warning,Non-Compliant,BitLocker,Yes,
AST-1724,USR-5724,Intune,2026-03-01,Enabled,Outdated,Compliant,Non-Compliant,Installed,Warning,Non-Compliant,Antivirus,Yes,
AST-1725,USR-5725,Intune,2026-03-01,Enabled,Up-to-Date,Compliant,Compliant,Installed,Warning,Compliant,None,No,
AST-1726,USR-5726,Intune,2026-03-01,Enabled,Up-to-Date,Compliant,Compliant,Unknown,Healthy,Non-Compliant,Proxy,Yes,
AST-1727,USR-5727,Intune,2026-03-01,Enabled,Up-to-Date,Compliant,Non-Compliant,Unknown,Healthy,Non-Compliant,DLP,Yes,
AST-1728,USR-5728,Intune,2026-03-01,Enabled,Outdated,Compliant,Compliant,Installed,Healthy,Non-Compliant,Antivirus,Yes,
AST-1729,USR-5729,Intune,2026-03-01,Enabled,Outdated,Compliant,Compliant,Unknown,Warning,Non-Compliant,Antivirus,Yes,
AST-1730,USR-5730,Intune,2026-03-01,Disabled,Up-to-Date,Pending,Compliant,Installed,Warning,Non-Compliant,Patching,Yes,
AST-1731,USR-5731,Intune,2026-03-01,Enabled,Up-to-Date,Compliant,Compliant,Installed,Warning,Compliant,None,No,
AST-1732,USR-5732,Intune,2026-03-01,Enabled,Up-to-Date,Unknown,Compliant,Unknown,Warning,Non-Compliant,Patching,Yes,
AST-1733,USR-5733,Intune,2026-03-01,Disabled,Outdated,Compliant,Compliant,Missing,Healthy,Non-Compliant,Antivirus,Yes,
AST-1734,USR-5734,Intune,2026-03-01,Enabled,Outdated,Pending,Compliant,Installed,Healthy,Non-Compliant,Patching,Yes,
AST-1735,USR-5735,Intune,2026-03-01,Disabled,Up-to-Date,Unknown,Non-Compliant,Installed,Healthy,Non-Compliant,Patching,Yes,
AST-1736,USR-5736,Intune,2026-03-01,Unknown,Up-to-Date,Compliant,Compliant,Installed,Warning,Non-Compliant,BitLocker,Yes,
AST-1737,USR-5737,Intune,2026-03-01,Enabled,Up-to-Date,Outdated,Unknown,Installed,Healthy,Non-Compliant,Patching,Yes,
AST-1738,USR-5738,Intune,2026-03-01,Enabled,Outdated,Pending,Compliant,Installed,Warning,Non-Compliant,Antivirus,Yes,
AST-1739,USR-5739,Intune,2026-03-01,Unknown,Outdated,Outdated,Compliant,Installed,Healthy,Non-Compliant,BitLocker,Yes,
AST-1740,USR-5740,Intune,2026-03-01,Enabled,Missing,Compliant,Compliant,Missing,Warning,Non-Compliant,Antivirus,Yes,
AST-1741,USR-5741,Intune,2026-03-01,Enabled,Outdated,Compliant,Non-Compliant,Missing,Critical,Non-Compliant,Antivirus,Yes,
AST-1742,USR-5742,Intune,2026-03-01,Enabled,Up-to-Date,Compliant,Compliant,Missing,Healthy,Non-Compliant,Proxy,Yes,
AST-1743,USR-5743,Intune,2026-03-01,Enabled,Outdated,Compliant,Non-Compliant,Installed,Warning,Non-Compliant,DLP,Yes,
AST-1744,USR-5744,Intune,2026-03-01,Enabled,Up-to-Date,Outdated,Compliant,Installed,Warning,Non-Compliant,Patching,Yes,
AST-1745,USR-5745,Intune,2026-03-01,Enabled,Up-to-Date,Compliant,Compliant,Installed,Healthy,Compliant,None,No,
AST-1746,USR-5746,Intune,2026-03-01,Enabled,Up-to-Date,Pending,Compliant,Missing,Warning,Non-Compliant,Proxy,Yes,
AST-1747,USR-5747,Intune,2026-03-01,Disabled,Up-to-Date,Compliant,Compliant,Installed,Healthy,Non-Compliant,BitLocker,Yes,
AST-1748,USR-5748,Intune,2026-03-01,Enabled,Up-to-Date,Compliant,Compliant,Installed,Healthy,Compliant,None,No,
AST-1749,USR-5749,Intune,2026-03-01,Enabled,Up-to-Date,Compliant,Non-Compliant,Installed,Warning,Non-Compliant,DLP,Yes,
AST-1750,USR-5750,Intune,2026-03-01,Enabled,Up-to-Date,Compliant,Compliant,Installed,Healthy,Compliant,None,No,
AST-1751,USR-5751,Intune,2026-03-01,Disabled,Missing,Compliant,Compliant,Installed,Healthy,Non-Compliant,BitLocker,Yes,
AST-1752,USR-5752,Intune,2026-03-01,Disabled,Up-to-Date,Outdated,Compliant,Installed,Warning,Non-Compliant,Patching,Yes,
AST-1753,USR-5753,Intune,2026-03-01,Enabled,Up-to-Date,Compliant,Compliant,Installed,Warning,Compliant,None,No,
AST-1754,USR-5754,Intune,2026-03-01,Disabled,Up-to-Date,Pending,Compliant,Installed,Healthy,Non-Compliant,BitLocker,Yes,
AST-1755,USR-5755,Intune,2026-03-01,Enabled,Up-to-Date,Compliant,Unknown,Installed,Healthy,Non-Compliant,DLP,Yes,
AST-1756,USR-5756,Intune,2026-03-01,Enabled,Up-to-Date,Compliant,Non-Compliant,Missing,Warning,Non-Compliant,Proxy,Yes,
AST-1757,USR-5757,Intune,2026-03-01,Enabled,Up-to-Date,Unknown,Non-Compliant,Installed,Healthy,Non-Compliant,Patching,Yes,
AST-1758,USR-5758,Intune,2026-03-01,Enabled,Up-to-Date,Compliant,Compliant,Installed,Healthy,Compliant,None,No,
AST-1759,USR-5759,Intune,2026-03-01,Enabled,Up-to-Date,Compliant,Compliant,Installed,Critical,Non-Compliant,Device Health,Yes,
AST-1760,USR-5760,Intune,2026-03-01,Enabled,Up-to-Date,Compliant,Compliant,Installed,Healthy,Compliant,None,No,
AST-1761,USR-5761,Intune,2026-03-01,Enabled,Up-to-Date,Outdated,Compliant,Installed,Healthy,Non-Compliant,Patching,Yes,
AST-1762,USR-5762,Intune,2026-03-01,Enabled,Up-to-Date,Compliant,Compliant,Missing,Warning,Non-Compliant,Proxy,Yes,
AST-1763,USR-5763,Intune,2026-03-01,Enabled,Missing,Pending,Non-Compliant,Installed,Warning,Non-Compliant,Patching,Yes,
AST-1764,USR-5764,Intune,2026-03-01,Enabled,Up-to-Date,Pending,Non-Compliant,Installed,Healthy,Non-Compliant,DLP,Yes,
AST-1765,USR-5765,Intune,2026-03-01,Enabled,Outdated,Compliant,Compliant,Unknown,Healthy,Non-Compliant,Proxy,Yes,
AST-1766,USR-5766,Intune,2026-03-01,Enabled,Up-to-Date,Compliant,Non-Compliant,Unknown,Healthy,Non-Compliant,DLP,Yes,
AST-1767,USR-5767,Intune,2026-03-01,Enabled,Outdated,Pending,Compliant,Installed,Healthy,Non-Compliant,Antivirus,Yes,
AST-1768,USR-5768,Intune,2026-03-01,Disabled,Up-to-Date,Compliant,Non-Compliant,Missing,Warning,Non-Compliant,DLP,Yes,
AST-1769,USR-5769,Intune,2026-03-01,Enabled,Up-to-Date,Outdated,Compliant,Installed,Healthy,Non-Compliant,Patching,Yes,
AST-1770,USR-5770,Intune,2026-03-01,Enabled,Up-to-Date,Compliant,Non-Compliant,Installed,Warning,Non-Compliant,DLP,Yes,
AST-1771,USR-5771,Intune,2026-03-01,Enabled,Up-to-Date,Compliant,Non-Compliant,Missing,Warning,Non-Compliant,DLP,Yes,
AST-1772,USR-5772,Intune,2026-03-01,Enabled,Up-to-Date,Pending,Compliant,Missing,Healthy,Non-Compliant,Patching,Yes,
AST-1773,USR-5773,Intune,2026-03-01,Disabled,Outdated,Unknown,Non-Compliant,Installed,Healthy,Non-Compliant,DLP,Yes,
AST-1774,USR-5774,Intune,2026-03-01,Unknown,Up-to-Date,Compliant,Unknown,Installed,Healthy,Non-Compliant,DLP,Yes,
AST-1775,USR-5775,Intune,2026-03-01,Enabled,Missing,Outdated,Compliant,Installed,Healthy,Non-Compliant,Patching,Yes,
AST-1776,USR-5776,Intune,2026-03-01,Enabled,Outdated,Outdated,Compliant,Installed,Healthy,Non-Compliant,Antivirus,Yes,
AST-1777,USR-5777,Intune,2026-03-01,Unknown,Missing,Compliant,Compliant,Missing,Warning,Non-Compliant,BitLocker,Yes,
AST-1778,USR-5778,Intune,2026-03-01,Disabled,Up-to-Date,Compliant,Unknown,Installed,Healthy,Non-Compliant,BitLocker,Yes,
AST-1779,USR-5779,Intune,2026-03-01,Enabled,Up-to-Date,Outdated,Non-Compliant,Installed,Healthy,Non-Compliant,Patching,Yes,
AST-1780,USR-5780,Intune,2026-03-01,Enabled,Up-to-Date,Compliant,Unknown,Installed,Warning,Non-Compliant,DLP,Yes,
AST-1781,USR-5781,Intune,2026-03-01,Enabled,Outdated,Pending,Compliant,Installed,Healthy,Non-Compliant,Patching,Yes,
AST-1782,USR-5782,Intune,2026-03-01,Disabled,Up-to-Date,Compliant,Unknown,Installed,Critical,Non-Compliant,BitLocker,Yes,
AST-1783,USR-5783,Intune,2026-03-01,Enabled,Outdated,Compliant,Non-Compliant,Missing,Healthy,Non-Compliant,DLP,Yes,
AST-1784,USR-5784,Intune,2026-03-01,Disabled,Outdated,Compliant,Compliant,Installed,Healthy,Non-Compliant,Antivirus,Yes,
AST-1785,USR-5785,Intune,2026-03-01,Enabled,Up-to-Date,Pending,Compliant,Installed,Healthy,Non-Compliant,Patching,Yes,
AST-1786,USR-5786,Intune,2026-03-01,Enabled,Up-to-Date,Outdated,Compliant,Installed,Healthy,Non-Compliant,Patching,Yes,
AST-1787,USR-5787,Intune,2026-03-01,Unknown,Outdated,Compliant,Compliant,Missing,Healthy,Non-Compliant,BitLocker,Yes,
AST-1788,USR-5788,Intune,2026-03-01,Enabled,Up-to-Date,Compliant,Non-Compliant,Installed,Warning,Non-Compliant,DLP,Yes,
AST-1789,USR-5789,Intune,2026-03-01,Enabled,Up-to-Date,Compliant,Compliant,Unknown,Healthy,Non-Compliant,Proxy,Yes,
AST-1790,USR-5790,Intune,2026-03-01,Enabled,Up-to-Date,Pending,Compliant,Missing,Warning,Non-Compliant,Patching,Yes,
AST-1791,USR-5791,Intune,2026-03-01,Enabled,Up-to-Date,Compliant,Compliant,Installed,Warning,Compliant,None,No,
AST-1792,USR-5792,Intune,2026-03-01,Unknown,Missing,Compliant,Compliant,Installed,Healthy,Non-Compliant,BitLocker,Yes,
AST-1793,USR-5793,Intune,2026-03-01,Disabled,Up-to-Date,Compliant,Non-Compliant,Installed,Healthy,Non-Compliant,BitLocker,Yes,
AST-1794,USR-5794,Intune,2026-03-01,Enabled,Up-to-Date,Compliant,Compliant,Installed,Healthy,Compliant,None,No,
AST-1795,USR-5795,Intune,2026-03-01,Enabled,Up-to-Date,Compliant,Unknown,Installed,Healthy,Non-Compliant,DLP,Yes,
AST-1796,USR-5796,Intune,2026-03-01,Enabled,Outdated,Compliant,Compliant,Installed,Critical,Non-Compliant,Antivirus,Yes,
AST-1797,USR-5797,Intune,2026-03-01,Enabled,Outdated,Pending,Unknown,Installed,Healthy,Non-Compliant,Antivirus,Yes,
AST-1798,USR-5798,Intune,2026-03-01,Enabled,Up-to-Date,Compliant,Compliant,Installed,Warning,Compliant,None,No,
AST-1799,USR-5799,Intune,2026-03-01,Disabled,Up-to-Date,Unknown,Compliant,Installed,Critical,Non-Compliant,Patching,Yes,
AST-1800,USR-5800,Intune,2026-03-01,Disabled,Up-to-Date,Outdated,Compliant,Installed,Healthy,Non-Compliant,BitLocker,Yes,
AST-1801,USR-5801,Intune,2026-03-01,Unknown,Up-to-Date,Compliant,Non-Compliant,Installed,Healthy,Non-Compliant,BitLocker,Yes,
AST-1802,USR-5802,Intune,2026-03-01,Enabled,Outdated,Compliant,Compliant,Missing,Healthy,Non-Compliant,Antivirus,Yes,
AST-1803,USR-5803,Intune,2026-03-01,Enabled,Outdated,Compliant,Non-Compliant,Installed,Warning,Non-Compliant,DLP,Yes,
AST-1804,USR-5804,Intune,2026-03-01,Enabled,Outdated,Compliant,Compliant,Installed,Healthy,Non-Compliant,Antivirus,Yes,
AST-1805,USR-5805,Intune,2026-03-01,Enabled,Outdated,Outdated,Non-Compliant,Installed,Healthy,Non-Compliant,Antivirus,Yes,
AST-1806,USR-5806,Intune,2026-03-01,Disabled,Outdated,Compliant,Compliant,Installed,Warning,Non-Compliant,Antivirus,Yes,
AST-1807,USR-5807,Intune,2026-03-01,Enabled,Outdated,Unknown,Compliant,Missing,Healthy,Non-Compliant,Proxy,Yes,
AST-1808,USR-5808,Intune,2026-03-01,Enabled,Up-to-Date,Pending,Compliant,Missing,Warning,Non-Compliant,Patching,Yes,
AST-1809,USR-5809,Intune,2026-03-01,Enabled,Up-to-Date,Outdated,Non-Compliant,Installed,Healthy,Non-Compliant,DLP,Yes,
AST-1810,USR-5810,Intune,2026-03-01,Disabled,Outdated,Compliant,Compliant,Installed,Critical,Non-Compliant,BitLocker,Yes,
AST-1811,USR-5811,Intune,2026-03-01,Enabled,Outdated,Compliant,Compliant,Missing,Warning,Non-Compliant,Proxy,Yes,
AST-1812,USR-5812,Intune,2026-03-01,Enabled,Up-to-Date,Pending,Compliant,Installed,Warning,Non-Compliant,Patching,Yes,
AST-1813,USR-5813,Intune,2026-03-01,Enabled,Outdated,Compliant,Compliant,Missing,Warning,Non-Compliant,Proxy,Yes,
AST-1814,USR-5814,Intune,2026-03-01,Enabled,Outdated,Compliant,Compliant,Installed,Healthy,Non-Compliant,Antivirus,Yes,
AST-1815,USR-5815,Intune,2026-03-01,Enabled,Up-to-Date,Outdated,Compliant,Installed,Healthy,Non-Compliant,Patching,Yes,
AST-1816,USR-5816,Intune,2026-03-01,Enabled,Up-to-Date,Outdated,Non-Compliant,Installed,Healthy,Non-Compliant,Patching,Yes,
AST-1817,USR-5817,Intune,2026-03-01,Enabled,Up-to-Date,Compliant,Compliant,Missing,Critical,Non-Compliant,Proxy,Yes,
AST-1818,USR-5818,Intune,2026-03-01,Enabled,Up-to-Date,Outdated,Compliant,Installed,Healthy,Non-Compliant,Patching,Yes,
AST-1819,USR-5819,Intune,2026-03-01,Disabled,Outdated,Compliant,Non-Compliant,Installed,Critical,Non-Compliant,Antivirus,Yes,
AST-1820,USR-5820,Intune,2026-03-01,Enabled,Outdated,Compliant,Non-Compliant,Unknown,Healthy,Non-Compliant,DLP,Yes,
AST-1821,USR-5821,Intune,2026-03-01,Enabled,Up-to-Date,Compliant,Compliant,Installed,Healthy,Compliant,None,No,
AST-1822,USR-5822,Intune,2026-03-01,Enabled,Outdated,Pending,Unknown,Installed,Healthy,Non-Compliant,Antivirus,Yes,
AST-1823,USR-5823,Intune,2026-03-01,Enabled,Outdated,Compliant,Non-Compliant,Installed,Healthy,Non-Compliant,Antivirus,Yes,
AST-1824,USR-5824,Intune,2026-03-01,Disabled,Up-to-Date,Compliant,Compliant,Installed,Healthy,Non-Compliant,BitLocker,Yes,
AST-1825,USR-5825,Intune,2026-03-01,Enabled,Up-to-Date,Compliant,Non-Compliant,Installed,Critical,Non-Compliant,Device Health,Yes,
AST-1826,USR-5826,Intune,2026-03-01,Enabled,Up-to-Date,Compliant,Compliant,Missing,Healthy,Non-Compliant,Proxy,Yes,
AST-1827,USR-5827,Intune,2026-03-01,Disabled,Outdated,Compliant,Compliant,Installed,Healthy,Non-Compliant,Antivirus,Yes,
AST-1828,USR-5828,Intune,2026-03-01,Enabled,Outdated,Compliant,Compliant,Installed,Critical,Non-Compliant,Device Health,Yes,
AST-1829,USR-5829,Intune,2026-03-01,Enabled,Up-to-Date,Compliant,Compliant,Installed,Warning,Compliant,None,No,
AST-1830,USR-5830,Intune,2026-03-01,Disabled,Up-to-Date,Compliant,Compliant,Installed,Warning,Non-Compliant,BitLocker,Yes,
AST-1831,USR-5831,Intune,2026-03-01,Disabled,Outdated,Compliant,Compliant,Missing,Healthy,Non-Compliant,BitLocker,Yes,
AST-1832,USR-5832,Intune,2026-03-01,Enabled,Up-to-Date,Compliant,Compliant,Installed,Healthy,Compliant,None,No,
AST-1833,USR-5833,Intune,2026-03-01,Disabled,Outdated,Compliant,Non-Compliant,Installed,Warning,Non-Compliant,BitLocker,Yes,
AST-1834,USR-5834,Intune,2026-03-01,Enabled,Up-to-Date,Outdated,Compliant,Installed,Healthy,Non-Compliant,Patching,Yes,
AST-1835,USR-5835,Intune,2026-03-01,Disabled,Up-to-Date,Compliant,Non-Compliant,Installed,Healthy,Non-Compliant,BitLocker,Yes,
AST-1836,USR-5836,Intune,2026-03-01,Enabled,Up-to-Date,Outdated,Compliant,Installed,Warning,Non-Compliant,Patching,Yes,
AST-1837,USR-5837,Intune,2026-03-01,Enabled,Up-to-Date,Compliant,Compliant,Installed,Healthy,Compliant,None,No,
AST-1838,USR-5838,Intune,2026-03-01,Enabled,Up-to-Date,Compliant,Compliant,Installed,Healthy,Compliant,None,No,
AST-1839,USR-5839,Intune,2026-03-01,Enabled,Up-to-Date,Compliant,Compliant,Installed,Critical,Non-Compliant,Device Health,Yes,
AST-1840,USR-5840,Intune,2026-03-01,Enabled,Up-to-Date,Outdated,Compliant,Installed,Healthy,Non-Compliant,Patching,Yes,
AST-1841,USR-5841,Intune,2026-03-01,Disabled,Up-to-Date,Compliant,Compliant,Installed,Healthy,Non-Compliant,BitLocker,Yes,
AST-1842,USR-5842,Intune,2026-03-01,Enabled,Up-to-Date,Compliant,Unknown,Installed,Healthy,Non-Compliant,DLP,Yes,
AST-1843,USR-5843,Intune,2026-03-01,Enabled,Missing,Pending,Compliant,Installed,Healthy,Non-Compliant,Antivirus,Yes,
AST-1844,USR-5844,Intune,2026-03-01,Disabled,Outdated,Compliant,Non-Compliant,Installed,Healthy,Non-Compliant,Antivirus,Yes,
AST-1845,USR-5845,Intune,2026-03-01,Enabled,Outdated,Compliant,Compliant,Installed,Warning,Non-Compliant,Antivirus,Yes,
AST-1846,USR-5846,Intune,2026-03-01,Disabled,Outdated,Compliant,Compliant,Installed,Warning,Non-Compliant,Antivirus,Yes,
AST-1847,USR-5847,Intune,2026-03-01,Unknown,Outdated,Pending,Non-Compliant,Installed,Critical,Non-Compliant,Device Health,Yes,
AST-1848,USR-5848,Intune,2026-03-01,Unknown,Up-to-Date,Compliant,Compliant,Installed,Warning,Non-Compliant,BitLocker,Yes,
AST-1849,USR-5849,Intune,2026-03-01,Unknown,Up-to-Date,Pending,Compliant,Installed,Critical,Non-Compliant,Device Health,Yes,
AST-1850,USR-5850,Intune,2026-03-01,Enabled,Up-to-Date,Compliant,Compliant,Missing,Healthy,Non-Compliant,Proxy,Yes,
AST-1851,USR-5851,Intune,2026-03-01,Enabled,Up-to-Date,Outdated,Non-Compliant,Installed,Critical,Non-Compliant,Device Health,Yes,
AST-1852,USR-5852,Intune,2026-03-01,Enabled,Outdated,Compliant,Compliant,Missing,Healthy,Non-Compliant,Proxy,Yes,
AST-1853,USR-5853,Intune,2026-03-01,Enabled,Up-to-Date,Outdated,Non-Compliant,Installed,Warning,Non-Compliant,DLP,Yes,
AST-1854,USR-5854,Intune,2026-03-01,Enabled,Up-to-Date,Pending,Compliant,Installed,Warning,Non-Compliant,Patching,Yes,
AST-1855,USR-5855,Intune,2026-03-01,Enabled,Outdated,Compliant,Compliant,Installed,Critical,Non-Compliant,Device Health,Yes,
AST-1856,USR-5856,Intune,2026-03-01,Disabled,Up-to-Date,Compliant,Compliant,Installed,Healthy,Non-Compliant,BitLocker,Yes,
AST-1857,USR-5857,Intune,2026-03-01,Enabled,Outdated,Compliant,Non-Compliant,Installed,Healthy,Non-Compliant,Antivirus,Yes,
AST-1858,USR-5858,Intune,2026-03-01,Disabled,Outdated,Compliant,Compliant,Installed,Warning,Non-Compliant,BitLocker,Yes,
AST-1859,USR-5859,Intune,2026-03-01,Disabled,Outdated,Compliant,Compliant,Installed,Critical,Non-Compliant,Antivirus,Yes,
AST-1860,USR-5860,Intune,2026-03-01,Enabled,Outdated,Compliant,Compliant,Installed,Healthy,Non-Compliant,Antivirus,Yes,
AST-1861,USR-5861,Intune,2026-03-01,Unknown,Outdated,Outdated,Compliant,Missing,Warning,Non-Compliant,BitLocker,Yes,
AST-1862,USR-5862,Intune,2026-03-01,Enabled,Outdated,Compliant,Compliant,Installed,Warning,Non-Compliant,Antivirus,Yes,
AST-1863,USR-5863,Intune,2026-03-01,Enabled,Outdated,Compliant,Compliant,Installed,Healthy,Non-Compliant,Antivirus,Yes,
AST-1864,USR-5864,Intune,2026-03-01,Enabled,Outdated,Compliant,Unknown,Installed,Warning,Non-Compliant,Antivirus,Yes,
AST-1865,USR-5865,Intune,2026-03-01,Enabled,Up-to-Date,Pending,Compliant,Installed,Warning,Non-Compliant,Patching,Yes,
AST-1866,USR-5866,Intune,2026-03-01,Enabled,Up-to-Date,Pending,Compliant,Missing,Warning,Non-Compliant,Proxy,Yes,
AST-1867,USR-5867,Intune,2026-03-01,Enabled,Up-to-Date,Pending,Compliant,Installed,Healthy,Non-Compliant,Patching,Yes,
AST-1868,USR-5868,Intune,2026-03-01,Disabled,Up-to-Date,Unknown,Non-Compliant,Installed,Healthy,Non-Compliant,BitLocker,Yes,
AST-1869,USR-5869,Intune,2026-03-01,Disabled,Up-to-Date,Pending,Compliant,Unknown,Healthy,Non-Compliant,BitLocker,Yes,
AST-1870,USR-5870,Intune,2026-03-01,Enabled,Outdated,Compliant,Compliant,Missing,Healthy,Non-Compliant,Antivirus,Yes,
AST-1871,USR-5871,Intune,2026-03-01,Disabled,Up-to-Date,Compliant,Compliant,Installed,Healthy,Non-Compliant,BitLocker,Yes,
AST-1872,USR-5872,Intune,2026-03-01,Enabled,Outdated,Outdated,Non-Compliant,Installed,Healthy,Non-Compliant,Antivirus,Yes,
AST-1873,USR-5873,Intune,2026-03-01,Enabled,Up-to-Date,Compliant,Compliant,Missing,Healthy,Non-Compliant,Proxy,Yes,
AST-1874,USR-5874,Intune,2026-03-01,Enabled,Up-to-Date,Outdated,Non-Compliant,Installed,Healthy,Non-Compliant,Patching,Yes,
AST-1875,USR-5875,Intune,2026-03-01,Enabled,Up-to-Date,Compliant,Non-Compliant,Installed,Healthy,Non-Compliant,DLP,Yes,
AST-1876,USR-5876,Intune,2026-03-01,Disabled,Up-to-Date,Pending,Non-Compliant,Missing,Healthy,Non-Compliant,BitLocker,Yes,
AST-1877,USR-5877,Intune,2026-03-01,Disabled,Up-to-Date,Compliant,Compliant,Installed,Healthy,Non-Compliant,BitLocker,Yes,
AST-1878,USR-5878,Intune,2026-03-01,Disabled,Outdated,Compliant,Compliant,Missing,Warning,Non-Compliant,Antivirus,Yes,
AST-1879,USR-5879,Intune,2026-03-01,Enabled,Up-to-Date,Outdated,Compliant,Installed,Critical,Non-Compliant,Patching,Yes,
AST-1880,USR-5880,Intune,2026-03-01,Unknown,Up-to-Date,Pending,Non-Compliant,Installed,Healthy,Non-Compliant,BitLocker,Yes,
AST-1881,USR-5881,Intune,2026-03-01,Unknown,Up-to-Date,Compliant,Compliant,Installed,Healthy,Non-Compliant,BitLocker,Yes,
AST-1882,USR-5882,Intune,2026-03-01,Unknown,Outdated,Compliant,Compliant,Installed,Healthy,Non-Compliant,BitLocker,Yes,
AST-1883,USR-5883,Intune,2026-03-01,Enabled,Up-to-Date,Unknown,Compliant,Missing,Healthy,Non-Compliant,Proxy,Yes,
AST-1884,USR-5884,Intune,2026-03-01,Enabled,Up-to-Date,Compliant,Compliant,Installed,Healthy,Compliant,None,No,
AST-1885,USR-5885,Intune,2026-03-01,Enabled,Outdated,Compliant,Compliant,Installed,Healthy,Non-Compliant,Antivirus,Yes,
AST-1886,USR-5886,Intune,2026-03-01,Unknown,Outdated,Pending,Compliant,Missing,Healthy,Non-Compliant,Antivirus,Yes,
AST-1887,USR-5887,Intune,2026-03-01,Disabled,Up-to-Date,Unknown,Non-Compliant,Installed,Critical,Non-Compliant,Device Health,Yes,
AST-1888,USR-5888,Intune,2026-03-01,Enabled,Missing,Compliant,Non-Compliant,Installed,Warning,Non-Compliant,DLP,Yes,
AST-1889,USR-5889,Intune,2026-03-01,Enabled,Up-to-Date,Compliant,Compliant,Installed,Warning,Compliant,None,No,
AST-1890,USR-5890,Intune,2026-03-01,Enabled,Up-to-Date,Compliant,Compliant,Installed,Healthy,Compliant,None,No,
AST-1891,USR-5891,Intune,2026-03-01,Enabled,Up-to-Date,Compliant,Compliant,Installed,Warning,Compliant,None,No,
AST-1892,USR-5892,Intune,2026-03-01,Enabled,Up-to-Date,Compliant,Compliant,Installed,Warning,Compliant,None,No,
AST-1893,USR-5893,Intune,2026-03-01,Enabled,Outdated,Compliant,Compliant,Installed,Warning,Non-Compliant,Antivirus,Yes,
AST-1894,USR-5894,Intune,2026-03-01,Enabled,Up-to-Date,Compliant,Compliant,Installed,Healthy,Compliant,None,No,
AST-1895,USR-5895,Intune,2026-03-01,Disabled,Up-to-Date,Compliant,Non-Compliant,Installed,Healthy,Non-Compliant,DLP,Yes,
AST-1896,USR-5896,Intune,2026-03-01,Enabled,Missing,Outdated,Compliant,Installed,Warning,Non-Compliant,Patching,Yes,
AST-1897,USR-5897,Intune,2026-03-01,Enabled,Missing,Compliant,Compliant,Missing,Healthy,Non-Compliant,Proxy,Yes,
AST-1898,USR-5898,Intune,2026-03-01,Enabled,Up-to-Date,Compliant,Compliant,Installed,Critical,Non-Compliant,Device Health,Yes,
AST-1899,USR-5899,Intune,2026-03-01,Disabled,Up-to-Date,Compliant,Non-Compliant,Missing,Healthy,Non-Compliant,DLP,Yes,
AST-1900,USR-5900,Intune,2026-03-01,Enabled,Up-to-Date,Compliant,Compliant,Missing,Healthy,Non-Compliant,Proxy,Yes,
AST-1901,USR-5901,Intune,2026-03-01,Disabled,Up-to-Date,Compliant,Compliant,Installed,Healthy,Non-Compliant,BitLocker,Yes,
AST-1902,USR-5902,Intune,2026-03-01,Enabled,Up-to-Date,Pending,Compliant,Installed,Healthy,Non-Compliant,Patching,Yes,
AST-1903,USR-5903,Intune,2026-03-01,Enabled,Up-to-Date,Compliant,Compliant,Installed,Warning,Compliant,None,No,
AST-1904,USR-5904,Intune,2026-03-01,Enabled,Up-to-Date,Unknown,Compliant,Installed,Healthy,Non-Compliant,Patching,Yes,
AST-1905,USR-5905,Intune,2026-03-01,Disabled,Outdated,Pending,Compliant,Missing,Healthy,Non-Compliant,Antivirus,Yes,
AST-1906,USR-5906,Intune,2026-03-01,Enabled,Up-to-Date,Pending,Unknown,Installed,Healthy,Non-Compliant,DLP,Yes,
AST-1907,USR-5907,Intune,2026-03-01,Enabled,Outdated,Unknown,Compliant,Unknown,Warning,Non-Compliant,Proxy,Yes,
AST-1908,USR-5908,Intune,2026-03-01,Enabled,Up-to-Date,Compliant,Compliant,Installed,Warning,Compliant,None,No,
AST-1909,USR-5909,Intune,2026-03-01,Enabled,Up-to-Date,Outdated,Non-Compliant,Installed,Warning,Non-Compliant,Patching,Yes,
AST-1910,USR-5910,Intune,2026-03-01,Unknown,Up-to-Date,Pending,Compliant,Missing,Healthy,Non-Compliant,BitLocker,Yes,
AST-1911,USR-5911,Intune,2026-03-01,Enabled,Outdated,Unknown,Non-Compliant,Installed,Healthy,Non-Compliant,Antivirus,Yes,
AST-1912,USR-5912,Intune,2026-03-01,Enabled,Up-to-Date,Pending,Compliant,Missing,Warning,Non-Compliant,Proxy,Yes,
AST-1913,USR-5913,Intune,2026-03-01,Enabled,Up-to-Date,Outdated,Compliant,Unknown,Healthy,Non-Compliant,Patching,Yes,
AST-1914,USR-5914,Intune,2026-03-01,Enabled,Up-to-Date,Outdated,Non-Compliant,Installed,Healthy,Non-Compliant,Patching,Yes,
AST-1915,USR-5915,Intune,2026-03-01,Enabled,Up-to-Date,Pending,Compliant,Installed,Healthy,Non-Compliant,Patching,Yes,
AST-1916,USR-5916,Intune,2026-03-01,Disabled,Outdated,Compliant,Compliant,Installed,Healthy,Non-Compliant,Antivirus,Yes,
AST-1917,USR-5917,Intune,2026-03-01,Enabled,Outdated,Compliant,Compliant,Installed,Healthy,Non-Compliant,Antivirus,Yes,
AST-1918,USR-5918,Intune,2026-03-01,Disabled,Up-to-Date,Compliant,Compliant,Missing,Healthy,Non-Compliant,Proxy,Yes,
AST-1919,USR-5919,Intune,2026-03-01,Enabled,Up-to-Date,Compliant,Compliant,Installed,Healthy,Compliant,None,No,
AST-1920,USR-5920,Intune,2026-03-01,Enabled,Outdated,Compliant,Unknown,Installed,Healthy,Non-Compliant,Antivirus,Yes,
AST-1921,USR-5921,Intune,2026-03-01,Disabled,Outdated,Compliant,Compliant,Installed,Healthy,Non-Compliant,BitLocker,Yes,
AST-1922,USR-5922,Intune,2026-03-01,Enabled,Up-to-Date,Compliant,Compliant,Installed,Healthy,Compliant,None,No,
AST-1923,USR-5923,Intune,2026-03-01,Disabled,Up-to-Date,Compliant,Compliant,Installed,Warning,Non-Compliant,BitLocker,Yes,
AST-1924,USR-5924,Intune,2026-03-01,Enabled,Outdated,Compliant,Compliant,Installed,Warning,Non-Compliant,Antivirus,Yes,
AST-1925,USR-5925,Intune,2026-03-01,Enabled,Up-to-Date,Compliant,Compliant,Installed,Healthy,Compliant,None,No,
AST-1926,USR-5926,Intune,2026-03-01,Enabled,Up-to-Date,Compliant,Compliant,Installed,Healthy,Compliant,None,No,
AST-1927,USR-5927,Intune,2026-03-01,Unknown,Outdated,Unknown,Non-Compliant,Installed,Healthy,Non-Compliant,BitLocker,Yes,
AST-1928,USR-5928,Intune,2026-03-01,Enabled,Outdated,Compliant,Non-Compliant,Unknown,Healthy,Non-Compliant,Antivirus,Yes,
AST-1929,USR-5929,Intune,2026-03-01,Enabled,Outdated,Compliant,Non-Compliant,Missing,Healthy,Non-Compliant,DLP,Yes,
AST-1930,USR-5930,Intune,2026-03-01,Enabled,Up-to-Date,Compliant,Compliant,Installed,Warning,Compliant,None,No,
AST-1931,USR-5931,Intune,2026-03-01,Enabled,Outdated,Compliant,Non-Compliant,Unknown,Healthy,Non-Compliant,Antivirus,Yes,
AST-1932,USR-5932,Intune,2026-03-01,Enabled,Outdated,Compliant,Compliant,Unknown,Healthy,Non-Compliant,Proxy,Yes,
AST-1933,USR-5933,Intune,2026-03-01,Enabled,Up-to-Date,Compliant,Compliant,Missing,Warning,Non-Compliant,Proxy,Yes,
AST-1934,USR-5934,Intune,2026-03-01,Enabled,Up-to-Date,Pending,Compliant,Installed,Healthy,Non-Compliant,Patching,Yes,
AST-1935,USR-5935,Intune,2026-03-01,Enabled,Up-to-Date,Compliant,Compliant,Unknown,Healthy,Non-Compliant,Proxy,Yes,
AST-1936,USR-5936,Intune,2026-03-01,Enabled,Up-to-Date,Compliant,Compliant,Installed,Healthy,Compliant,None,No,
AST-1937,USR-5937,Intune,2026-03-01,Enabled,Up-to-Date,Pending,Compliant,Installed,Healthy,Non-Compliant,Patching,Yes,
AST-1938,USR-5938,Intune,2026-03-01,Enabled,Up-to-Date,Compliant,Non-Compliant,Installed,Warning,Non-Compliant,DLP,Yes,
AST-1939,USR-5939,Intune,2026-03-01,Enabled,Up-to-Date,Compliant,Non-Compliant,Installed,Healthy,Non-Compliant,DLP,Yes,
AST-1940,USR-5940,Intune,2026-03-01,Enabled,Up-to-Date,Pending,Compliant,Installed,Healthy,Non-Compliant,Patching,Yes,
AST-1941,USR-5941,Intune,2026-03-01,Disabled,Up-to-Date,Compliant,Compliant,Installed,Healthy,Non-Compliant,BitLocker,Yes,
AST-1942,USR-5942,Intune,2026-03-01,Disabled,Up-to-Date,Compliant,Compliant,Installed,Healthy,Non-Compliant,BitLocker,Yes,
AST-1943,USR-5943,Intune,2026-03-01,Enabled,Up-to-Date,Pending,Compliant,Installed,Healthy,Non-Compliant,Patching,Yes,
AST-1944,USR-5944,Intune,2026-03-01,Enabled,Up-to-Date,Compliant,Compliant,Installed,Healthy,Compliant,None,No,
AST-1945,USR-5945,Intune,2026-03-01,Unknown,Outdated,Outdated,Non-Compliant,Unknown,Healthy,Non-Compliant,DLP,Yes,
AST-1946,USR-5946,Intune,2026-03-01,Enabled,Outdated,Compliant,Non-Compliant,Missing,Healthy,Non-Compliant,DLP,Yes,
AST-1947,USR-5947,Intune,2026-03-01,Enabled,Outdated,Compliant,Non-Compliant,Installed,Warning,Non-Compliant,DLP,Yes,
AST-1948,USR-5948,Intune,2026-03-01,Enabled,Missing,Compliant,Non-Compliant,Installed,Healthy,Non-Compliant,Antivirus,Yes,
AST-1949,USR-5949,Intune,2026-03-01,Enabled,Up-to-Date,Compliant,Compliant,Missing,Warning,Non-Compliant,Proxy,Yes,
AST-1950,USR-5950,Intune,2026-03-01,Enabled,Outdated,Compliant,Non-Compliant,Installed,Critical,Non-Compliant,Antivirus,Yes,
AST-1951,USR-5951,Intune,2026-03-01,Disabled,Outdated,Compliant,Compliant,Installed,Warning,Non-Compliant,BitLocker,Yes,
AST-1952,USR-5952,Intune,2026-03-01,Enabled,Up-to-Date,Compliant,Compliant,Installed,Warning,Compliant,None,No,
AST-1953,USR-5953,Intune,2026-03-01,Disabled,Up-to-Date,Compliant,Compliant,Installed,Warning,Non-Compliant,BitLocker,Yes,
AST-1954,USR-5954,Intune,2026-03-01,Enabled,Up-to-Date,Unknown,Compliant,Installed,Warning,Non-Compliant,Patching,Yes,
AST-1955,USR-5955,Intune,2026-03-01,Enabled,Up-to-Date,Compliant,Compliant,Installed,Healthy,Compliant,None,No,
AST-1956,USR-5956,Intune,2026-03-01,Enabled,Outdated,Compliant,Compliant,Installed,Warning,Non-Compliant,Antivirus,Yes,
AST-1957,USR-5957,Intune,2026-03-01,Enabled,Up-to-Date,Compliant,Compliant,Missing,Healthy,Non-Compliant,Proxy,Yes,
AST-1958,USR-5958,Intune,2026-03-01,Enabled,Up-to-Date,Compliant,Compliant,Installed,Critical,Non-Compliant,Device Health,Yes,
AST-1959,USR-5959,Intune,2026-03-01,Disabled,Missing,Compliant,Compliant,Installed,Critical,Non-Compliant,Device Health,Yes,
AST-1960,USR-5960,Intune,2026-03-01,Enabled,Up-to-Date,Unknown,Unknown,Installed,Warning,Non-Compliant,DLP,Yes,
AST-1961,USR-5961,Intune,2026-03-01,Enabled,Up-to-Date,Compliant,Compliant,Missing,Healthy,Non-Compliant,Proxy,Yes,
AST-1962,USR-5962,Intune,2026-03-01,Enabled,Up-to-Date,Compliant,Compliant,Installed,Healthy,Compliant,None,No,
AST-1963,USR-5963,Intune,2026-03-01,Enabled,Outdated,Compliant,Non-Compliant,Missing,Warning,Non-Compliant,Proxy,Yes,
AST-1964,USR-5964,Intune,2026-03-01,Enabled,Missing,Compliant,Non-Compliant,Installed,Healthy,Non-Compliant,DLP,Yes,
AST-1965,USR-5965,Intune,2026-03-01,Enabled,Up-to-Date,Compliant,Compliant,Installed,Warning,Compliant,None,No,
AST-1966,USR-5966,Intune,2026-03-01,Enabled,Missing,Compliant,Compliant,Installed,Warning,Non-Compliant,Antivirus,Yes,
AST-1967,USR-5967,Intune,2026-03-01,Disabled,Up-to-Date,Compliant,Compliant,Installed,Healthy,Non-Compliant,BitLocker,Yes,
AST-1968,USR-5968,Intune,2026-03-01,Enabled,Outdated,Compliant,Non-Compliant,Missing,Healthy,Non-Compliant,DLP,Yes,
AST-1969,USR-5969,Intune,2026-03-01,Unknown,Up-to-Date,Compliant,Compliant,Installed,Healthy,Non-Compliant,BitLocker,Yes,
AST-1970,USR-5970,Intune,2026-03-01,Enabled,Up-to-Date,Compliant,Compliant,Missing,Warning,Non-Compliant,Proxy,Yes,
AST-1971,USR-5971,Intune,2026-03-01,Enabled,Up-to-Date,Compliant,Compliant,Installed,Healthy,Compliant,None,No,
AST-1972,USR-5972,Intune,2026-03-01,Enabled,Up-to-Date,Pending,Compliant,Installed,Healthy,Non-Compliant,Patching,Yes,
AST-1973,USR-5973,Intune,2026-03-01,Enabled,Up-to-Date,Pending,Non-Compliant,Missing,Healthy,Non-Compliant,Proxy,Yes,
AST-1974,USR-5974,Intune,2026-03-01,Enabled,Up-to-Date,Unknown,Compliant,Installed,Warning,Non-Compliant,Patching,Yes,
AST-1975,USR-5975,Intune,2026-03-01,Disabled,Up-to-Date,Compliant,Compliant,Missing,Healthy,Non-Compliant,BitLocker,Yes,
AST-1976,USR-5976,Intune,2026-03-01,Enabled,Up-to-Date,Compliant,Compliant,Installed,Healthy,Compliant,None,No,
AST-1977,USR-5977,Intune,2026-03-01,Enabled,Up-to-Date,Compliant,Compliant,Installed,Warning,Compliant,None,No,
AST-1978,USR-5978,Intune,2026-03-01,Enabled,Up-to-Date,Outdated,Compliant,Missing,Healthy,Non-Compliant,Patching,Yes,
AST-1979,USR-5979,Intune,2026-03-01,Enabled,Up-to-Date,Compliant,Compliant,Unknown,Healthy,Non-Compliant,Proxy,Yes,
AST-1980,USR-5980,Intune,2026-03-01,Enabled,Up-to-Date,Compliant,Compliant,Unknown,Healthy,Non-Compliant,Proxy,Yes,
AST-1981,USR-5981,Intune,2026-03-01,Enabled,Missing,Compliant,Compliant,Installed,Healthy,Non-Compliant,Antivirus,Yes,
AST-1982,USR-5982,Intune,2026-03-01,Enabled,Up-to-Date,Outdated,Compliant,Missing,Healthy,Non-Compliant,Proxy,Yes,
AST-1983,USR-5983,Intune,2026-03-01,Enabled,Up-to-Date,Outdated,Compliant,Missing,Healthy,Non-Compliant,Proxy,Yes,
AST-1984,USR-5984,Intune,2026-03-01,Disabled,Up-to-Date,Pending,Compliant,Installed,Healthy,Non-Compliant,BitLocker,Yes,
AST-1985,USR-5985,Intune,2026-03-01,Unknown,Up-to-Date,Compliant,Compliant,Installed,Healthy,Non-Compliant,BitLocker,Yes,
AST-1986,USR-5986,Intune,2026-03-01,Enabled,Outdated,Compliant,Non-Compliant,Missing,Healthy,Non-Compliant,DLP,Yes,
AST-1987,USR-5987,Intune,2026-03-01,Enabled,Outdated,Compliant,Compliant,Installed,Healthy,Non-Compliant,Antivirus,Yes,
AST-1988,USR-5988,Intune,2026-03-01,Disabled,Up-to-Date,Pending,Compliant,Installed,Healthy,Non-Compliant,Patching,Yes,
AST-1989,USR-5989,Intune,2026-03-01,Disabled,Up-to-Date,Unknown,Compliant,Installed,Warning,Non-Compliant,BitLocker,Yes,
AST-1990,USR-5990,Intune,2026-03-01,Disabled,Up-to-Date,Pending,Compliant,Installed,Healthy,Non-Compliant,Patching,Yes,
AST-1991,USR-5991,Intune,2026-03-01,Enabled,Up-to-Date,Compliant,Compliant,Installed,Healthy,Compliant,None,No,
AST-1992,USR-5992,Intune,2026-03-01,Enabled,Outdated,Compliant,Compliant,Installed,Healthy,Non-Compliant,Antivirus,Yes,
AST-1993,USR-5993,Intune,2026-03-01,Disabled,Up-to-Date,Pending,Compliant,Installed,Healthy,Non-Compliant,Patching,Yes,
AST-1994,USR-5994,Intune,2026-03-01,Enabled,Up-to-Date,Compliant,Compliant,Installed,Healthy,Compliant,None,No,
AST-1995,USR-5995,Intune,2026-03-01,Enabled,Outdated,Unknown,Compliant,Installed,Healthy,Non-Compliant,Patching,Yes,
AST-1996,USR-5996,Intune,2026-03-01,Enabled,Outdated,Compliant,Unknown,Installed,Healthy,Non-Compliant,Antivirus,Yes,
AST-1997,USR-5997,Intune,2026-03-01,Enabled,Outdated,Outdated,Non-Compliant,Missing,Warning,Non-Compliant,Patching,Yes,
AST-1998,USR-5998,Intune,2026-03-01,Unknown,Up-to-Date,Compliant,Unknown,Missing,Healthy,Non-Compliant,BitLocker,Yes,
AST-1999,USR-5999,Intune,2026-03-01,Enabled,Outdated,Compliant,Non-Compliant,Missing,Healthy,Non-Compliant,Proxy,Yes,
AST-2000,USR-6000,Intune,2026-03-01,Enabled,Up-to-Date,Outdated,Compliant,Missing,Healthy,Non-Compliant,Patching,Yes,
AST-2001,USR-6001,Intune,2026-03-01,Enabled,Outdated,Compliant,Compliant,Installed,Healthy,Non-Compliant,Antivirus,Yes,
AST-2002,USR-6002,Intune,2026-03-01,Enabled,Up-to-Date,Compliant,Non-Compliant,Installed,Healthy,Non-Compliant,DLP,Yes,
AST-2003,USR-6003,Intune,2026-03-01,Enabled,Up-to-Date,Compliant,Compliant,Installed,Critical,Non-Compliant,Device Health,Yes,
AST-2004,USR-6004,Intune,2026-03-01,Enabled,Up-to-Date,Pending,Compliant,Missing,Healthy,Non-Compliant,Patching,Yes,
AST-2005,USR-6005,Intune,2026-03-01,Enabled,Outdated,Pending,Compliant,Missing,Healthy,Non-Compliant,Proxy,Yes,
AST-2006,USR-6006,Intune,2026-03-01,Enabled,Up-to-Date,Compliant,Compliant,Installed,Healthy,Compliant,None,No,
AST-2007,USR-6007,Intune,2026-03-01,Disabled,Outdated,Outdated,Compliant,Installed,Critical,Non-Compliant,Device Health,Yes,
AST-2008,USR-6008,Intune,2026-03-01,Enabled,Outdated,Compliant,Compliant,Installed,Healthy,Non-Compliant,Antivirus,Yes,
AST-2009,USR-6009,Intune,2026-03-01,Disabled,Up-to-Date,Unknown,Compliant,Missing,Critical,Non-Compliant,Proxy,Yes,
AST-2010,USR-6010,Intune,2026-03-01,Enabled,Up-to-Date,Compliant,Non-Compliant,Installed,Healthy,Non-Compliant,DLP,Yes,
AST-2011,USR-6011,Intune,2026-03-01,Enabled,Up-to-Date,Pending,Unknown,Installed,Critical,Non-Compliant,Patching,Yes,
AST-2012,USR-6012,Intune,2026-03-01,Unknown,Up-to-Date,Compliant,Compliant,Installed,Healthy,Non-Compliant,BitLocker,Yes,
AST-2013,USR-6013,Intune,2026-03-01,Enabled,Outdated,Compliant,Compliant,Installed,Healthy,Non-Compliant,Antivirus,Yes,
AST-2014,USR-6014,Intune,2026-03-01,Enabled,Outdated,Pending,Compliant,Missing,Warning,Non-Compliant,Proxy,Yes,
AST-2015,USR-6015,Intune,2026-03-01,Enabled,Up-to-Date,Compliant,Compliant,Installed,Warning,Compliant,None,No,
AST-2016,USR-6016,Intune,2026-03-01,Enabled,Outdated,Pending,Non-Compliant,Installed,Critical,Non-Compliant,DLP,Yes,
AST-2017,USR-6017,Intune,2026-03-01,Disabled,Up-to-Date,Compliant,Compliant,Installed,Healthy,Non-Compliant,BitLocker,Yes,
AST-2018,USR-6018,Intune,2026-03-01,Enabled,Missing,Pending,Non-Compliant,Installed,Healthy,Non-Compliant,Patching,Yes,
AST-2019,USR-6019,Intune,2026-03-01,Enabled,Up-to-Date,Compliant,Compliant,Missing,Healthy,Non-Compliant,Proxy,Yes,
AST-2020,USR-6020,Intune,2026-03-01,Enabled,Up-to-Date,Compliant,Compliant,Installed,Warning,Compliant,None,No,
AST-2021,USR-6021,Intune,2026-03-01,Disabled,Outdated,Compliant,Compliant,Installed,Healthy,Non-Compliant,BitLocker,Yes,
AST-2022,USR-6022,Intune,2026-03-01,Unknown,Up-to-Date,Compliant,Compliant,Installed,Healthy,Non-Compliant,BitLocker,Yes,
AST-2023,USR-6023,Intune,2026-03-01,Enabled,Outdated,Compliant,Non-Compliant,Installed,Healthy,Non-Compliant,Antivirus,Yes,
AST-2024,USR-6024,Intune,2026-03-01,Enabled,Up-to-Date,Outdated,Compliant,Installed,Critical,Non-Compliant,Patching,Yes,
AST-2025,USR-6025,Intune,2026-03-01,Disabled,Up-to-Date,Compliant,Unknown,Missing,Healthy,Non-Compliant,DLP,Yes,
AST-2026,USR-6026,Intune,2026-03-01,Disabled,Up-to-Date,Outdated,Compliant,Unknown,Warning,Non-Compliant,Patching,Yes,
AST-2027,USR-6027,Intune,2026-03-01,Enabled,Outdated,Outdated,Compliant,Unknown,Warning,Non-Compliant,Patching,Yes,
AST-2028,USR-6028,Intune,2026-03-01,Enabled,Up-to-Date,Pending,Non-Compliant,Installed,Warning,Non-Compliant,DLP,Yes,
AST-2029,USR-6029,Intune,2026-03-01,Enabled,Up-to-Date,Compliant,Non-Compliant,Installed,Healthy,Non-Compliant,DLP,Yes,
AST-2030,USR-6030,Intune,2026-03-01,Enabled,Up-to-Date,Outdated,Compliant,Installed,Healthy,Non-Compliant,Patching,Yes,
AST-2031,USR-6031,Intune,2026-03-01,Enabled,Outdated,Pending,Compliant,Installed,Healthy,Non-Compliant,Antivirus,Yes,
AST-2032,USR-6032,Intune,2026-03-01,Unknown,Outdated,Compliant,Compliant,Installed,Healthy,Non-Compliant,Antivirus,Yes,
AST-2033,USR-6033,Intune,2026-03-01,Unknown,Outdated,Compliant,Compliant,Missing,Healthy,Non-Compliant,BitLocker,Yes,
AST-2034,USR-6034,Intune,2026-03-01,Disabled,Outdated,Compliant,Compliant,Installed,Healthy,Non-Compliant,Antivirus,Yes,
AST-2035,USR-6035,Intune,2026-03-01,Enabled,Outdated,Compliant,Non-Compliant,Installed,Warning,Non-Compliant,DLP,Yes,
AST-2036,USR-6036,Intune,2026-03-01,Enabled,Outdated,Compliant,Compliant,Installed,Healthy,Non-Compliant,Antivirus,Yes,
AST-2037,USR-6037,Intune,2026-03-01,Enabled,Up-to-Date,Compliant,Compliant,Missing,Critical,Non-Compliant,Device Health,Yes,
AST-2038,USR-6038,Intune,2026-03-01,Disabled,Up-to-Date,Compliant,Non-Compliant,Missing,Healthy,Non-Compliant,DLP,Yes,
AST-2039,USR-6039,Intune,2026-03-01,Unknown,Outdated,Compliant,Compliant,Installed,Healthy,Non-Compliant,Antivirus,Yes,
AST-2040,USR-6040,Intune,2026-03-01,Enabled,Outdated,Pending,Compliant,Missing,Healthy,Non-Compliant,Antivirus,Yes,
AST-2041,USR-6041,Intune,2026-03-01,Enabled,Outdated,Unknown,Compliant,Installed,Warning,Non-Compliant,Antivirus,Yes,
AST-2042,USR-6042,Intune,2026-03-01,Enabled,Missing,Compliant,Compliant,Installed,Healthy,Non-Compliant,Antivirus,Yes,
AST-2043,USR-6043,Intune,2026-03-01,Enabled,Up-to-Date,Compliant,Non-Compliant,Installed,Critical,Non-Compliant,DLP,Yes,
AST-2044,USR-6044,Intune,2026-03-01,Disabled,Outdated,Unknown,Compliant,Missing,Warning,Non-Compliant,Proxy,Yes,
AST-2045,USR-6045,Intune,2026-03-01,Unknown,Up-to-Date,Outdated,Compliant,Installed,Critical,Non-Compliant,BitLocker,Yes,
AST-2046,USR-6046,Intune,2026-03-01,Enabled,Up-to-Date,Compliant,Non-Compliant,Installed,Healthy,Non-Compliant,DLP,Yes,
AST-2047,USR-6047,Intune,2026-03-01,Disabled,Outdated,Pending,Non-Compliant,Unknown,Healthy,Non-Compliant,Patching,Yes,
AST-2048,USR-6048,Intune,2026-03-01,Disabled,Outdated,Pending,Non-Compliant,Installed,Healthy,Non-Compliant,Patching,Yes,
AST-2049,USR-6049,Intune,2026-03-01,Enabled,Outdated,Compliant,Non-Compliant,Installed,Healthy,Non-Compliant,DLP,Yes,
AST-2050,USR-6050,Intune,2026-03-01,Enabled,Outdated,Compliant,Compliant,Installed,Warning,Non-Compliant,Antivirus,Yes,
AST-2051,USR-6051,Intune,2026-03-01,Enabled,Up-to-Date,Outdated,Compliant,Installed,Healthy,Non-Compliant,Patching,Yes,
AST-2052,USR-6052,Intune,2026-03-01,Enabled,Outdated,Outdated,Compliant,Installed,Critical,Non-Compliant,Device Health,Yes,
AST-2053,USR-6053,Intune,2026-03-01,Enabled,Missing,Compliant,Non-Compliant,Missing,Warning,Non-Compliant,DLP,Yes,
AST-2054,USR-6054,Intune,2026-03-01,Enabled,Up-to-Date,Compliant,Unknown,Installed,Warning,Non-Compliant,DLP,Yes,
AST-2055,USR-6055,Intune,2026-03-01,Disabled,Outdated,Compliant,Compliant,Installed,Healthy,Non-Compliant,BitLocker,Yes,
AST-2056,USR-6056,Intune,2026-03-01,Enabled,Up-to-Date,Compliant,Compliant,Installed,Healthy,Compliant,None,No,
AST-2057,USR-6057,Intune,2026-03-01,Disabled,Missing,Compliant,Compliant,Installed,Warning,Non-Compliant,Antivirus,Yes,
AST-2058,USR-6058,Intune,2026-03-01,Enabled,Up-to-Date,Pending,Non-Compliant,Installed,Healthy,Non-Compliant,DLP,Yes,
AST-2059,USR-6059,Intune,2026-03-01,Disabled,Outdated,Outdated,Non-Compliant,Installed,Critical,Non-Compliant,Patching,Yes,
AST-2060,USR-6060,Intune,2026-03-01,Enabled,Up-to-Date,Compliant,Non-Compliant,Unknown,Healthy,Non-Compliant,DLP,Yes,
AST-2061,USR-6061,Intune,2026-03-01,Enabled,Up-to-Date,Pending,Non-Compliant,Installed,Healthy,Non-Compliant,Patching,Yes,
AST-2062,USR-6062,Intune,2026-03-01,Disabled,Outdated,Unknown,Non-Compliant,Installed,Healthy,Non-Compliant,Antivirus,Yes,
AST-2063,USR-6063,Intune,2026-03-01,Enabled,Outdated,Pending,Non-Compliant,Installed,Healthy,Non-Compliant,DLP,Yes,
AST-2064,USR-6064,Intune,2026-03-01,Disabled,Outdated,Pending,Compliant,Unknown,Healthy,Non-Compliant,BitLocker,Yes,
AST-2065,USR-6065,Intune,2026-03-01,Enabled,Missing,Compliant,Compliant,Installed,Warning,Non-Compliant,Antivirus,Yes,
AST-2066,USR-6066,Intune,2026-03-01,Enabled,Outdated,Compliant,Unknown,Installed,Warning,Non-Compliant,DLP,Yes,
AST-2067,USR-6067,Intune,2026-03-01,Enabled,Outdated,Compliant,Compliant,Missing,Healthy,Non-Compliant,Proxy,Yes,
AST-2068,USR-6068,Intune,2026-03-01,Disabled,Up-to-Date,Compliant,Unknown,Installed,Healthy,Non-Compliant,BitLocker,Yes,
AST-2069,USR-6069,Intune,2026-03-01,Enabled,Up-to-Date,Compliant,Compliant,Unknown,Healthy,Non-Compliant,Proxy,Yes,
AST-2070,USR-6070,Intune,2026-03-01,Enabled,Up-to-Date,Compliant,Compliant,Installed,Healthy,Compliant,None,No,
AST-2071,USR-6071,Intune,2026-03-01,Enabled,Outdated,Compliant,Compliant,Installed,Critical,Non-Compliant,Antivirus,Yes,
AST-2072,USR-6072,Intune,2026-03-01,Enabled,Up-to-Date,Compliant,Non-Compliant,Installed,Warning,Non-Compliant,DLP,Yes,
AST-2073,USR-6073,Intune,2026-03-01,Unknown,Up-to-Date,Pending,Compliant,Installed,Healthy,Non-Compliant,Patching,Yes,
AST-2074,USR-6074,Intune,2026-03-01,Enabled,Missing,Outdated,Non-Compliant,Installed,Critical,Non-Compliant,DLP,Yes,
AST-2075,USR-6075,Intune,2026-03-01,Enabled,Up-to-Date,Pending,Compliant,Installed,Warning,Non-Compliant,Patching,Yes,
AST-2076,USR-6076,Intune,2026-03-01,Enabled,Up-to-Date,Outdated,Compliant,Installed,Healthy,Non-Compliant,Patching,Yes,
AST-2077,USR-6077,Intune,2026-03-01,Disabled,Up-to-Date,Pending,Compliant,Missing,Warning,Non-Compliant,Patching,Yes,
AST-2078,USR-6078,Intune,2026-03-01,Enabled,Up-to-Date,Compliant,Compliant,Installed,Healthy,Compliant,None,No,
AST-2079,USR-6079,Intune,2026-03-01,Enabled,Up-to-Date,Outdated,Compliant,Installed,Warning,Non-Compliant,Patching,Yes,
AST-2080,USR-6080,Intune,2026-03-01,Enabled,Up-to-Date,Compliant,Non-Compliant,Installed,Healthy,Non-Compliant,DLP,Yes,
AST-2081,USR-6081,Intune,2026-03-01,Unknown,Outdated,Pending,Compliant,Installed,Healthy,Non-Compliant,Patching,Yes,
AST-2082,USR-6082,Intune,2026-03-01,Disabled,Up-to-Date,Compliant,Non-Compliant,Missing,Critical,Non-Compliant,Device Health,Yes,
AST-2083,USR-6083,Intune,2026-03-01,Enabled,Up-to-Date,Pending,Non-Compliant,Installed,Healthy,Non-Compliant,DLP,Yes,
AST-2084,USR-6084,Intune,2026-03-01,Enabled,Up-to-Date,Compliant,Non-Compliant,Missing,Healthy,Non-Compliant,DLP,Yes,
AST-2085,USR-6085,Intune,2026-03-01,Enabled,Outdated,Compliant,Compliant,Installed,Warning,Non-Compliant,Antivirus,Yes,
AST-2086,USR-6086,Intune,2026-03-01,Unknown,Outdated,Pending,Compliant,Installed,Warning,Non-Compliant,Antivirus,Yes,
AST-2087,USR-6087,Intune,2026-03-01,Enabled,Up-to-Date,Compliant,Unknown,Installed,Healthy,Non-Compliant,DLP,Yes,
AST-2088,USR-6088,Intune,2026-03-01,Enabled,Up-to-Date,Compliant,Compliant,Installed,Healthy,Compliant,None,No,
AST-2089,USR-6089,Intune,2026-03-01,Enabled,Up-to-Date,Compliant,Non-Compliant,Installed,Healthy,Non-Compliant,DLP,Yes,
AST-2090,USR-6090,Intune,2026-03-01,Unknown,Up-to-Date,Compliant,Compliant,Installed,Warning,Non-Compliant,BitLocker,Yes,
AST-2091,USR-6091,Intune,2026-03-01,Enabled,Up-to-Date,Unknown,Compliant,Installed,Healthy,Non-Compliant,Patching,Yes,
AST-2092,USR-6092,Intune,2026-03-01,Enabled,Up-to-Date,Compliant,Compliant,Installed,Warning,Compliant,None,No,
AST-2093,USR-6093,Intune,2026-03-01,Enabled,Up-to-Date,Pending,Non-Compliant,Missing,Warning,Non-Compliant,DLP,Yes,
AST-2094,USR-6094,Intune,2026-03-01,Disabled,Up-to-Date,Compliant,Unknown,Installed,Critical,Non-Compliant,BitLocker,Yes,
AST-2095,USR-6095,Intune,2026-03-01,Enabled,Up-to-Date,Unknown,Unknown,Missing,Healthy,Non-Compliant,Patching,Yes,
AST-2096,USR-6096,Intune,2026-03-01,Enabled,Outdated,Outdated,Unknown,Installed,Healthy,Non-Compliant,Antivirus,Yes,
AST-2097,USR-6097,Intune,2026-03-01,Enabled,Up-to-Date,Compliant,Compliant,Installed,Warning,Compliant,None,No,
AST-2098,USR-6098,Intune,2026-03-01,Unknown,Outdated,Pending,Compliant,Installed,Warning,Non-Compliant,Antivirus,Yes,
AST-2099,USR-6099,Intune,2026-03-01,Enabled,Up-to-Date,Compliant,Non-Compliant,Unknown,Warning,Non-Compliant,Proxy,Yes,
AST-2100,USR-6100,Intune,2026-03-01,Enabled,Missing,Compliant,Unknown,Installed,Healthy,Non-Compliant,Antivirus,Yes,
AST-2101,USR-6101,Intune,2026-03-01,Enabled,Up-to-Date,Compliant,Non-Compliant,Missing,Healthy,Non-Compliant,DLP,Yes,
AST-2102,USR-6102,Intune,2026-03-01,Disabled,Outdated,Compliant,Compliant,Missing,Healthy,Non-Compliant,Proxy,Yes,
AST-2103,USR-6103,Intune,2026-03-01,Enabled,Up-to-Date,Outdated,Compliant,Installed,Healthy,Non-Compliant,Patching,Yes,
AST-2104,USR-6104,Intune,2026-03-01,Enabled,Up-to-Date,Pending,Compliant,Installed,Healthy,Non-Compliant,Patching,Yes,
AST-2105,USR-6105,Intune,2026-03-01,Disabled,Up-to-Date,Compliant,Non-Compliant,Installed,Healthy,Non-Compliant,BitLocker,Yes,
AST-2106,USR-6106,Intune,2026-03-01,Enabled,Up-to-Date,Compliant,Compliant,Installed,Healthy,Compliant,None,No,
AST-2107,USR-6107,Intune,2026-03-01,Enabled,Outdated,Outdated,Compliant,Missing,Critical,Non-Compliant,Patching,Yes,
AST-2108,USR-6108,Intune,2026-03-01,Enabled,Missing,Compliant,Compliant,Installed,Critical,Non-Compliant,Device Health,Yes,
AST-2109,USR-6109,Intune,2026-03-01,Enabled,Outdated,Compliant,Compliant,Installed,Healthy,Non-Compliant,Antivirus,Yes,
AST-2110,USR-6110,Intune,2026-03-01,Enabled,Up-to-Date,Outdated,Non-Compliant,Installed,Healthy,Non-Compliant,DLP,Yes,
AST-2111,USR-6111,Intune,2026-03-01,Disabled,Up-to-Date,Compliant,Compliant,Installed,Critical,Non-Compliant,Device Health,Yes,
AST-2112,USR-6112,Intune,2026-03-01,Enabled,Up-to-Date,Compliant,Non-Compliant,Missing,Healthy,Non-Compliant,Proxy,Yes,
AST-2113,USR-6113,Intune,2026-03-01,Enabled,Up-to-Date,Compliant,Compliant,Installed,Healthy,Compliant,None,No,
AST-2114,USR-6114,Intune,2026-03-01,Enabled,Outdated,Outdated,Compliant,Missing,Warning,Non-Compliant,Antivirus,Yes,
AST-2115,USR-6115,Intune,2026-03-01,Enabled,Outdated,Compliant,Compliant,Installed,Healthy,Non-Compliant,Antivirus,Yes,
AST-2116,USR-6116,Intune,2026-03-01,Disabled,Up-to-Date,Pending,Compliant,Installed,Healthy,Non-Compliant,BitLocker,Yes,
AST-2117,USR-6117,Intune,2026-03-01,Unknown,Up-to-Date,Outdated,Compliant,Installed,Healthy,Non-Compliant,BitLocker,Yes,
AST-2118,USR-6118,Intune,2026-03-01,Enabled,Up-to-Date,Pending,Compliant,Installed,Healthy,Non-Compliant,Patching,Yes,
AST-2119,USR-6119,Intune,2026-03-01,Enabled,Up-to-Date,Compliant,Compliant,Missing,Healthy,Non-Compliant,Proxy,Yes,
AST-2120,USR-6120,Intune,2026-03-01,Enabled,Outdated,Outdated,Compliant,Installed,Critical,Non-Compliant,Device Health,Yes,
AST-2121,USR-6121,Intune,2026-03-01,Enabled,Up-to-Date,Compliant,Compliant,Missing,Healthy,Non-Compliant,Proxy,Yes,
AST-2122,USR-6122,Intune,2026-03-01,Enabled,Outdated,Outdated,Compliant,Missing,Healthy,Non-Compliant,Antivirus,Yes,
AST-2123,USR-6123,Intune,2026-03-01,Disabled,Up-to-Date,Outdated,Compliant,Installed,Healthy,Non-Compliant,BitLocker,Yes,
AST-2124,USR-6124,Intune,2026-03-01,Enabled,Up-to-Date,Compliant,Compliant,Installed,Healthy,Compliant,None,No,
AST-2125,USR-6125,Intune,2026-03-01,Enabled,Outdated,Compliant,Unknown,Installed,Critical,Non-Compliant,Antivirus,Yes,
AST-2126,USR-6126,Intune,2026-03-01,Enabled,Up-to-Date,Compliant,Compliant,Installed,Healthy,Compliant,None,No,
AST-2127,USR-6127,Intune,2026-03-01,Disabled,Up-to-Date,Compliant,Compliant,Installed,Warning,Non-Compliant,BitLocker,Yes,
AST-2128,USR-6128,Intune,2026-03-01,Enabled,Up-to-Date,Outdated,Compliant,Missing,Warning,Non-Compliant,Proxy,Yes,
AST-2129,USR-6129,Intune,2026-03-01,Disabled,Outdated,Unknown,Non-Compliant,Installed,Critical,Non-Compliant,Device Health,Yes,
AST-2130,USR-6130,Intune,2026-03-01,Disabled,Up-to-Date,Outdated,Compliant,Installed,Healthy,Non-Compliant,Patching,Yes,
AST-2131,USR-6131,Intune,2026-03-01,Disabled,Outdated,Compliant,Compliant,Missing,Healthy,Non-Compliant,BitLocker,Yes,
AST-2132,USR-6132,Intune,2026-03-01,Enabled,Outdated,Unknown,Compliant,Installed,Warning,Non-Compliant,Antivirus,Yes,
AST-2133,USR-6133,Intune,2026-03-01,Disabled,Up-to-Date,Pending,Compliant,Missing,Healthy,Non-Compliant,BitLocker,Yes,
AST-2134,USR-6134,Intune,2026-03-01,Enabled,Outdated,Compliant,Compliant,Missing,Critical,Non-Compliant,Proxy,Yes,
AST-2135,USR-6135,Intune,2026-03-01,Disabled,Up-to-Date,Compliant,Compliant,Installed,Healthy,Non-Compliant,BitLocker,Yes,
AST-2136,USR-6136,Intune,2026-03-01,Disabled,Up-to-Date,Compliant,Compliant,Installed,Healthy,Non-Compliant,BitLocker,Yes,
AST-2137,USR-6137,Intune,2026-03-01,Enabled,Up-to-Date,Pending,Compliant,Installed,Warning,Non-Compliant,Patching,Yes,
AST-2138,USR-6138,Intune,2026-03-01,Enabled,Missing,Compliant,Non-Compliant,Unknown,Healthy,Non-Compliant,DLP,Yes,
AST-2139,USR-6139,Intune,2026-03-01,Enabled,Outdated,Compliant,Compliant,Missing,Warning,Non-Compliant,Proxy,Yes,
AST-2140,USR-6140,Intune,2026-03-01,Enabled,Up-to-Date,Compliant,Non-Compliant,Installed,Healthy,Non-Compliant,DLP,Yes,
AST-2141,USR-6141,Intune,2026-03-01,Enabled,Outdated,Pending,Compliant,Missing,Healthy,Non-Compliant,Proxy,Yes,
AST-2142,USR-6142,Intune,2026-03-01,Enabled,Up-to-Date,Pending,Compliant,Installed,Healthy,Non-Compliant,Patching,Yes,
AST-2143,USR-6143,Intune,2026-03-01,Enabled,Outdated,Pending,Compliant,Installed,Healthy,Non-Compliant,Antivirus,Yes,
AST-2144,USR-6144,Intune,2026-03-01,Disabled,Up-to-Date,Pending,Compliant,Installed,Critical,Non-Compliant,Device Health,Yes,
AST-2145,USR-6145,Intune,2026-03-01,Enabled,Outdated,Pending,Non-Compliant,Installed,Healthy,Non-Compliant,DLP,Yes,
AST-2146,USR-6146,Intune,2026-03-01,Enabled,Outdated,Compliant,Non-Compliant,Installed,Healthy,Non-Compliant,DLP,Yes,
AST-2147,USR-6147,Intune,2026-03-01,Unknown,Up-to-Date,Compliant,Unknown,Installed,Healthy,Non-Compliant,DLP,Yes,
AST-2148,USR-6148,Intune,2026-03-01,Disabled,Outdated,Pending,Non-Compliant,Unknown,Critical,Non-Compliant,Patching,Yes,
AST-2149,USR-6149,Intune,2026-03-01,Enabled,Up-to-Date,Compliant,Non-Compliant,Installed,Healthy,Non-Compliant,DLP,Yes,
AST-2150,USR-6150,Intune,2026-03-01,Enabled,Missing,Outdated,Non-Compliant,Installed,Critical,Non-Compliant,Antivirus,Yes,
AST-2151,USR-6151,Intune,2026-03-01,Enabled,Up-to-Date,Outdated,Compliant,Installed,Healthy,Non-Compliant,Patching,Yes,
AST-2152,USR-6152,Intune,2026-03-01,Enabled,Up-to-Date,Compliant,Non-Compliant,Installed,Critical,Non-Compliant,DLP,Yes,
AST-2153,USR-6153,Intune,2026-03-01,Enabled,Up-to-Date,Pending,Unknown,Installed,Warning,Non-Compliant,Patching,Yes,
AST-2154,USR-6154,Intune,2026-03-01,Disabled,Outdated,Pending,Compliant,Installed,Healthy,Non-Compliant,Antivirus,Yes,
AST-2155,USR-6155,Intune,2026-03-01,Enabled,Outdated,Compliant,Compliant,Installed,Critical,Non-Compliant,Device Health,Yes,
AST-2156,USR-6156,Intune,2026-03-01,Enabled,Up-to-Date,Compliant,Non-Compliant,Installed,Healthy,Non-Compliant,DLP,Yes,
AST-2157,USR-6157,Intune,2026-03-01,Enabled,Outdated,Compliant,Non-Compliant,Installed,Warning,Non-Compliant,Antivirus,Yes,
AST-2158,USR-6158,Intune,2026-03-01,Unknown,Up-to-Date,Compliant,Compliant,Installed,Healthy,Non-Compliant,BitLocker,Yes,
AST-2159,USR-6159,Intune,2026-03-01,Disabled,Outdated,Compliant,Compliant,Installed,Healthy,Non-Compliant,Antivirus,Yes,
AST-2160,USR-6160,Intune,2026-03-01,Enabled,Outdated,Pending,Compliant,Missing,Critical,Non-Compliant,Antivirus,Yes,
AST-2161,USR-6161,Intune,2026-03-01,Enabled,Up-to-Date,Pending,Unknown,Installed,Healthy,Non-Compliant,DLP,Yes,
AST-2162,USR-6162,Intune,2026-03-01,Enabled,Up-to-Date,Outdated,Compliant,Installed,Healthy,Non-Compliant,Patching,Yes,
AST-2163,USR-6163,Intune,2026-03-01,Enabled,Up-to-Date,Pending,Unknown,Installed,Healthy,Non-Compliant,DLP,Yes,
AST-2164,USR-6164,Intune,2026-03-01,Unknown,Outdated,Unknown,Compliant,Unknown,Warning,Non-Compliant,BitLocker,Yes,
AST-2165,USR-6165,Intune,2026-03-01,Disabled,Outdated,Outdated,Compliant,Missing,Healthy,Non-Compliant,Proxy,Yes,
AST-2166,USR-6166,Intune,2026-03-01,Enabled,Outdated,Pending,Compliant,Installed,Healthy,Non-Compliant,Antivirus,Yes,
AST-2167,USR-6167,Intune,2026-03-01,Disabled,Up-to-Date,Pending,Compliant,Installed,Healthy,Non-Compliant,BitLocker,Yes,
AST-2168,USR-6168,Intune,2026-03-01,Enabled,Up-to-Date,Pending,Unknown,Installed,Healthy,Non-Compliant,Patching,Yes,
AST-2169,USR-6169,Intune,2026-03-01,Enabled,Up-to-Date,Pending,Non-Compliant,Installed,Healthy,Non-Compliant,Patching,Yes,
AST-2170,USR-6170,Intune,2026-03-01,Enabled,Up-to-Date,Pending,Compliant,Installed,Warning,Non-Compliant,Patching,Yes,
AST-2171,USR-6171,Intune,2026-03-01,Enabled,Up-to-Date,Outdated,Compliant,Installed,Healthy,Non-Compliant,Patching,Yes,
AST-2172,USR-6172,Intune,2026-03-01,Enabled,Up-to-Date,Compliant,Compliant,Installed,Healthy,Compliant,None,No,
AST-2173,USR-6173,Intune,2026-03-01,Enabled,Up-to-Date,Compliant,Compliant,Installed,Healthy,Compliant,None,No,
AST-2174,USR-6174,Intune,2026-03-01,Enabled,Outdated,Compliant,Compliant,Installed,Healthy,Non-Compliant,Antivirus,Yes,
AST-2175,USR-6175,Intune,2026-03-01,Enabled,Outdated,Outdated,Compliant,Installed,Warning,Non-Compliant,Antivirus,Yes,
AST-2176,USR-6176,Intune,2026-03-01,Enabled,Up-to-Date,Pending,Non-Compliant,Installed,Healthy,Non-Compliant,DLP,Yes,
AST-2177,USR-6177,Intune,2026-03-01,Enabled,Outdated,Outdated,Compliant,Installed,Warning,Non-Compliant,Antivirus,Yes,
AST-2178,USR-6178,Intune,2026-03-01,Enabled,Up-to-Date,Compliant,Compliant,Installed,Healthy,Compliant,None,No,
AST-2179,USR-6179,Intune,2026-03-01,Enabled,Up-to-Date,Outdated,Non-Compliant,Installed,Healthy,Non-Compliant,DLP,Yes,
AST-2180,USR-6180,Intune,2026-03-01,Enabled,Up-to-Date,Compliant,Compliant,Installed,Healthy,Compliant,None,No,
AST-2181,USR-6181,Intune,2026-03-01,Enabled,Outdated,Outdated,Compliant,Installed,Healthy,Non-Compliant,Patching,Yes,
AST-2182,USR-6182,Intune,2026-03-01,Enabled,Up-to-Date,Pending,Non-Compliant,Missing,Warning,Non-Compliant,Patching,Yes,
AST-2183,USR-6183,Intune,2026-03-01,Enabled,Up-to-Date,Pending,Non-Compliant,Installed,Healthy,Non-Compliant,DLP,Yes,
AST-2184,USR-6184,Intune,2026-03-01,Enabled,Up-to-Date,Compliant,Compliant,Installed,Healthy,Compliant,None,No,
AST-2185,USR-6185,Intune,2026-03-01,Enabled,Missing,Outdated,Compliant,Unknown,Healthy,Non-Compliant,Patching,Yes,
AST-2186,USR-6186,Intune,2026-03-01,Unknown,Outdated,Compliant,Compliant,Installed,Healthy,Non-Compliant,BitLocker,Yes,
AST-2187,USR-6187,Intune,2026-03-01,Enabled,Up-to-Date,Compliant,Non-Compliant,Missing,Warning,Non-Compliant,DLP,Yes,
AST-2188,USR-6188,Intune,2026-03-01,Unknown,Outdated,Compliant,Compliant,Installed,Healthy,Non-Compliant,Antivirus,Yes,
AST-2189,USR-6189,Intune,2026-03-01,Enabled,Up-to-Date,Compliant,Non-Compliant,Missing,Healthy,Non-Compliant,DLP,Yes,
AST-2190,USR-6190,Intune,2026-03-01,Enabled,Outdated,Compliant,Compliant,Installed,Healthy,Non-Compliant,Antivirus,Yes,
AST-2191,USR-6191,Intune,2026-03-01,Enabled,Outdated,Outdated,Compliant,Installed,Warning,Non-Compliant,Patching,Yes,
AST-2192,USR-6192,Intune,2026-03-01,Disabled,Outdated,Compliant,Non-Compliant,Installed,Warning,Non-Compliant,Antivirus,Yes,
AST-2193,USR-6193,Intune,2026-03-01,Enabled,Up-to-Date,Outdated,Compliant,Installed,Warning,Non-Compliant,Patching,Yes,
AST-2194,USR-6194,Intune,2026-03-01,Enabled,Up-to-Date,Pending,Non-Compliant,Installed,Warning,Non-Compliant,Patching,Yes,
AST-2195,USR-6195,Intune,2026-03-01,Enabled,Up-to-Date,Compliant,Compliant,Installed,Warning,Compliant,None,No,
AST-2196,USR-6196,Intune,2026-03-01,Enabled,Missing,Compliant,Compliant,Missing,Warning,Non-Compliant,Antivirus,Yes,
AST-2197,USR-6197,Intune,2026-03-01,Enabled,Outdated,Compliant,Compliant,Installed,Healthy,Non-Compliant,Antivirus,Yes,
AST-2198,USR-6198,Intune,2026-03-01,Disabled,Up-to-Date,Compliant,Compliant,Installed,Warning,Non-Compliant,BitLocker,Yes,
AST-2199,USR-6199,Intune,2026-03-01,Unknown,Outdated,Compliant,Non-Compliant,Installed,Warning,Non-Compliant,BitLocker,Yes,
AST-2200,USR-6200,Intune,2026-03-01,Disabled,Up-to-Date,Compliant,Compliant,Installed,Healthy,Non-Compliant,BitLocker,Yes,
